tag,t,label,occupancy,top_row,spread,head_mm,dist_mm,slump,recline,drowsy,nod_rate,phi,delta
,1746.493,BASELINE,0.5785,0.0000,1.0000,302.4,0.0,0.000,0.000,0.000,3.50,0.000,0.000
,1746.498,UPRIGHT,0.5785,0.0000,1.0000,302.4,-9.8,0.000,0.000,0.292,3.50,0.752,0.248
,1746.507,UPRIGHT,0.5785,0.0000,1.0000,302.4,-9.8,0.000,0.000,0.292,3.50,0.752,0.248
,1746.511,UPRIGHT,0.5838,0.0000,1.0000,283.5,-9.8,0.000,0.000,0.292,3.50,0.630,0.248
,1746.516,UPRIGHT,0.5838,0.0000,1.0000,283.5,-18.9,0.000,0.000,0.292,3.50,0.752,0.248
,1746.520,UPRIGHT,0.5838,0.0000,1.0000,283.5,-18.9,0.000,0.000,0.292,3.50,0.752,0.248
,1746.525,UPRIGHT,0.5838,0.0000,1.0000,283.5,-18.9,0.000,0.000,0.292,3.50,0.752,0.248
,1746.530,UPRIGHT,0.5838,0.0000,1.0000,283.5,-18.9,0.000,0.000,0.291,3.50,0.752,0.248
,1746.538,UPRIGHT,0.5838,0.0000,1.0000,283.5,-18.9,0.000,0.000,0.291,3.50,0.752,0.248
,1746.543,UPRIGHT,0.5838,0.0000,1.0000,283.5,-18.9,0.000,0.000,0.291,3.49,0.752,0.248
,1746.553,UPRIGHT,0.5838,0.0000,1.0000,283.5,-18.9,0.000,0.000,0.291,3.49,0.753,0.247
,1746.558,UPRIGHT,0.5838,0.0000,1.0000,283.5,-18.9,0.000,0.000,0.291,3.49,0.753,0.247
,1746.563,UPRIGHT,0.5838,0.0000,1.0000,283.5,-18.9,0.000,0.000,0.291,3.49,0.753,0.247
,1746.567,UPRIGHT,0.5838,0.0000,1.0000,283.5,-18.9,0.000,0.000,0.291,3.49,0.753,0.247
,1746.584,UPRIGHT,0.5802,0.0000,1.0000,283.5,-14.3,0.000,0.000,0.291,3.49,0.631,0.247
,1746.589,UPRIGHT,0.5802,0.0000,1.0000,283.5,-18.9,0.000,0.000,0.290,3.49,0.753,0.247
,1746.593,UPRIGHT,0.5802,0.0000,1.0000,283.5,-18.9,0.000,0.000,0.290,3.48,0.753,0.247
,1746.598,UPRIGHT,0.5802,0.0000,1.0000,283.5,-18.9,0.000,0.000,0.290,3.48,0.753,0.247
,1746.602,UPRIGHT,0.5802,0.0000,1.0000,283.5,-18.9,0.000,0.000,0.290,3.48,0.753,0.247
,1746.615,UPRIGHT,0.5802,0.0000,1.0000,283.5,-18.9,0.000,0.000,0.290,3.48,0.753,0.247
,1746.620,UPRIGHT,0.5802,0.0000,1.0000,283.5,-18.9,0.000,0.000,0.290,3.48,0.754,0.246
,1746.624,UPRIGHT,0.5802,0.0000,1.0000,283.5,-18.9,0.000,0.000,0.290,3.48,0.754,0.246
,1746.631,UPRIGHT,0.5802,0.0000,1.0000,283.5,-18.9,0.000,0.000,0.290,3.48,0.754,0.246
,1746.635,UPRIGHT,0.5802,0.0000,1.0000,283.5,-18.9,0.000,0.000,0.290,3.48,0.754,0.246
,1746.640,UPRIGHT,0.5802,0.0000,1.0000,283.5,-18.9,0.000,0.000,0.290,3.47,0.754,0.246
,1746.645,UPRIGHT,0.5802,0.0000,1.0000,283.5,-18.9,0.000,0.000,0.290,3.47,0.754,0.246
,1746.662,UPRIGHT,0.5802,0.0000,1.0000,283.5,-18.9,0.000,0.000,0.289,3.47,0.754,0.246
,1746.667,UPRIGHT,0.5802,0.0000,1.0000,283.5,-18.9,0.000,0.000,0.289,3.47,0.754,0.246
,1746.672,UPRIGHT,0.5802,0.0000,1.0000,283.5,-18.9,0.000,0.000,0.289,3.47,0.754,0.246
,1746.677,UPRIGHT,0.5802,0.0000,1.0000,283.5,-18.9,0.000,0.000,0.289,3.47,0.754,0.246
,1746.682,UPRIGHT,0.5802,0.0000,1.0000,283.5,-18.9,0.000,0.000,0.289,3.47,0.754,0.246
,1746.687,UPRIGHT,0.5802,0.0000,1.0000,283.5,-18.9,0.000,0.000,0.289,3.47,0.755,0.245
,1746.694,UPRIGHT,0.5802,0.0000,1.0000,283.5,-18.9,0.000,0.000,0.289,3.46,0.755,0.245
,1746.698,UPRIGHT,0.5974,0.0000,1.0000,252.0,-18.9,0.000,0.000,0.289,3.46,0.372,0.245
,1746.709,UPRIGHT,0.5974,0.0000,1.0000,252.0,-18.9,0.000,0.000,0.288,3.46,0.755,0.245
,1746.714,UPRIGHT,0.5974,0.0000,1.0000,252.0,-18.9,0.000,0.000,0.288,3.46,0.755,0.245
,1746.718,UPRIGHT,0.5974,0.0000,1.0000,252.0,-18.9,0.000,0.000,0.288,3.46,0.755,0.245
,1746.723,UPRIGHT,0.5974,0.0000,1.0000,252.0,-18.9,0.000,0.000,0.288,3.46,0.755,0.245
,1746.727,UPRIGHT,0.5974,0.0000,1.0000,252.0,-18.9,0.000,0.000,0.288,3.46,0.755,0.245
,1746.731,UPRIGHT,0.5974,0.0000,1.0000,252.0,-18.9,0.000,0.000,0.288,3.46,0.755,0.245
,1746.735,UPRIGHT,0.5974,0.0000,1.0000,252.0,-18.9,0.000,0.000,0.288,3.46,0.755,0.245
,1746.740,UPRIGHT,0.5974,0.0000,1.0000,252.0,-18.9,0.000,0.000,0.288,3.46,0.755,0.245
,1746.744,UPRIGHT,0.5974,0.0000,1.0000,252.0,-18.9,0.000,0.000,0.288,3.45,0.755,0.245
,1746.748,UPRIGHT,0.5974,0.0000,1.0000,252.0,-18.9,0.000,0.000,0.288,3.45,0.755,0.245
,1746.757,UPRIGHT,0.5974,0.0000,1.0000,252.0,-18.9,0.000,0.000,0.288,3.45,0.756,0.244
,1746.773,UPRIGHT,0.6071,0.0000,1.0000,252.0,-21.1,0.000,0.000,0.287,3.45,0.567,0.244
,1746.778,UPRIGHT,0.6071,0.0000,1.0000,252.0,-23.3,0.000,0.000,0.287,3.45,0.756,0.244
,1746.782,UPRIGHT,0.6071,0.0000,1.0000,252.0,-23.3,0.000,0.000,0.287,3.45,0.756,0.244
,1746.789,UPRIGHT,0.6071,0.0000,1.0000,252.0,-23.3,0.000,0.000,0.287,3.45,0.756,0.244
,1746.793,UPRIGHT,0.6071,0.0000,1.0000,252.0,-23.3,0.000,0.000,0.287,3.44,0.756,0.244
,1746.804,UPRIGHT,0.6071,0.0000,1.0000,252.0,-23.3,0.000,0.000,0.287,3.44,0.756,0.244
,1746.808,UPRIGHT,0.6071,0.0000,1.0000,252.0,-23.3,0.000,0.000,0.287,3.44,0.756,0.244
,1746.813,UPRIGHT,0.6071,0.0000,1.0000,252.0,-23.3,0.000,0.000,0.287,3.44,0.756,0.244
,1746.820,UPRIGHT,0.6071,0.0000,1.0000,252.0,-23.3,0.000,0.000,0.287,3.44,0.756,0.244
,1746.825,UPRIGHT,0.5895,0.0000,1.0000,288.0,-23.3,0.000,0.000,0.287,3.44,0.390,0.244
,1746.829,UPRIGHT,0.5895,0.0000,1.0000,288.0,-23.3,0.000,0.000,0.286,3.44,0.757,0.243
,1746.833,UPRIGHT,0.5895,0.0000,1.0000,288.0,-23.3,0.000,0.000,0.286,3.44,0.757,0.243
,1746.838,UPRIGHT,0.5895,0.0000,1.0000,288.0,-23.3,0.000,0.000,0.286,3.44,0.757,0.243
,1746.842,UPRIGHT,0.5895,0.0000,1.0000,288.0,-23.3,0.000,0.000,0.286,3.43,0.757,0.243
,1746.846,UPRIGHT,0.5895,0.0000,1.0000,288.0,-23.3,0.000,0.000,0.286,3.43,0.757,0.243
,1746.851,UPRIGHT,0.5895,0.0000,1.0000,288.0,-23.3,0.000,0.000,0.286,3.43,0.757,0.243
,1746.855,UPRIGHT,0.5895,0.0000,1.0000,288.0,-23.3,0.000,0.000,0.286,3.43,0.757,0.243
,1746.859,UPRIGHT,0.5895,0.0000,1.0000,288.0,-23.3,0.000,0.000,0.286,3.43,0.757,0.243
,1746.864,UPRIGHT,0.5895,0.0000,1.0000,288.0,-23.3,0.000,0.000,0.286,3.43,0.757,0.243
,1746.868,UPRIGHT,0.5895,0.0000,1.0000,288.0,-18.9,0.000,0.000,0.286,3.43,0.757,0.243
,1746.873,UPRIGHT,0.5895,0.0000,1.0000,288.0,-18.9,0.000,0.000,0.286,3.43,0.757,0.243
,1746.877,UPRIGHT,0.5895,0.0000,1.0000,288.0,-18.9,0.000,0.000,0.286,3.43,0.757,0.243
,1746.881,UPRIGHT,0.5895,0.0000,1.0000,288.0,-18.9,0.000,0.000,0.286,3.43,0.757,0.243
,1746.898,UPRIGHT,0.5922,0.0000,1.0000,283.5,-18.9,0.000,0.000,0.285,3.42,0.657,0.243
,1746.903,UPRIGHT,0.5922,0.0000,1.0000,283.5,-18.9,0.000,0.000,0.285,3.42,0.758,0.242
,1746.907,UPRIGHT,0.5922,0.0000,1.0000,283.5,-18.9,0.000,0.000,0.285,3.42,0.758,0.242
,1746.911,UPRIGHT,0.5922,0.0000,1.0000,283.5,-18.9,0.000,0.000,0.285,3.42,0.758,0.242
,1746.915,UPRIGHT,0.5922,0.0000,1.0000,283.5,-18.9,0.000,0.000,0.285,3.42,0.758,0.242
,1746.929,UPRIGHT,0.5922,0.0000,1.0000,283.5,-18.9,0.000,0.000,0.285,3.42,0.758,0.242
,1746.934,UPRIGHT,0.5922,0.0000,1.0000,283.5,-18.9,0.000,0.000,0.285,3.42,0.758,0.242
,1746.938,UPRIGHT,0.5922,0.0000,1.0000,283.5,-18.9,0.000,0.000,0.285,3.42,0.758,0.242
,1746.942,UPRIGHT,0.5922,0.0000,1.0000,283.5,-18.9,0.000,0.000,0.285,3.42,0.758,0.242
,1746.961,UPRIGHT,0.5922,0.0000,1.0000,283.5,-18.9,0.000,0.000,0.284,3.41,0.758,0.242
,1746.968,UPRIGHT,0.5922,0.0000,1.0000,283.5,-18.9,0.000,0.000,0.284,3.41,0.758,0.242
,1746.974,UPRIGHT,0.5922,0.0000,1.0000,283.5,-18.9,0.000,0.000,0.284,3.41,0.759,0.241
,1746.978,UPRIGHT,0.5922,0.0000,1.0000,283.5,-18.9,0.000,0.000,0.284,3.41,0.759,0.241
,1746.982,UPRIGHT,0.5922,0.0000,1.0000,283.5,-18.9,0.000,0.000,0.284,3.41,0.759,0.241
,1746.986,UPRIGHT,0.5922,0.0000,1.0000,283.5,-18.9,0.000,0.000,0.284,3.41,0.759,0.241
,1746.990,UPRIGHT,0.5922,0.0000,1.0000,283.5,-18.9,0.000,0.000,0.284,3.41,0.759,0.241
,1746.995,UPRIGHT,0.5922,0.0000,1.0000,283.5,-18.9,0.000,0.000,0.284,3.41,0.759,0.241
,1746.999,UPRIGHT,0.5922,0.0000,1.0000,283.5,-18.9,0.000,0.000,0.284,3.40,0.759,0.241
,1747.008,UPRIGHT,0.6138,0.0000,1.0000,255.5,-18.9,0.000,0.000,0.284,3.40,0.363,0.241
,1747.012,UPRIGHT,0.6138,0.0000,1.0000,255.5,-18.9,0.000,0.000,0.283,3.40,0.759,0.241
,1747.016,UPRIGHT,0.6138,0.0000,1.0000,255.5,-18.9,0.000,0.000,0.283,3.40,0.759,0.241
,1747.023,UPRIGHT,0.6138,0.0000,1.0000,255.5,-18.9,0.000,0.000,0.283,3.40,0.759,0.241
,1747.028,UPRIGHT,0.6138,0.0000,1.0000,255.5,-18.9,0.000,0.000,0.283,3.40,0.759,0.241
,1747.039,UPRIGHT,0.6138,0.0000,1.0000,255.5,-18.9,0.000,0.000,0.283,3.40,0.759,0.241
,1747.043,UPRIGHT,0.6138,0.0000,1.0000,255.5,-18.9,0.000,0.000,0.283,3.40,0.759,0.241
,1747.047,UPRIGHT,0.6138,0.0000,1.0000,255.5,-18.9,0.000,0.000,0.283,3.39,0.760,0.240
,1747.051,UPRIGHT,0.6138,0.0000,1.0000,255.5,-18.9,0.000,0.000,0.283,3.39,0.760,0.240
,1747.070,UPRIGHT,0.6138,0.0000,1.0000,255.5,-18.9,0.000,0.000,0.283,3.39,0.760,0.240
,1747.075,UPRIGHT,0.6124,0.0000,1.0000,252.0,-18.9,0.000,0.000,0.282,3.39,0.698,0.240
,1747.079,UPRIGHT,0.6124,0.0000,1.0000,252.0,-18.9,0.000,0.000,0.282,3.39,0.760,0.240
,1747.086,UPRIGHT,0.6124,0.0000,1.0000,252.0,-18.9,0.000,0.000,0.282,3.39,0.760,0.240
,1747.090,UPRIGHT,0.6124,0.0000,1.0000,252.0,-18.9,0.000,0.000,0.282,3.39,0.760,0.240
,1747.102,UPRIGHT,0.6124,0.0000,1.0000,252.0,-18.9,0.000,0.000,0.282,3.38,0.760,0.240
,1747.106,UPRIGHT,0.6124,0.0000,1.0000,252.0,-18.9,0.000,0.000,0.282,3.38,0.760,0.240
,1747.111,UPRIGHT,0.6124,0.0000,1.0000,252.0,-18.9,0.000,0.000,0.282,3.38,0.760,0.240
,1747.115,UPRIGHT,0.6124,0.0000,1.0000,252.0,-18.9,0.000,0.000,0.282,3.38,0.760,0.240
,1747.133,UPRIGHT,0.6124,0.0000,1.0000,252.0,-18.9,0.000,0.000,0.282,3.38,0.761,0.239
,1747.139,UPRIGHT,0.5970,0.0000,1.0000,252.0,-18.9,0.000,0.000,0.281,3.38,0.554,0.239
,1747.144,UPRIGHT,0.5970,0.0000,1.0000,252.0,-18.9,0.000,0.000,0.281,3.38,0.761,0.239
,1747.164,UPRIGHT,0.5970,0.0000,1.0000,252.0,-18.9,0.000,0.000,0.281,3.37,0.761,0.239
,1747.170,UPRIGHT,0.5970,0.0000,1.0000,252.0,-18.9,0.000,0.000,0.281,3.37,0.761,0.239
,1747.175,UPRIGHT,0.5970,0.0000,1.0000,252.0,-18.9,0.000,0.000,0.281,3.37,0.761,0.239
,1747.195,UPRIGHT,0.5970,0.0000,1.0000,252.0,-18.9,0.000,0.000,0.281,3.37,0.762,0.238
,1747.203,UPRIGHT,0.5970,0.0000,1.0000,252.0,-18.9,0.000,0.000,0.280,3.37,0.762,0.238
,1747.208,UPRIGHT,0.5970,0.0000,1.0000,252.0,-18.9,0.000,0.000,0.280,3.36,0.762,0.238
,1747.212,UPRIGHT,0.5970,0.0000,1.0000,252.0,-18.9,0.000,0.000,0.280,3.36,0.762,0.238
,1747.217,UPRIGHT,0.5970,0.0000,1.0000,252.0,-18.9,0.000,0.000,0.280,3.36,0.762,0.238
,1747.225,UPRIGHT,0.5970,0.0000,1.0000,252.0,-18.9,0.000,0.000,0.280,3.36,0.762,0.238
,1747.229,UPRIGHT,0.5970,0.0000,1.0000,252.0,-18.9,0.000,0.000,0.280,3.36,0.762,0.238
,1747.233,UPRIGHT,0.5970,0.0000,1.0000,252.0,-18.9,0.000,0.000,0.280,3.36,0.762,0.238
,1747.237,UPRIGHT,0.5970,0.0000,1.0000,252.0,-18.9,0.000,0.000,0.280,3.36,0.762,0.238
,1747.242,UPRIGHT,0.5970,0.0000,1.0000,252.0,-18.9,0.000,0.000,0.280,3.36,0.762,0.238
,1747.246,UPRIGHT,0.5970,0.0000,1.0000,252.0,-18.9,0.000,0.000,0.280,3.36,0.762,0.238
,1747.250,UPRIGHT,0.5970,0.0000,1.0000,252.0,-18.9,0.000,0.000,0.280,3.36,0.762,0.238
,1747.271,UPRIGHT,0.5855,0.0000,1.0000,235.6,-18.9,0.000,0.000,0.279,3.35,0.314,0.237
,1747.278,UPRIGHT,0.5855,0.0000,1.0000,235.6,-18.9,0.000,0.000,0.279,3.35,0.763,0.237
,1747.283,UPRIGHT,0.5855,0.0000,1.0000,235.6,-18.9,0.000,0.000,0.279,3.35,0.763,0.237
,1747.287,UPRIGHT,0.5855,0.0000,1.0000,235.6,-18.9,0.000,0.000,0.279,3.35,0.763,0.237
,1747.292,UPRIGHT,0.5855,0.0000,1.0000,235.6,-18.9,0.000,0.000,0.279,3.35,0.763,0.237
,1747.302,UPRIGHT,0.5855,0.0000,1.0000,235.6,-18.9,0.000,0.000,0.279,3.35,0.763,0.237
,1747.307,UPRIGHT,0.5855,0.0000,1.0000,235.6,-18.9,0.000,0.000,0.279,3.35,0.763,0.237
,1747.311,UPRIGHT,0.5855,0.0000,1.0000,235.6,-18.9,0.000,0.000,0.279,3.35,0.763,0.237
,1747.315,UPRIGHT,0.5855,0.0000,1.0000,235.6,-18.9,0.000,0.000,0.279,3.34,0.763,0.237
,1747.333,UPRIGHT,0.5979,0.0000,1.0000,283.5,-18.9,0.000,0.000,0.278,3.34,0.584,0.237
,1747.338,UPRIGHT,0.5979,0.0000,1.0000,283.5,-18.9,0.000,0.000,0.278,3.34,0.763,0.237
,1747.343,UPRIGHT,0.5979,0.0000,1.0000,283.5,-18.9,0.000,0.000,0.278,3.34,0.763,0.237
,1747.347,UPRIGHT,0.5979,0.0000,1.0000,283.5,-18.9,0.000,0.000,0.278,3.34,0.764,0.236
,1747.351,UPRIGHT,0.5979,0.0000,1.0000,283.5,-18.9,0.000,0.000,0.278,3.34,0.764,0.236
,1747.356,UPRIGHT,0.5979,0.0000,1.0000,283.5,-18.9,0.000,0.000,0.278,3.34,0.764,0.236
,1747.364,UPRIGHT,0.5979,0.0000,1.0000,283.5,-18.9,0.000,0.000,0.278,3.34,0.764,0.236
,1747.368,UPRIGHT,0.5979,0.0000,1.0000,283.5,-18.9,0.000,0.000,0.278,3.33,0.764,0.236
,1747.373,UPRIGHT,0.5979,0.0000,1.0000,283.5,-18.9,0.000,0.000,0.278,3.33,0.764,0.236
,1747.377,UPRIGHT,0.5979,0.0000,1.0000,283.5,-18.9,0.000,0.000,0.278,3.33,0.764,0.236
,1747.381,UPRIGHT,0.5825,0.0000,1.0000,283.5,-18.9,0.000,0.000,0.278,3.33,0.523,0.236
,1747.396,UPRIGHT,0.5825,0.0000,1.0000,283.5,-18.9,0.000,0.000,0.277,3.33,0.764,0.236
,1747.400,UPRIGHT,0.5825,0.0000,1.0000,283.5,-18.9,0.000,0.000,0.277,3.33,0.764,0.236
,1747.404,UPRIGHT,0.5825,0.0000,1.0000,283.5,-18.9,0.000,0.000,0.277,3.33,0.764,0.236
,1747.409,UPRIGHT,0.5825,0.0000,1.0000,283.5,-18.9,0.000,0.000,0.277,3.33,0.764,0.236
,1747.426,UPRIGHT,0.5825,0.0000,1.0000,283.5,-18.9,0.000,0.000,0.277,3.32,0.765,0.235
,1747.431,UPRIGHT,0.5825,0.0000,1.0000,283.5,-18.9,0.000,0.000,0.277,3.32,0.765,0.235
,1747.442,UPRIGHT,0.5957,0.0000,1.0000,279.1,-18.9,0.000,0.000,0.277,3.32,0.551,0.235
,1747.446,UPRIGHT,0.5957,0.0000,1.0000,279.1,-18.9,0.000,0.000,0.277,3.32,0.765,0.235
,1747.451,UPRIGHT,0.5957,0.0000,1.0000,279.1,-18.9,0.000,0.000,0.277,3.32,0.765,0.235
,1747.457,UPRIGHT,0.5957,0.0000,1.0000,279.1,-18.9,0.000,0.000,0.276,3.32,0.765,0.235
,1747.462,UPRIGHT,0.5957,0.0000,1.0000,279.1,-18.9,0.000,0.000,0.276,3.32,0.765,0.235
,1747.466,UPRIGHT,0.5957,0.0000,1.0000,279.1,-18.9,0.000,0.000,0.276,3.32,0.765,0.235
,1747.470,UPRIGHT,0.5957,0.0000,1.0000,279.1,-18.9,0.000,0.000,0.276,3.32,0.765,0.235
,1747.475,UPRIGHT,0.5957,0.0000,1.0000,279.1,-18.9,0.000,0.000,0.276,3.31,0.765,0.235
,1747.479,UPRIGHT,0.5957,0.0000,1.0000,279.1,-18.9,0.000,0.000,0.276,3.31,0.765,0.235
,1747.489,UPRIGHT,0.5957,0.0000,1.0000,279.1,-18.9,0.000,0.000,0.276,3.31,0.765,0.235
,1747.493,UPRIGHT,0.5957,0.0000,1.0000,279.1,-18.9,0.000,0.000,0.276,3.31,0.765,0.235
,1747.497,UPRIGHT,0.5957,0.0000,1.0000,279.1,-18.9,0.000,0.000,0.276,3.31,0.765,0.235
,1747.504,UPRIGHT,0.5957,0.0000,1.0000,279.1,-18.9,0.000,0.000,0.276,3.31,0.766,0.234
,1747.509,UPRIGHT,0.5957,0.0000,1.0000,279.1,-18.9,0.000,0.000,0.276,3.31,0.766,0.234
,1747.513,UPRIGHT,0.5957,0.0000,1.0000,279.1,-18.9,0.000,0.000,0.276,3.31,0.766,0.234
,1747.520,UPRIGHT,0.5957,0.0000,1.0000,279.1,-18.9,0.000,0.000,0.276,3.31,0.766,0.234
,1747.524,UPRIGHT,0.5957,0.0000,1.0000,279.1,-18.9,0.000,0.000,0.275,3.31,0.766,0.234
,1747.528,UPRIGHT,0.5957,0.0000,1.0000,279.1,-18.9,0.000,0.000,0.275,3.30,0.766,0.234
,1747.533,UPRIGHT,0.5957,0.0000,1.0000,279.1,-18.9,0.000,0.000,0.275,3.30,0.766,0.234
,1747.551,UPRIGHT,0.5957,0.0000,1.0000,279.1,-18.9,0.000,0.000,0.275,3.30,0.766,0.234
,1747.556,UPRIGHT,0.5957,0.0000,1.0000,279.1,-18.9,0.000,0.000,0.275,3.30,0.766,0.234
,1747.561,UPRIGHT,0.5957,0.0000,1.0000,279.1,-18.9,0.000,0.000,0.275,3.30,0.766,0.234
,1747.565,UPRIGHT,0.5957,0.0000,1.0000,279.1,-18.9,0.000,0.000,0.275,3.30,0.766,0.234
,1747.570,UPRIGHT,0.5873,0.0000,1.0000,279.1,-18.9,0.000,0.000,0.275,3.30,0.637,0.234
,1747.574,UPRIGHT,0.5873,0.0000,1.0000,279.1,-18.9,0.000,0.000,0.275,3.30,0.766,0.234
,1747.578,UPRIGHT,0.5873,0.0000,1.0000,279.1,-18.9,0.000,0.000,0.275,3.30,0.767,0.233
,1747.583,UPRIGHT,0.5873,0.0000,1.0000,279.1,-18.9,0.000,0.000,0.275,3.30,0.767,0.233
,1747.587,UPRIGHT,0.5873,0.0000,1.0000,279.1,-18.9,0.000,0.000,0.275,3.29,0.767,0.233
,1747.592,UPRIGHT,0.5873,0.0000,1.0000,279.1,-18.9,0.000,0.000,0.274,3.29,0.767,0.233
,1747.596,UPRIGHT,0.5873,0.0000,1.0000,279.1,-18.9,0.000,0.000,0.274,3.29,0.767,0.233
,1747.615,UPRIGHT,0.5873,0.0000,1.0000,279.1,-21.1,0.000,0.000,0.274,3.29,0.767,0.233
,1747.630,UPRIGHT,0.5855,0.0000,1.0000,279.1,-23.3,0.000,0.000,0.274,3.29,0.711,0.233
,1747.635,UPRIGHT,0.5855,0.0000,1.0000,279.1,-23.3,0.000,0.000,0.274,3.29,0.767,0.233
,1747.639,UPRIGHT,0.5855,0.0000,1.0000,279.1,-23.3,0.000,0.000,0.274,3.28,0.767,0.233
,1747.643,UPRIGHT,0.5855,0.0000,1.0000,279.1,-23.3,0.000,0.000,0.274,3.28,0.767,0.233
,1747.648,UPRIGHT,0.5855,0.0000,1.0000,279.1,-23.3,0.000,0.000,0.274,3.28,0.767,0.233
,1747.652,UPRIGHT,0.5855,0.0000,1.0000,279.1,-23.3,0.000,0.000,0.274,3.28,0.767,0.233
,1747.657,UPRIGHT,0.5855,0.0000,1.0000,279.1,-23.3,0.000,0.000,0.273,3.28,0.768,0.232
,1747.661,UPRIGHT,0.5855,0.0000,1.0000,279.1,-23.3,0.000,0.000,0.273,3.28,0.768,0.232
,1747.665,UPRIGHT,0.5855,0.0000,1.0000,279.1,-23.3,0.000,0.000,0.273,3.28,0.768,0.232
,1747.669,UPRIGHT,0.5855,0.0000,1.0000,279.1,-23.3,0.000,0.000,0.273,3.28,0.768,0.232
,1747.674,UPRIGHT,0.5855,0.0000,1.0000,279.1,-23.3,0.000,0.000,0.273,3.28,0.768,0.232
,1747.678,UPRIGHT,0.5855,0.0000,1.0000,279.1,-23.3,0.000,0.000,0.273,3.28,0.768,0.232
,1747.682,UPRIGHT,0.5855,0.0000,1.0000,279.1,-23.3,0.000,0.000,0.273,3.28,0.768,0.232
,1747.686,UPRIGHT,0.5855,0.0000,1.0000,279.1,-23.3,0.000,0.000,0.273,3.28,0.768,0.232
,1747.691,UPRIGHT,0.5855,0.0000,1.0000,279.1,-23.3,0.000,0.000,0.273,3.28,0.768,0.232
,1747.696,UPRIGHT,0.5855,0.0000,1.0000,283.5,-23.3,0.000,0.000,0.273,3.27,0.520,0.232
,1747.700,UPRIGHT,0.5855,0.0000,1.0000,283.5,-23.3,0.000,0.000,0.273,3.27,0.768,0.232
,1747.708,UPRIGHT,0.5855,0.0000,1.0000,283.5,-23.3,0.000,0.000,0.273,3.27,0.768,0.232
,1747.712,UPRIGHT,0.5855,0.0000,1.0000,283.5,-23.3,0.000,0.000,0.273,3.27,0.768,0.232
,1747.716,UPRIGHT,0.5855,0.0000,1.0000,283.5,-23.3,0.000,0.000,0.273,3.27,0.768,0.232
,1747.723,UPRIGHT,0.5855,0.0000,1.0000,283.5,-23.3,0.000,0.000,0.272,3.27,0.768,0.232
,1747.728,UPRIGHT,0.5855,0.0000,1.0000,283.5,-23.3,0.000,0.000,0.272,3.27,0.768,0.232
,1747.732,UPRIGHT,0.5855,0.0000,1.0000,283.5,-23.3,0.000,0.000,0.272,3.27,0.768,0.232
,1747.736,UPRIGHT,0.5855,0.0000,1.0000,283.5,-23.3,0.000,0.000,0.272,3.27,0.769,0.231
,1747.741,UPRIGHT,0.5855,0.0000,1.0000,283.5,-23.3,0.000,0.000,0.272,3.27,0.769,0.231
,1747.754,UPRIGHT,0.5855,0.0000,1.0000,283.5,-23.3,0.000,0.000,0.272,3.26,0.769,0.231
,1747.770,UPRIGHT,0.5855,0.0000,1.0000,283.5,-23.3,0.000,0.000,0.272,3.26,0.769,0.231
,1747.778,UPRIGHT,0.5855,0.0000,1.0000,283.5,-23.3,0.000,0.000,0.272,3.26,0.769,0.231
,1747.783,UPRIGHT,0.5855,0.0000,1.0000,283.5,-23.3,0.000,0.000,0.272,3.26,0.769,0.231
,1747.801,UPRIGHT,0.5855,0.0000,1.0000,283.5,-23.3,0.000,0.000,0.271,3.26,0.769,0.231
,1747.805,UPRIGHT,0.5855,0.0000,1.0000,283.5,-23.3,0.000,0.000,0.271,3.26,0.769,0.231
,1747.809,UPRIGHT,0.5855,0.0000,1.0000,283.5,-23.3,0.000,0.000,0.271,3.25,0.769,0.231
,1747.814,UPRIGHT,0.5855,0.0000,1.0000,283.5,-23.3,0.000,0.000,0.271,3.25,0.770,0.230
,1747.818,UPRIGHT,0.5917,0.0000,1.0000,283.5,-23.3,0.000,0.000,0.271,3.25,0.532,0.230
,1747.823,UPRIGHT,0.5917,0.0000,1.0000,283.5,-23.3,0.000,0.000,0.271,3.25,0.770,0.230
,1747.827,UPRIGHT,0.5917,0.0000,1.0000,283.5,-23.3,0.000,0.000,0.271,3.25,0.770,0.230
,1747.847,UPRIGHT,0.5917,0.0000,1.0000,283.5,-23.3,0.000,0.000,0.271,3.25,0.770,0.230
,1747.852,UPRIGHT,0.5917,0.0000,1.0000,283.5,-23.3,0.000,0.000,0.271,3.25,0.770,0.230
,1747.856,UPRIGHT,0.5917,0.0000,1.0000,283.5,-23.3,0.000,0.000,0.271,3.25,0.770,0.230
,1747.861,UPRIGHT,0.5917,0.0000,1.0000,283.5,-23.3,0.000,0.000,0.270,3.25,0.770,0.230
,1747.865,UPRIGHT,0.5917,0.0000,1.0000,283.5,-23.3,0.000,0.000,0.270,3.24,0.770,0.230
,1747.870,UPRIGHT,0.5917,0.0000,1.0000,283.5,-23.3,0.000,0.000,0.270,3.24,0.770,0.230
,1747.875,UPRIGHT,0.5917,0.0000,1.0000,283.5,-23.3,0.000,0.000,0.270,3.24,0.770,0.230
,1747.880,UPRIGHT,0.5772,0.0000,1.0000,279.1,-23.3,0.000,0.000,0.270,3.24,0.584,0.230
,1747.884,UPRIGHT,0.5772,0.0000,1.0000,279.1,-23.3,0.000,0.000,0.270,3.24,0.770,0.230
,1747.888,UPRIGHT,0.5772,0.0000,1.0000,279.1,-23.3,0.000,0.000,0.270,3.24,0.770,0.230
,1747.893,UPRIGHT,0.5772,0.0000,1.0000,279.1,-23.3,0.000,0.000,0.270,3.24,0.771,0.229
,1747.909,UPRIGHT,0.5772,0.0000,1.0000,279.1,-23.3,0.000,0.000,0.270,3.24,0.771,0.229
,1747.913,UPRIGHT,0.5772,0.0000,1.0000,279.1,-23.3,0.000,0.000,0.270,3.24,0.771,0.229
,1747.917,UPRIGHT,0.5772,0.0000,1.0000,279.1,-23.3,0.000,0.000,0.270,3.24,0.771,0.229
,1747.921,UPRIGHT,0.5772,0.0000,1.0000,279.1,-23.3,0.000,0.000,0.270,3.23,0.771,0.229
,1747.926,UPRIGHT,0.5772,0.0000,1.0000,279.1,-23.3,0.000,0.000,0.270,3.23,0.771,0.229
,1747.930,UPRIGHT,0.5772,0.0000,1.0000,279.1,-23.3,0.000,0.000,0.269,3.23,0.771,0.229
,1747.940,UPRIGHT,0.6107,0.0000,1.0000,248.5,-23.3,0.000,0.000,0.269,3.23,0.318,0.229
,1747.944,UPRIGHT,0.6107,0.0000,1.0000,248.5,-23.3,0.000,0.000,0.269,3.23,0.771,0.229
,1747.948,UPRIGHT,0.6107,0.0000,1.0000,248.5,-23.3,0.000,0.000,0.269,3.23,0.771,0.229
,1747.955,UPRIGHT,0.6107,0.0000,1.0000,248.5,-23.3,0.000,0.000,0.269,3.23,0.771,0.229
,1747.960,UPRIGHT,0.6107,0.0000,1.0000,248.5,-23.3,0.000,0.000,0.269,3.23,0.771,0.229
,1747.964,UPRIGHT,0.6107,0.0000,1.0000,248.5,-23.3,0.000,0.000,0.269,3.23,0.771,0.229
,1747.971,UPRIGHT,0.6107,0.0000,1.0000,248.5,-23.3,0.000,0.000,0.269,3.23,0.771,0.229
,1747.976,UPRIGHT,0.6107,0.0000,1.0000,248.5,-23.3,0.000,0.000,0.269,3.23,0.772,0.228
,1747.980,UPRIGHT,0.6107,0.0000,1.0000,248.5,-23.3,0.000,0.000,0.269,3.22,0.772,0.228
,1747.984,UPRIGHT,0.6107,0.0000,1.0000,248.5,-23.3,0.000,0.000,0.269,3.22,0.772,0.228
,1747.989,UPRIGHT,0.6107,0.0000,1.0000,248.5,-23.3,0.000,0.000,0.269,3.22,0.772,0.228
,1747.993,UPRIGHT,0.6107,0.0000,1.0000,248.5,-23.3,0.000,0.000,0.269,3.22,0.772,0.228
,1748.003,UPRIGHT,0.6133,0.0000,1.0000,252.0,-23.3,0.000,0.000,0.268,3.22,0.726,0.228
,1748.008,UPRIGHT,0.6133,0.0000,1.0000,252.0,-23.3,0.000,0.000,0.268,3.22,0.772,0.228
,1748.012,UPRIGHT,0.6133,0.0000,1.0000,252.0,-23.3,0.000,0.000,0.268,3.22,0.772,0.228
,1748.017,UPRIGHT,0.6133,0.0000,1.0000,252.0,-23.3,0.000,0.000,0.268,3.22,0.772,0.228
,1748.034,UPRIGHT,0.6133,0.0000,1.0000,252.0,-23.3,0.000,0.000,0.268,3.22,0.772,0.228
,1748.039,UPRIGHT,0.6133,0.0000,1.0000,252.0,-23.3,0.000,0.000,0.268,3.21,0.772,0.228
,1748.044,UPRIGHT,0.6133,0.0000,1.0000,252.0,-23.3,0.000,0.000,0.268,3.21,0.772,0.228
,1748.049,UPRIGHT,0.6133,0.0000,1.0000,252.0,-23.3,0.000,0.000,0.268,3.21,0.772,0.228
,1748.053,UPRIGHT,0.6133,0.0000,1.0000,252.0,-23.3,0.000,0.000,0.268,3.21,0.772,0.228
,1748.057,UPRIGHT,0.6133,0.0000,1.0000,252.0,-23.3,0.000,0.000,0.268,3.21,0.773,0.227
,1748.065,UPRIGHT,0.6133,0.0000,1.0000,252.0,-23.3,0.000,0.000,0.268,3.21,0.773,0.227
,1748.069,UPRIGHT,0.6133,0.0000,1.0000,252.0,-23.3,0.000,0.000,0.267,3.21,0.773,0.227
,1748.074,UPRIGHT,0.6133,0.0000,1.0000,252.0,-23.3,0.000,0.000,0.267,3.21,0.773,0.227
,1748.078,UPRIGHT,0.6133,0.0000,1.0000,252.0,-23.3,0.000,0.000,0.267,3.21,0.773,0.227
,1748.082,UPRIGHT,0.6133,0.0000,1.0000,252.0,-23.3,0.000,0.000,0.267,3.21,0.773,0.227
,1748.087,UPRIGHT,0.6133,0.0000,1.0000,252.0,-23.3,0.000,0.000,0.267,3.21,0.773,0.227
,1748.091,UPRIGHT,0.6133,0.0000,1.0000,252.0,-23.3,0.000,0.000,0.267,3.21,0.773,0.227
,1748.095,UPRIGHT,0.6133,0.0000,1.0000,252.0,-23.3,0.000,0.000,0.267,3.20,0.773,0.227
,1748.112,UPRIGHT,0.6133,0.0000,1.0000,252.0,-23.3,0.000,0.000,0.267,3.20,0.773,0.227
,1748.117,UPRIGHT,0.6133,0.0000,1.0000,252.0,-23.3,0.000,0.000,0.267,3.20,0.773,0.227
,1748.121,UPRIGHT,0.6133,0.0000,1.0000,252.0,-23.3,0.000,0.000,0.267,3.20,0.773,0.227
,1748.125,UPRIGHT,0.6133,0.0000,1.0000,252.0,-23.3,0.000,0.000,0.267,3.20,0.773,0.227
,1748.130,UPRIGHT,0.6076,0.0000,1.0000,252.0,-23.3,0.000,0.000,0.267,3.20,0.700,0.227
,1748.134,UPRIGHT,0.6076,0.0000,1.0000,252.0,-23.3,0.000,0.000,0.267,3.20,0.773,0.227
,1748.142,UPRIGHT,0.6076,0.0000,1.0000,252.0,-23.3,0.000,0.000,0.266,3.20,0.774,0.226
,1748.147,UPRIGHT,0.6076,0.0000,1.0000,252.0,-23.3,0.000,0.000,0.266,3.20,0.774,0.226
,1748.151,UPRIGHT,0.6076,0.0000,1.0000,252.0,-23.3,0.000,0.000,0.266,3.20,0.774,0.226
,1748.157,UPRIGHT,0.6076,0.0000,1.0000,252.0,-23.3,0.000,0.000,0.266,3.19,0.774,0.226
,1748.162,UPRIGHT,0.6076,0.0000,1.0000,252.0,-23.3,0.000,0.000,0.266,3.19,0.774,0.226
,1748.167,UPRIGHT,0.6076,0.0000,1.0000,252.0,-23.3,0.000,0.000,0.266,3.19,0.774,0.226
,1748.172,UPRIGHT,0.6076,0.0000,1.0000,252.0,-23.3,0.000,0.000,0.266,3.19,0.774,0.226
,1748.176,UPRIGHT,0.6076,0.0000,1.0000,252.0,-23.3,0.000,0.000,0.266,3.19,0.774,0.226
,1748.180,UPRIGHT,0.6076,0.0000,1.0000,252.0,-23.3,0.000,0.000,0.266,3.19,0.774,0.226
,1748.189,UPRIGHT,0.6076,0.0000,1.0000,252.0,-23.3,0.000,0.000,0.266,3.19,0.774,0.226
,1748.193,UPRIGHT,0.5767,0.0000,1.0000,279.1,-23.3,0.000,0.000,0.266,3.19,0.353,0.226
,1748.197,UPRIGHT,0.5767,0.0000,1.0000,279.1,-23.3,0.000,0.000,0.266,3.19,0.774,0.226
,1748.201,UPRIGHT,0.5767,0.0000,1.0000,279.1,-23.3,0.000,0.000,0.266,3.19,0.774,0.226
,1748.206,UPRIGHT,0.5767,0.0000,1.0000,279.1,-23.3,0.000,0.000,0.266,3.19,0.774,0.226
,1748.211,UPRIGHT,0.5767,0.0000,1.0000,279.1,-23.3,0.000,0.000,0.265,3.19,0.774,0.226
,1748.215,UPRIGHT,0.5767,0.0000,1.0000,279.1,-23.3,0.000,0.000,0.265,3.18,0.774,0.226
,1748.235,UPRIGHT,0.5767,0.0000,1.0000,279.1,-23.3,0.000,0.000,0.265,3.18,0.775,0.225
,1748.242,UPRIGHT,0.5767,0.0000,1.0000,279.1,-23.3,0.000,0.000,0.265,3.18,0.775,0.225
,1748.247,UPRIGHT,0.5767,0.0000,1.0000,279.1,-23.3,0.000,0.000,0.265,3.18,0.775,0.225
,1748.267,UPRIGHT,0.6111,0.0000,1.0000,263.0,-23.3,0.000,0.000,0.265,3.18,0.000,0.225
,1748.274,UPRIGHT,0.6111,0.0000,1.0000,263.0,-23.3,0.000,0.000,0.265,3.17,0.775,0.225
,1748.282,UPRIGHT,0.6111,0.0000,1.0000,263.0,-23.3,0.000,0.000,0.264,3.17,0.775,0.225
,1748.298,UPRIGHT,0.6111,0.0000,1.0000,263.0,-23.3,0.000,0.000,0.264,3.17,0.775,0.225
,1748.305,UPRIGHT,0.6111,0.0000,1.0000,263.0,-23.3,0.000,0.000,0.264,3.17,0.776,0.224
,1748.310,UPRIGHT,0.6111,0.0000,1.0000,263.0,-23.3,0.000,0.000,0.264,3.17,0.776,0.224
,1748.314,UPRIGHT,0.2897,0.0000,1.0000,263.0,-23.3,0.000,0.000,0.264,3.17,0.000,0.224
,1748.318,UPRIGHT,0.2897,0.0000,1.0000,263.0,-23.3,0.000,0.000,0.264,3.17,0.776,0.224
,1748.323,UPRIGHT,0.2897,0.0000,1.0000,263.0,-23.3,0.000,0.000,0.264,3.17,0.776,0.224
,1748.327,UPRIGHT,0.2897,0.0000,1.0000,263.0,-23.3,0.000,0.000,0.264,3.17,0.776,0.224
,1748.332,UPRIGHT,0.2897,0.0000,1.0000,263.0,-23.3,0.000,0.000,0.264,3.16,0.776,0.224
,1748.336,UPRIGHT,0.2897,0.0000,1.0000,263.0,-23.3,0.000,0.000,0.264,3.16,0.776,0.224
,1748.340,UPRIGHT,0.2897,0.0000,1.0000,263.0,-23.3,0.000,0.000,0.264,3.16,0.776,0.224
,1748.345,UPRIGHT,0.2897,0.0000,1.0000,263.0,-23.3,0.000,0.000,0.264,3.16,0.776,0.224
,1748.361,UPRIGHT,0.2897,0.0000,1.0000,263.0,-23.3,0.000,0.000,0.263,3.16,0.776,0.224
,1748.376,UPRIGHT,0.2897,0.0000,1.0000,263.0,-23.3,0.000,0.000,0.263,3.16,0.776,0.224
,1748.383,UPRIGHT,0.2897,0.0000,1.0000,263.0,-23.3,0.000,0.000,0.263,3.16,0.776,0.224
,1748.391,UPRIGHT,0.2897,0.0000,1.0000,263.0,-23.3,0.000,0.000,0.263,3.16,0.777,0.223
,1748.395,UPRIGHT,0.2897,0.0000,1.0000,263.0,-23.3,0.000,0.000,0.263,3.15,0.777,0.223
,1748.399,UPRIGHT,0.2897,0.0000,1.0000,263.0,-23.3,0.000,0.000,0.263,3.15,0.777,0.223
,1748.406,UPRIGHT,0.2897,0.0000,1.0000,263.0,-23.3,0.000,0.000,0.263,3.15,0.777,0.223
,1748.411,UPRIGHT,0.2897,0.0000,1.0000,263.0,-23.3,0.000,0.000,0.263,3.15,0.777,0.223
,1748.416,UPRIGHT,0.2897,0.0000,1.0000,263.0,-23.3,0.000,0.000,0.263,3.15,0.777,0.223
,1748.422,UPRIGHT,0.2897,0.0000,1.0000,263.0,-23.3,0.000,0.000,0.262,3.15,0.777,0.223
,1748.427,UPRIGHT,0.2897,0.0000,1.0000,263.0,-23.3,0.000,0.000,0.262,3.15,0.777,0.223
,1748.431,UPRIGHT,0.2897,0.0000,1.0000,263.0,-23.3,0.000,0.000,0.262,3.15,0.777,0.223
,1748.438,UPRIGHT,0.2897,0.0000,1.0000,263.0,-23.3,0.000,0.000,0.262,3.15,0.777,0.223
,1748.443,UPRIGHT,0.3258,0.0000,1.0000,394.4,-23.3,0.000,0.000,0.262,3.15,0.217,0.223
,1748.447,UPRIGHT,0.3258,0.0000,1.0000,394.4,-23.3,0.000,0.000,0.262,3.15,0.777,0.223
,1748.454,UPRIGHT,0.3258,0.0000,1.0000,394.4,-23.3,0.000,0.000,0.262,3.14,0.777,0.223
,1748.458,UPRIGHT,0.3258,0.0000,1.0000,394.4,-23.3,0.000,0.000,0.262,3.14,0.777,0.223
,1748.462,UPRIGHT,0.3258,0.0000,1.0000,394.4,-23.3,0.000,0.000,0.262,3.14,0.777,0.223
,1748.469,UPRIGHT,0.3258,0.0000,1.0000,394.4,-23.3,0.000,0.000,0.262,3.14,0.777,0.223
,1748.474,UPRIGHT,0.3258,0.0000,1.0000,394.4,-23.3,0.000,0.000,0.262,3.14,0.777,0.223
,1748.478,UPRIGHT,0.3258,0.0000,1.0000,394.4,-23.3,0.000,0.000,0.262,3.14,0.778,0.222
,1748.485,UPRIGHT,0.3258,0.0000,1.0000,394.4,-23.3,0.000,0.000,0.262,3.14,0.778,0.222
,1748.489,UPRIGHT,0.3258,0.0000,1.0000,394.4,-23.3,0.000,0.000,0.262,3.14,0.778,0.222
,1748.493,UPRIGHT,0.3258,0.0000,1.0000,394.4,-23.3,0.000,0.000,0.262,3.14,0.778,0.222
,1748.498,UPRIGHT,0.3258,0.0000,1.0000,394.4,-23.3,0.000,0.000,0.261,3.14,0.778,0.222
,1748.517,UPRIGHT,0.5895,0.0000,1.0000,274.9,-23.3,0.000,0.000,0.261,3.13,0.000,0.222
,1748.522,UPRIGHT,0.5895,0.0000,1.0000,274.9,-23.3,0.000,0.000,0.261,3.13,0.778,0.222
,1748.527,UPRIGHT,0.5895,0.0000,1.0000,274.9,-23.3,0.000,0.000,0.261,3.13,0.778,0.222
,1748.547,UPRIGHT,0.5895,0.0000,1.0000,274.9,-23.3,0.000,0.000,0.261,3.13,0.778,0.222
,1748.552,UPRIGHT,0.5895,0.0000,1.0000,274.9,-23.3,0.000,0.000,0.261,3.13,0.778,0.222
,1748.563,UPRIGHT,0.5895,0.0000,1.0000,274.9,-23.3,0.000,0.000,0.261,3.13,0.779,0.221
,1748.568,UPRIGHT,0.5895,0.0000,1.0000,274.9,-23.3,0.000,0.000,0.260,3.13,0.779,0.221
,1748.573,UPRIGHT,0.5895,0.0000,1.0000,274.9,-23.3,0.000,0.000,0.260,3.13,0.779,0.221
,1748.577,UPRIGHT,0.5895,0.0000,1.0000,274.9,-23.3,0.000,0.000,0.260,3.12,0.779,0.221
,1748.593,UPRIGHT,0.5895,0.0000,1.0000,274.9,-23.3,0.000,0.000,0.260,3.12,0.779,0.221
,1748.598,UPRIGHT,0.5895,0.0000,1.0000,274.9,-23.3,0.000,0.000,0.260,3.12,0.779,0.221
,1748.602,UPRIGHT,0.5895,0.0000,1.0000,274.9,-23.3,0.000,0.000,0.260,3.12,0.779,0.221
,1748.607,UPRIGHT,0.5895,0.0000,1.0000,274.9,-23.3,0.000,0.000,0.260,3.12,0.779,0.221
,1748.612,UPRIGHT,0.5895,0.0000,1.0000,274.9,-23.3,0.000,0.000,0.260,3.12,0.779,0.221
,1748.616,UPRIGHT,0.5895,0.0000,1.0000,274.9,-23.3,0.000,0.000,0.260,3.12,0.779,0.221
,1748.620,UPRIGHT,0.5895,0.0000,1.0000,274.9,-23.3,0.000,0.000,0.260,3.12,0.779,0.221
,1748.625,UPRIGHT,0.7937,0.0000,1.0000,206.2,-23.3,0.000,0.000,0.260,3.12,0.000,0.221
,1748.630,UPRIGHT,0.7937,0.0000,1.0000,206.2,-23.3,0.000,0.000,0.260,3.12,0.779,0.221
,1748.634,UPRIGHT,0.7937,0.0000,1.0000,206.2,-23.3,0.000,0.000,0.260,3.12,0.779,0.221
,1748.639,UPRIGHT,0.7937,0.0000,1.0000,206.2,-23.3,0.000,0.000,0.260,3.11,0.779,0.221
,1748.644,UPRIGHT,0.7937,0.0000,1.0000,206.2,-23.3,0.000,0.000,0.259,3.11,0.779,0.221
,1748.649,UPRIGHT,0.7937,0.0000,1.0000,206.2,-23.3,0.000,0.000,0.259,3.11,0.780,0.220
,1748.653,UPRIGHT,0.7937,0.0000,1.0000,206.2,-23.3,0.000,0.000,0.259,3.11,0.780,0.220
,1748.657,UPRIGHT,0.7937,0.0000,1.0000,206.2,-23.3,0.000,0.000,0.259,3.11,0.780,0.220
,1748.662,UPRIGHT,0.7937,0.0000,1.0000,206.2,-23.3,0.000,0.000,0.259,3.11,0.780,0.220
,1748.666,UPRIGHT,0.7937,0.0000,1.0000,206.2,-25.4,0.000,0.000,0.259,3.11,0.780,0.220
,1748.670,UPRIGHT,0.7937,0.0000,1.0000,206.2,-27.5,0.000,0.000,0.259,3.11,0.780,0.220
,1748.675,UPRIGHT,0.7937,0.0000,1.0000,206.2,-27.5,0.000,0.000,0.259,3.11,0.780,0.220
,1748.688,UPRIGHT,0.7937,0.0000,1.0000,206.2,-27.5,0.000,0.000,0.259,3.11,0.780,0.220
,1748.704,UPRIGHT,0.3571,0.0000,1.0000,504.0,-27.5,0.000,0.000,0.259,3.10,0.000,0.220
,1748.709,UPRIGHT,0.3571,0.0000,1.0000,504.0,-27.5,0.000,0.000,0.259,3.10,0.780,0.220
,1748.713,UPRIGHT,0.3571,0.0000,1.0000,504.0,-27.5,0.000,0.000,0.259,3.10,0.780,0.220
,1748.719,UPRIGHT,0.3571,0.0000,1.0000,504.0,-27.5,0.000,0.000,0.258,3.10,0.780,0.220
,1748.724,UPRIGHT,0.3571,0.0000,1.0000,504.0,-27.5,0.000,0.000,0.258,3.10,0.780,0.220
,1748.728,UPRIGHT,0.3571,0.0000,1.0000,504.0,-27.5,0.000,0.000,0.258,3.10,0.780,0.220
,1748.735,UPRIGHT,0.3571,0.0000,1.0000,504.0,-27.5,0.000,0.000,0.258,3.10,0.780,0.220
,1748.740,UPRIGHT,0.3571,0.0000,1.0000,504.0,-27.5,0.000,0.000,0.258,3.10,0.781,0.219
,1748.744,UPRIGHT,0.3571,0.0000,1.0000,504.0,-27.5,0.000,0.000,0.258,3.10,0.781,0.219
,1748.748,UPRIGHT,0.3571,0.0000,1.0000,504.0,-27.5,0.000,0.000,0.258,3.10,0.781,0.219
,1748.752,UPRIGHT,0.3611,0.0000,1.0000,453.6,-27.5,0.000,0.000,0.258,3.10,0.603,0.219
,1748.757,UPRIGHT,0.3611,0.0000,1.0000,453.6,-27.5,0.000,0.000,0.258,3.10,0.781,0.219
,1748.761,UPRIGHT,0.3611,0.0000,1.0000,453.6,-27.5,0.000,0.000,0.258,3.09,0.781,0.219
,1748.781,UPRIGHT,0.3611,0.0000,1.0000,453.6,-27.5,0.000,0.000,0.258,3.09,0.781,0.219
,1748.785,UPRIGHT,0.3611,0.0000,1.0000,453.6,-27.5,0.000,0.000,0.258,3.09,0.781,0.219
,1748.790,UPRIGHT,0.3611,0.0000,1.0000,453.6,-27.5,0.000,0.000,0.258,3.09,0.781,0.219
,1748.796,UPRIGHT,0.3611,0.0000,1.0000,453.6,-27.5,0.000,0.000,0.257,3.09,0.781,0.219
,1748.800,UPRIGHT,0.3611,0.0000,1.0000,453.6,-27.5,0.000,0.000,0.257,3.09,0.781,0.219
,1748.805,UPRIGHT,0.3611,0.0000,1.0000,453.6,-27.5,0.000,0.000,0.257,3.09,0.781,0.219
,1748.809,UPRIGHT,0.3611,0.0000,1.0000,453.6,-27.5,0.000,0.000,0.257,3.09,0.781,0.219
,1748.813,UPRIGHT,0.3302,0.0000,1.0000,432.0,-27.5,0.000,0.000,0.257,3.09,0.265,0.219
,1748.818,UPRIGHT,0.3302,0.0000,1.0000,432.0,-27.5,0.000,0.000,0.257,3.09,0.781,0.219
,1748.822,UPRIGHT,0.3302,0.0000,1.0000,432.0,-27.5,0.000,0.000,0.257,3.09,0.781,0.219
,1748.826,UPRIGHT,0.3302,0.0000,1.0000,432.0,-27.5,0.000,0.000,0.257,3.08,0.782,0.218
,1748.831,UPRIGHT,0.3302,0.0000,1.0000,432.0,-27.5,0.000,0.000,0.257,3.08,0.782,0.218
,1748.843,UPRIGHT,0.3302,0.0000,1.0000,432.0,-27.5,0.000,0.000,0.257,3.08,0.782,0.218
,1748.848,UPRIGHT,0.3302,0.0000,1.0000,432.0,-27.5,0.000,0.000,0.257,3.08,0.782,0.218
,1748.858,UPRIGHT,0.3302,0.0000,1.0000,432.0,-27.5,0.000,0.000,0.257,3.08,0.782,0.218
,1748.863,UPRIGHT,0.3302,0.0000,1.0000,432.0,-27.5,0.000,0.000,0.257,3.08,0.782,0.218
,1748.867,UPRIGHT,0.3302,0.0000,1.0000,432.0,-27.5,0.000,0.000,0.257,3.08,0.782,0.218
,1748.871,UPRIGHT,0.3302,0.0000,1.0000,432.0,-27.5,0.000,0.000,0.256,3.08,0.782,0.218
,1748.875,UPRIGHT,0.3302,0.0000,1.0000,432.0,-27.5,0.000,0.000,0.256,3.08,0.782,0.218
,1748.880,UPRIGHT,0.3302,0.0000,1.0000,432.0,-27.5,0.000,0.000,0.256,3.08,0.782,0.218
,1748.884,UPRIGHT,0.3302,0.0000,1.0000,432.0,-27.5,0.000,0.000,0.256,3.08,0.782,0.218
,1748.889,UPRIGHT,0.3302,0.0000,1.0000,432.0,-27.5,0.000,0.000,0.256,3.07,0.782,0.218
,1748.894,UPRIGHT,0.3302,0.0000,1.0000,432.0,-27.5,0.000,0.000,0.256,3.07,0.782,0.218
,1748.899,UPRIGHT,0.3302,0.0000,1.0000,432.0,-27.5,0.000,0.000,0.256,3.07,0.782,0.218
,1748.903,UPRIGHT,0.3302,0.0000,1.0000,432.0,-27.5,0.000,0.000,0.256,3.07,0.782,0.218
,1748.908,UPRIGHT,0.3302,0.0000,1.0000,432.0,-27.5,0.000,0.000,0.256,3.07,0.782,0.218
,1748.920,UPRIGHT,0.3302,0.0000,1.0000,432.0,-27.5,0.000,0.000,0.256,3.07,0.783,0.217
,1748.925,UPRIGHT,0.3302,0.0000,1.0000,432.0,-27.5,0.000,0.000,0.256,3.07,0.783,0.217
,1748.929,UPRIGHT,0.3302,0.0000,1.0000,432.0,-27.5,0.000,0.000,0.256,3.07,0.783,0.217
,1748.936,UPRIGHT,0.3302,0.0000,1.0000,432.0,-27.5,0.000,0.000,0.256,3.07,0.783,0.217
,1748.940,UPRIGHT,0.6111,0.0000,1.0000,266.8,-27.5,0.000,0.000,0.256,3.07,0.000,0.217
,1748.944,UPRIGHT,0.6111,0.0000,1.0000,266.8,-27.5,0.000,0.000,0.255,3.07,0.783,0.217
,1748.949,UPRIGHT,0.6111,0.0000,1.0000,266.8,-27.5,0.000,0.000,0.255,3.07,0.783,0.217
,1748.967,UPRIGHT,0.6111,0.0000,1.0000,266.8,-27.5,0.000,0.000,0.255,3.06,0.783,0.217
,1748.973,UPRIGHT,0.6111,0.0000,1.0000,266.8,-27.5,0.000,0.000,0.255,3.06,0.783,0.217
,1748.982,UPRIGHT,0.6111,0.0000,1.0000,266.8,-27.5,0.000,0.000,0.255,3.06,0.783,0.217
,1748.986,UPRIGHT,0.6111,0.0000,1.0000,266.8,-27.5,0.000,0.000,0.255,3.06,0.783,0.217
,1748.990,UPRIGHT,0.6111,0.0000,1.0000,266.8,-27.5,0.000,0.000,0.255,3.06,0.783,0.217
,1748.994,UPRIGHT,0.6111,0.0000,1.0000,266.8,-27.5,0.000,0.000,0.255,3.06,0.783,0.217
,1749.013,UPRIGHT,0.6089,0.0000,1.0000,266.8,-27.5,0.000,0.000,0.255,3.06,0.444,0.216
,1749.020,UPRIGHT,0.6089,0.0000,1.0000,266.8,-27.5,0.000,0.000,0.255,3.05,0.784,0.216
,1749.026,UPRIGHT,0.6089,0.0000,1.0000,266.8,-31.5,0.000,0.000,0.254,3.05,0.784,0.216
,1749.030,UPRIGHT,0.6089,0.0000,1.0000,266.8,-35.6,0.000,0.000,0.254,3.05,0.784,0.216
,1749.034,UPRIGHT,0.6089,0.0000,1.0000,266.8,-35.6,0.000,0.000,0.254,3.05,0.784,0.216
,1749.039,UPRIGHT,0.6089,0.0000,1.0000,266.8,-35.6,0.000,0.000,0.254,3.05,0.784,0.216
,1749.044,UPRIGHT,0.6089,0.0000,1.0000,266.8,-35.6,0.000,0.000,0.254,3.05,0.784,0.216
,1749.048,UPRIGHT,0.6089,0.0000,1.0000,266.8,-35.6,0.000,0.000,0.254,3.05,0.784,0.216
,1749.053,UPRIGHT,0.6089,0.0000,1.0000,266.8,-35.6,0.000,0.000,0.254,3.05,0.784,0.216
,1749.058,UPRIGHT,0.6089,0.0000,1.0000,266.8,-35.6,0.000,0.000,0.254,3.05,0.784,0.216
,1749.062,UPRIGHT,0.5922,0.0000,1.0000,266.8,-35.6,0.000,0.000,0.254,3.05,0.484,0.216
,1749.067,UPRIGHT,0.5922,0.0000,1.0000,266.8,-35.6,0.000,0.000,0.254,3.05,0.784,0.216
,1749.071,UPRIGHT,0.5922,0.0000,1.0000,266.8,-35.6,0.000,0.000,0.254,3.05,0.784,0.216
,1749.075,UPRIGHT,0.5922,0.0000,1.0000,266.8,-35.6,0.000,0.000,0.254,3.05,0.784,0.216
,1749.080,UPRIGHT,0.5922,0.0000,1.0000,266.8,-35.6,0.000,0.000,0.254,3.04,0.784,0.216
,1749.092,UPRIGHT,0.5922,0.0000,1.0000,266.8,-35.6,0.000,0.000,0.254,3.04,0.784,0.216
,1749.097,UPRIGHT,0.5922,0.0000,1.0000,266.8,-35.6,0.000,0.000,0.254,3.04,0.785,0.215
,1749.108,UPRIGHT,0.5922,0.0000,1.0000,266.8,-35.6,0.000,0.000,0.253,3.04,0.785,0.215
,1749.112,UPRIGHT,0.5922,0.0000,1.0000,266.8,-35.6,0.000,0.000,0.253,3.04,0.785,0.215
,1749.117,UPRIGHT,0.5922,0.0000,1.0000,266.8,-35.6,0.000,0.000,0.253,3.04,0.785,0.215
,1749.123,UPRIGHT,0.6424,0.0000,1.0000,266.8,-35.6,0.000,0.000,0.253,3.04,0.000,0.215
,1749.127,UPRIGHT,0.6424,0.0000,1.0000,266.8,-35.6,0.000,0.000,0.253,3.04,0.785,0.215
,1749.131,UPRIGHT,0.6424,0.0000,1.0000,266.8,-35.6,0.000,0.000,0.253,3.04,0.785,0.215
,1749.139,UPRIGHT,0.6424,0.0000,1.0000,266.8,-35.6,0.000,0.000,0.253,3.04,0.785,0.215
,1749.143,UPRIGHT,0.6424,0.0000,1.0000,266.8,-35.6,0.000,0.000,0.253,3.04,0.785,0.215
,1749.147,UPRIGHT,0.6424,0.0000,1.0000,266.8,-35.6,0.000,0.000,0.253,3.03,0.785,0.215
,1749.154,UPRIGHT,0.6424,0.0000,1.0000,266.8,-35.6,0.000,0.000,0.253,3.03,0.785,0.215
,1749.159,UPRIGHT,0.6424,0.0000,1.0000,266.8,-35.6,0.000,0.000,0.253,3.03,0.785,0.215
,1749.163,UPRIGHT,0.6424,0.0000,1.0000,266.8,-35.6,0.000,0.000,0.253,3.03,0.785,0.215
,1749.170,UPRIGHT,0.6424,0.0000,1.0000,266.8,-35.6,0.000,0.000,0.253,3.03,0.785,0.215
,1749.175,UPRIGHT,0.6424,0.0000,1.0000,266.8,-35.6,0.000,0.000,0.253,3.03,0.785,0.215
,1749.179,UPRIGHT,0.6424,0.0000,1.0000,266.8,-35.6,0.000,0.000,0.252,3.03,0.785,0.215
,1749.183,UPRIGHT,0.6424,0.0000,1.0000,266.8,-35.6,0.000,0.000,0.252,3.03,0.785,0.215
,1749.201,UPRIGHT,0.6424,0.0000,1.0000,266.8,-35.6,0.000,0.000,0.252,3.03,0.786,0.214
,1749.206,UPRIGHT,0.6424,0.0000,1.0000,266.8,-35.6,0.000,0.000,0.252,3.03,0.786,0.214
,1749.210,UPRIGHT,0.6424,0.0000,1.0000,266.8,-35.6,0.000,0.000,0.252,3.02,0.786,0.214
,1749.216,UPRIGHT,0.6424,0.0000,1.0000,266.8,-35.6,0.000,0.000,0.252,3.02,0.786,0.214
,1749.220,UPRIGHT,0.6424,0.0000,1.0000,266.8,-35.6,0.000,0.000,0.252,3.02,0.786,0.214
,1749.224,UPRIGHT,0.6424,0.0000,1.0000,266.8,-35.6,0.000,0.000,0.252,3.02,0.786,0.214
,1749.228,UPRIGHT,0.6424,0.0000,1.0000,266.8,-35.6,0.000,0.000,0.252,3.02,0.786,0.214
,1749.233,UPRIGHT,0.6424,0.0000,1.0000,266.8,-35.6,0.000,0.000,0.252,3.02,0.786,0.214
,1749.248,UPRIGHT,0.6424,0.0000,1.0000,266.8,-35.6,0.000,0.000,0.252,3.02,0.786,0.214
,1749.254,UPRIGHT,0.6371,0.0000,1.0000,266.8,-35.6,0.000,0.000,0.252,3.02,0.671,0.214
,1749.259,UPRIGHT,0.6371,0.0000,1.0000,266.8,-35.6,0.000,0.000,0.251,3.02,0.786,0.214
,1749.263,UPRIGHT,0.6371,0.0000,1.0000,266.8,-35.6,0.000,0.000,0.251,3.02,0.786,0.214
,1749.267,UPRIGHT,0.6371,0.0000,1.0000,266.8,-35.6,0.000,0.000,0.251,3.02,0.786,0.214
,1749.273,UPRIGHT,0.6371,0.0000,1.0000,266.8,-35.6,0.000,0.000,0.251,3.02,0.786,0.214
,1749.277,UPRIGHT,0.6371,0.0000,1.0000,266.8,-35.6,0.000,0.000,0.251,3.01,0.786,0.214
,1749.282,UPRIGHT,0.6371,0.0000,1.0000,266.8,-35.6,0.000,0.000,0.251,3.01,0.787,0.213
,1749.286,UPRIGHT,0.6371,0.0000,1.0000,266.8,-35.6,0.000,0.000,0.251,3.01,0.787,0.213
,1749.290,UPRIGHT,0.6371,0.0000,1.0000,266.8,-35.6,0.000,0.000,0.251,3.01,0.787,0.213
,1749.295,UPRIGHT,0.6371,0.0000,1.0000,266.8,-35.6,0.000,0.000,0.251,3.01,0.787,0.213
,1749.299,UPRIGHT,0.6371,0.0000,1.0000,266.8,-35.6,0.000,0.000,0.251,3.01,0.787,0.213
,1749.311,UPRIGHT,0.6371,0.0000,1.0000,266.8,-35.6,0.000,0.000,0.251,3.01,0.787,0.213
,1749.315,UPRIGHT,0.6358,0.0000,1.0000,266.8,-35.6,0.000,0.000,0.251,3.01,0.573,0.213
,1749.319,UPRIGHT,0.6358,0.0000,1.0000,266.8,-35.6,0.000,0.000,0.251,3.01,0.787,0.213
,1749.324,UPRIGHT,0.6358,0.0000,1.0000,266.8,-35.6,0.000,0.000,0.251,3.01,0.787,0.213
,1749.328,UPRIGHT,0.6358,0.0000,1.0000,266.8,-35.6,0.000,0.000,0.251,3.01,0.787,0.213
,1749.332,UPRIGHT,0.6358,0.0000,1.0000,266.8,-35.6,0.000,0.000,0.251,3.01,0.787,0.213
,1749.336,UPRIGHT,0.6358,0.0000,1.0000,266.8,-35.6,0.000,0.000,0.250,3.01,0.787,0.213
,1749.341,UPRIGHT,0.6358,0.0000,1.0000,266.8,-35.6,0.000,0.000,0.250,3.00,0.787,0.213
,1749.358,UPRIGHT,0.6358,0.0000,1.0000,266.8,-35.6,0.000,0.000,0.250,3.00,0.787,0.213
,1749.363,UPRIGHT,0.6358,0.0000,1.0000,266.8,-35.6,0.000,0.000,0.250,3.00,0.787,0.213
,1749.367,UPRIGHT,0.6358,0.0000,1.0000,266.8,-35.6,0.000,0.000,0.250,3.00,0.787,0.213
,1749.371,UPRIGHT,0.6358,0.0000,1.0000,266.8,-35.6,0.000,0.000,0.250,3.00,0.787,0.213
,1749.375,UPRIGHT,0.6367,0.0000,1.0000,266.8,-35.6,0.000,0.000,0.250,3.00,0.741,0.212
,1749.389,UPRIGHT,0.6367,0.0000,1.0000,266.8,-35.6,0.000,0.000,0.250,3.00,0.788,0.212
,1749.394,UPRIGHT,0.6367,0.0000,1.0000,266.8,-35.6,0.000,0.000,0.250,3.00,0.788,0.212
,1749.405,UPRIGHT,0.6367,0.0000,1.0000,266.8,-35.6,0.000,0.000,0.250,3.00,0.788,0.212
,1749.410,UPRIGHT,0.6367,0.0000,1.0000,266.8,-35.6,0.000,0.000,0.250,2.99,0.788,0.212
,1749.414,UPRIGHT,0.6367,0.0000,1.0000,266.8,-35.6,0.000,0.000,0.250,2.99,0.788,0.212
,1749.421,UPRIGHT,0.6367,0.0000,1.0000,266.8,-35.6,0.000,0.000,0.249,2.99,0.788,0.212
,1749.425,UPRIGHT,0.6367,0.0000,1.0000,266.8,-35.6,0.000,0.000,0.249,2.99,0.788,0.212
,1749.429,UPRIGHT,0.6367,0.0000,1.0000,266.8,-35.6,0.000,0.000,0.249,2.99,0.788,0.212
,1749.434,UPRIGHT,0.6367,0.0000,1.0000,266.8,-35.6,0.000,0.000,0.249,2.99,0.788,0.212
,1749.438,UPRIGHT,0.6367,0.0000,1.0000,266.8,-35.6,0.000,0.000,0.249,2.99,0.788,0.212
,1749.443,UPRIGHT,0.6367,0.0000,1.0000,266.8,-35.6,0.000,0.000,0.249,2.99,0.788,0.212
,1749.447,UPRIGHT,0.6367,0.0000,1.0000,266.8,-35.6,0.000,0.000,0.249,2.99,0.788,0.212
,1749.467,UPRIGHT,0.6367,0.0000,1.0000,266.8,-35.6,0.000,0.000,0.249,2.99,0.788,0.212
,1749.473,UPRIGHT,0.6367,0.0000,1.0000,266.8,-35.6,0.000,0.000,0.249,2.99,0.789,0.211
,1749.478,UPRIGHT,0.6367,0.0000,1.0000,266.8,-35.6,0.000,0.000,0.249,2.98,0.789,0.211
,1749.499,UPRIGHT,0.6367,0.0000,1.0000,266.8,-35.6,0.000,0.000,0.248,2.98,0.789,0.211
,1749.505,UPRIGHT,0.6451,0.0000,1.0000,266.8,-35.6,0.000,0.000,0.248,2.98,0.632,0.211
,1749.510,UPRIGHT,0.6451,0.0000,1.0000,266.8,-35.6,0.000,0.000,0.248,2.98,0.789,0.211
,1749.514,UPRIGHT,0.6451,0.0000,1.0000,266.8,-35.6,0.000,0.000,0.248,2.98,0.789,0.211
,1749.518,UPRIGHT,0.6451,0.0000,1.0000,266.8,-35.6,0.000,0.000,0.248,2.98,0.789,0.211
,1749.523,UPRIGHT,0.6451,0.0000,1.0000,266.8,-35.6,0.000,0.000,0.248,2.98,0.789,0.211
,1749.527,UPRIGHT,0.6451,0.0000,1.0000,266.8,-35.6,0.000,0.000,0.248,2.98,0.789,0.211
,1749.532,UPRIGHT,0.6451,0.0000,1.0000,266.8,-35.6,0.000,0.000,0.248,2.98,0.789,0.211
,1749.536,UPRIGHT,0.6451,0.0000,1.0000,266.8,-35.6,0.000,0.000,0.248,2.98,0.789,0.211
,1749.541,UPRIGHT,0.6451,0.0000,1.0000,266.8,-35.6,0.000,0.000,0.248,2.98,0.789,0.211
,1749.545,UPRIGHT,0.6451,0.0000,1.0000,266.8,-35.6,0.000,0.000,0.248,2.97,0.789,0.211
,1749.549,UPRIGHT,0.6451,0.0000,1.0000,266.8,-35.6,0.000,0.000,0.248,2.97,0.789,0.211
,1749.561,UPRIGHT,0.6451,0.0000,1.0000,266.8,-35.6,0.000,0.000,0.248,2.97,0.789,0.211
,1749.566,UPRIGHT,0.6195,0.0000,1.0000,266.8,-35.6,0.000,0.000,0.248,2.97,0.407,0.210
,1749.577,UPRIGHT,0.6195,0.0000,1.0000,266.8,-35.6,0.000,0.000,0.247,2.97,0.790,0.210
,1749.581,UPRIGHT,0.6195,0.0000,1.0000,266.8,-35.6,0.000,0.000,0.247,2.97,0.790,0.210
,1749.585,UPRIGHT,0.6195,0.0000,1.0000,266.8,-35.6,0.000,0.000,0.247,2.97,0.790,0.210
,1749.589,UPRIGHT,0.6195,0.0000,1.0000,266.8,-35.6,0.000,0.000,0.247,2.97,0.790,0.210
,1749.594,UPRIGHT,0.6195,0.0000,1.0000,266.8,-35.6,0.000,0.000,0.247,2.97,0.790,0.210
,1749.598,UPRIGHT,0.6195,0.0000,1.0000,266.8,-35.6,0.000,0.000,0.247,2.97,0.790,0.210
,1749.602,UPRIGHT,0.6195,0.0000,1.0000,266.8,-35.6,0.000,0.000,0.247,2.97,0.790,0.210
,1749.606,UPRIGHT,0.6195,0.0000,1.0000,266.8,-35.6,0.000,0.000,0.247,2.97,0.790,0.210
,1749.612,UPRIGHT,0.6195,0.0000,1.0000,266.8,-35.6,0.000,0.000,0.247,2.96,0.790,0.210
,1749.623,UPRIGHT,0.5996,0.0000,1.0000,266.8,-35.6,0.000,0.000,0.247,2.96,0.529,0.210
,1749.627,UPRIGHT,0.5996,0.0000,1.0000,266.8,-35.6,0.000,0.000,0.247,2.96,0.790,0.210
,1749.639,UPRIGHT,0.5996,0.0000,1.0000,266.8,-35.6,0.000,0.000,0.247,2.96,0.790,0.210
,1749.644,UPRIGHT,0.5996,0.0000,1.0000,266.8,-35.6,0.000,0.000,0.247,2.96,0.790,0.210
,1749.648,UPRIGHT,0.5996,0.0000,1.0000,266.8,-35.6,0.000,0.000,0.247,2.96,0.790,0.210
,1749.653,UPRIGHT,0.5996,0.0000,1.0000,266.8,-35.6,0.000,0.000,0.247,2.96,0.790,0.210
,1749.658,UPRIGHT,0.5996,0.0000,1.0000,266.8,-35.6,0.000,0.000,0.246,2.96,0.790,0.210
,1749.663,UPRIGHT,0.5996,0.0000,1.0000,266.8,-35.6,0.000,0.000,0.246,2.96,0.791,0.209
,1749.667,UPRIGHT,0.5996,0.0000,1.0000,266.8,-35.6,0.000,0.000,0.246,2.96,0.791,0.209
,1749.671,UPRIGHT,0.5996,0.0000,1.0000,266.8,-35.6,0.000,0.000,0.246,2.96,0.791,0.209
,1749.676,UPRIGHT,0.5996,0.0000,1.0000,266.8,-35.6,0.000,0.000,0.246,2.96,0.791,0.209
,1749.680,UPRIGHT,0.5996,0.0000,1.0000,266.8,-35.6,0.000,0.000,0.246,2.95,0.791,0.209
,1749.684,UPRIGHT,0.5996,0.0000,1.0000,266.8,-35.6,0.000,0.000,0.246,2.95,0.791,0.209
,1749.701,UPRIGHT,0.6107,0.0000,1.0000,266.8,-35.6,0.000,0.000,0.246,2.95,0.587,0.209
,1749.706,UPRIGHT,0.6107,0.0000,1.0000,266.8,-35.6,0.000,0.000,0.246,2.95,0.791,0.209
,1749.710,UPRIGHT,0.6107,0.0000,1.0000,266.8,-35.6,0.000,0.000,0.246,2.95,0.791,0.209
,1749.715,UPRIGHT,0.6107,0.0000,1.0000,266.8,-35.6,0.000,0.000,0.246,2.95,0.791,0.209
,1749.719,UPRIGHT,0.6107,0.0000,1.0000,266.8,-35.6,0.000,0.000,0.246,2.95,0.791,0.209
,1749.724,UPRIGHT,0.6107,0.0000,1.0000,266.8,-35.6,0.000,0.000,0.246,2.95,0.791,0.209
,1749.729,UPRIGHT,0.6107,0.0000,1.0000,266.8,-35.6,0.000,0.000,0.246,2.95,0.791,0.209
,1749.734,UPRIGHT,0.6107,0.0000,1.0000,266.8,-35.6,0.000,0.000,0.246,2.95,0.791,0.209
,1749.738,UPRIGHT,0.6107,0.0000,1.0000,266.8,-35.6,0.000,0.000,0.246,2.95,0.791,0.209
,1749.743,UPRIGHT,0.6107,0.0000,1.0000,266.8,-35.6,0.000,0.000,0.245,2.95,0.791,0.209
,1749.747,UPRIGHT,0.6107,0.0000,1.0000,266.8,-35.6,0.000,0.000,0.245,2.95,0.791,0.209
,1749.752,UPRIGHT,0.6107,0.0000,1.0000,266.8,-35.6,0.000,0.000,0.245,2.94,0.791,0.209
,1749.756,UPRIGHT,0.6107,0.0000,1.0000,266.8,-35.6,0.000,0.000,0.245,2.94,0.791,0.209
,1749.760,UPRIGHT,0.6107,0.0000,1.0000,266.8,-35.6,0.000,0.000,0.245,2.94,0.792,0.208
,1749.765,UPRIGHT,0.6107,0.0000,1.0000,266.8,-35.6,0.000,0.000,0.245,2.94,0.792,0.208
,1749.779,UPRIGHT,0.6107,0.0000,1.0000,266.8,-35.6,0.000,0.000,0.245,2.94,0.792,0.208
,1749.784,UPRIGHT,0.6107,0.0000,1.0000,266.8,-35.6,0.000,0.000,0.245,2.94,0.792,0.208
,1749.788,UPRIGHT,0.6107,0.0000,1.0000,266.8,-35.6,0.000,0.000,0.245,2.94,0.792,0.208
,1749.793,UPRIGHT,0.6107,0.0000,1.0000,266.8,-35.6,0.000,0.000,0.245,2.94,0.792,0.208
,1749.798,UPRIGHT,0.6107,0.0000,1.0000,266.8,-35.6,0.000,0.000,0.245,2.94,0.792,0.208
,1749.811,UPRIGHT,0.6107,0.0000,1.0000,266.8,-35.6,0.000,0.000,0.245,2.94,0.792,0.208
,1749.815,UPRIGHT,0.5926,0.0000,1.0000,266.8,-35.6,0.000,0.000,0.245,2.94,0.542,0.208
,1749.819,UPRIGHT,0.5926,0.0000,1.0000,266.8,-35.6,0.000,0.000,0.245,2.93,0.792,0.208
,1749.824,UPRIGHT,0.5926,0.0000,1.0000,266.8,-35.6,0.000,0.000,0.245,2.93,0.792,0.208
,1749.843,UPRIGHT,0.5926,0.0000,1.0000,266.8,-35.6,0.000,0.000,0.244,2.93,0.792,0.208
,1749.849,UPRIGHT,0.5926,0.0000,1.0000,266.8,-35.6,0.000,0.000,0.244,2.93,0.792,0.208
,1749.854,UPRIGHT,0.5926,0.0000,1.0000,266.8,-35.6,0.000,0.000,0.244,2.93,0.792,0.208
,1749.859,UPRIGHT,0.5926,0.0000,1.0000,266.8,-35.6,0.000,0.000,0.244,2.93,0.793,0.207
,1749.864,UPRIGHT,0.5926,0.0000,1.0000,266.8,-35.6,0.000,0.000,0.244,2.93,0.793,0.207
,1749.875,UPRIGHT,0.5926,0.0000,1.0000,266.8,-35.6,0.000,0.000,0.244,2.93,0.793,0.207
,1749.879,UPRIGHT,0.5904,0.0000,1.0000,266.8,-35.6,0.000,0.000,0.244,2.93,0.752,0.207
,1749.884,UPRIGHT,0.5904,0.0000,1.0000,266.8,-35.6,0.000,0.000,0.244,2.93,0.793,0.207
,1749.889,UPRIGHT,0.5904,0.0000,1.0000,266.8,-35.6,0.000,0.000,0.244,2.92,0.793,0.207
,1749.893,UPRIGHT,0.5904,0.0000,1.0000,266.8,-35.6,0.000,0.000,0.244,2.92,0.793,0.207
,1749.897,UPRIGHT,0.5904,0.0000,1.0000,266.8,-35.6,0.000,0.000,0.244,2.92,0.793,0.207
,1749.905,UPRIGHT,0.5904,0.0000,1.0000,266.8,-35.6,0.000,0.000,0.244,2.92,0.793,0.207
,1749.910,UPRIGHT,0.5904,0.0000,1.0000,266.8,-35.6,0.000,0.000,0.243,2.92,0.793,0.207
,1749.915,UPRIGHT,0.5904,0.0000,1.0000,266.8,-35.6,0.000,0.000,0.243,2.92,0.793,0.207
,1749.919,UPRIGHT,0.5904,0.0000,1.0000,266.8,-35.6,0.000,0.000,0.243,2.92,0.793,0.207
,1749.924,UPRIGHT,0.5904,0.0000,1.0000,266.8,-35.6,0.000,0.000,0.243,2.92,0.793,0.207
,1749.929,UPRIGHT,0.5904,0.0000,1.0000,266.8,-35.6,0.000,0.000,0.243,2.92,0.793,0.207
,1749.933,UPRIGHT,0.5904,0.0000,1.0000,266.8,-35.6,0.000,0.000,0.243,2.92,0.793,0.207
,1749.938,UPRIGHT,0.5957,0.0000,1.0000,266.8,-35.6,0.000,0.000,0.243,2.92,0.665,0.207
,1749.943,UPRIGHT,0.5957,0.0000,1.0000,266.8,-35.6,0.000,0.000,0.243,2.92,0.793,0.207
,1749.948,UPRIGHT,0.5957,0.0000,1.0000,266.8,-35.6,0.000,0.000,0.243,2.92,0.793,0.207
,1749.967,UPRIGHT,0.5957,0.0000,1.0000,266.8,-35.6,0.000,0.000,0.243,2.91,0.794,0.206
,1749.972,UPRIGHT,0.5957,0.0000,1.0000,266.8,-35.6,0.000,0.000,0.243,2.91,0.794,0.206
,1749.976,UPRIGHT,0.5957,0.0000,1.0000,266.8,-35.6,0.000,0.000,0.243,2.91,0.794,0.206
,1749.982,UPRIGHT,0.5957,0.0000,1.0000,266.8,-35.6,0.000,0.000,0.243,2.91,0.794,0.206
,1749.986,UPRIGHT,0.5957,0.0000,1.0000,266.8,-35.6,0.000,0.000,0.243,2.91,0.794,0.206
,1749.991,UPRIGHT,0.5957,0.0000,1.0000,266.8,-35.6,0.000,0.000,0.243,2.91,0.794,0.206
,1749.995,UPRIGHT,0.5957,0.0000,1.0000,266.8,-35.6,0.000,0.000,0.242,2.91,0.794,0.206
,1750.000,UPRIGHT,0.5816,0.0000,1.0000,283.5,-35.6,0.000,0.000,0.242,2.91,0.584,0.206
,1750.004,UPRIGHT,0.5816,0.0000,1.0000,283.5,-35.6,0.000,0.000,0.242,2.91,0.794,0.206
,1750.009,UPRIGHT,0.5816,0.0000,1.0000,283.5,-35.6,0.000,0.000,0.242,2.91,0.794,0.206
,1750.013,UPRIGHT,0.5816,0.0000,1.0000,283.5,-35.6,0.000,0.000,0.242,2.91,0.794,0.206
,1750.018,UPRIGHT,0.5816,0.0000,1.0000,283.5,-35.6,0.000,0.000,0.242,2.91,0.794,0.206
,1750.022,UPRIGHT,0.5816,0.0000,1.0000,283.5,-35.6,0.000,0.000,0.242,2.91,0.794,0.206
,1750.027,UPRIGHT,0.5816,0.0000,1.0000,283.5,-35.6,0.000,0.000,0.242,2.91,0.794,0.206
,1750.046,UPRIGHT,0.5816,0.0000,1.0000,283.5,-35.6,0.000,0.000,0.242,2.90,0.794,0.206
,1750.052,UPRIGHT,0.5816,0.0000,1.0000,283.5,-35.6,0.000,0.000,0.242,2.90,0.794,0.206
,1750.057,UPRIGHT,0.5816,0.0000,1.0000,283.5,-35.6,0.000,0.000,0.242,2.90,0.795,0.205
,1750.061,UPRIGHT,0.5816,0.0000,1.0000,283.5,-35.6,0.000,0.000,0.242,2.90,0.795,0.205
,1750.076,UPRIGHT,0.5816,0.0000,1.0000,283.5,-35.6,0.000,0.000,0.242,2.90,0.795,0.205
,1750.081,UPRIGHT,0.5816,0.0000,1.0000,283.5,-35.6,0.000,0.000,0.241,2.90,0.795,0.205
,1750.085,UPRIGHT,0.5816,0.0000,1.0000,283.5,-35.6,0.000,0.000,0.241,2.90,0.795,0.205
,1750.090,UPRIGHT,0.5816,0.0000,1.0000,283.5,-35.6,0.000,0.000,0.241,2.90,0.795,0.205
,1750.095,UPRIGHT,0.5816,0.0000,1.0000,283.5,-35.6,0.000,0.000,0.241,2.90,0.795,0.205
,1750.099,UPRIGHT,0.5816,0.0000,1.0000,283.5,-35.6,0.000,0.000,0.241,2.90,0.795,0.205
,1750.103,UPRIGHT,0.5816,0.0000,1.0000,283.5,-35.6,0.000,0.000,0.241,2.89,0.795,0.205
,1750.108,UPRIGHT,0.5816,0.0000,1.0000,283.5,-35.6,0.000,0.000,0.241,2.89,0.795,0.205
,1750.112,UPRIGHT,0.5816,0.0000,1.0000,283.5,-35.6,0.000,0.000,0.241,2.89,0.795,0.205
,1750.123,UPRIGHT,0.5816,0.0000,1.0000,283.5,-35.6,0.000,0.000,0.241,2.89,0.795,0.205
,1750.127,UPRIGHT,0.5820,0.0000,1.0000,274.9,-35.6,0.000,0.000,0.241,2.89,0.754,0.205
,1750.138,UPRIGHT,0.5820,0.0000,1.0000,274.9,-35.6,0.000,0.000,0.241,2.89,0.795,0.205
,1750.142,UPRIGHT,0.5820,0.0000,1.0000,274.9,-35.6,0.000,0.000,0.241,2.89,0.795,0.205
,1750.147,UPRIGHT,0.5820,0.0000,1.0000,274.9,-35.6,0.000,0.000,0.241,2.89,0.795,0.205
,1750.151,UPRIGHT,0.5820,0.0000,1.0000,274.9,-35.6,0.000,0.000,0.241,2.89,0.795,0.205
,1750.156,UPRIGHT,0.5820,0.0000,1.0000,274.9,-35.6,0.000,0.000,0.241,2.89,0.795,0.205
,1750.160,UPRIGHT,0.5820,0.0000,1.0000,274.9,-35.6,0.000,0.000,0.241,2.89,0.796,0.204
,1750.169,UPRIGHT,0.5820,0.0000,1.0000,274.9,-35.6,0.000,0.000,0.240,2.89,0.796,0.204
,1750.174,UPRIGHT,0.5820,0.0000,1.0000,274.9,-35.6,0.000,0.000,0.240,2.88,0.796,0.204
,1750.178,UPRIGHT,0.5820,0.0000,1.0000,274.9,-35.6,0.000,0.000,0.240,2.88,0.796,0.204
,1750.182,UPRIGHT,0.5820,0.0000,1.0000,274.9,-35.6,0.000,0.000,0.240,2.88,0.796,0.204
,1750.187,UPRIGHT,0.5952,0.0000,1.0000,266.8,-35.6,0.000,0.000,0.240,2.88,0.562,0.204
,1750.191,UPRIGHT,0.5952,0.0000,1.0000,266.8,-35.6,0.000,0.000,0.240,2.88,0.796,0.204
,1750.200,UPRIGHT,0.5952,0.0000,1.0000,266.8,-35.6,0.000,0.000,0.240,2.88,0.796,0.204
,1750.204,UPRIGHT,0.5952,0.0000,1.0000,266.8,-35.6,0.000,0.000,0.240,2.88,0.796,0.204
,1750.208,UPRIGHT,0.5952,0.0000,1.0000,266.8,-35.6,0.000,0.000,0.240,2.88,0.796,0.204
,1750.213,UPRIGHT,0.5952,0.0000,1.0000,266.8,-35.6,0.000,0.000,0.240,2.88,0.796,0.204
,1750.218,UPRIGHT,0.5952,0.0000,1.0000,266.8,-35.6,0.000,0.000,0.240,2.88,0.796,0.204
,1750.223,UPRIGHT,0.5952,0.0000,1.0000,266.8,-35.6,0.000,0.000,0.240,2.88,0.796,0.204
,1750.227,UPRIGHT,0.5952,0.0000,1.0000,266.8,-35.6,0.000,0.000,0.240,2.88,0.796,0.204
,1750.247,UPRIGHT,0.5970,0.0000,1.0000,266.8,-35.6,0.000,0.000,0.240,2.87,0.750,0.204
,1750.252,UPRIGHT,0.5970,0.0000,1.0000,266.8,-35.6,0.000,0.000,0.239,2.87,0.796,0.204
,1750.256,UPRIGHT,0.5970,0.0000,1.0000,266.8,-35.6,0.000,0.000,0.239,2.87,0.796,0.204
,1750.261,UPRIGHT,0.5970,0.0000,1.0000,266.8,-35.6,0.000,0.000,0.239,2.87,0.797,0.203
,1750.265,UPRIGHT,0.5970,0.0000,1.0000,266.8,-35.6,0.000,0.000,0.239,2.87,0.797,0.203
,1750.270,UPRIGHT,0.5970,0.0000,1.0000,266.8,-35.6,0.000,0.000,0.239,2.87,0.797,0.203
,1750.274,UPRIGHT,0.5970,0.0000,1.0000,266.8,-35.6,0.000,0.000,0.239,2.87,0.797,0.203
,1750.279,UPRIGHT,0.5970,0.0000,1.0000,266.8,-35.6,0.000,0.000,0.239,2.87,0.797,0.203
,1750.283,UPRIGHT,0.5970,0.0000,1.0000,266.8,-35.6,0.000,0.000,0.239,2.87,0.797,0.203
,1750.288,UPRIGHT,0.5970,0.0000,1.0000,266.8,-35.6,0.000,0.000,0.239,2.87,0.797,0.203
,1750.292,UPRIGHT,0.5970,0.0000,1.0000,266.8,-35.6,0.000,0.000,0.239,2.87,0.797,0.203
,1750.297,UPRIGHT,0.5970,0.0000,1.0000,266.8,-35.6,0.000,0.000,0.239,2.87,0.797,0.203
,1750.310,UPRIGHT,0.5970,0.0000,1.0000,266.8,-35.6,0.000,0.000,0.239,2.87,0.797,0.203
,1750.314,UPRIGHT,0.5970,0.0000,1.0000,266.8,-35.6,0.000,0.000,0.239,2.87,0.797,0.203
,1750.319,UPRIGHT,0.5970,0.0000,1.0000,266.8,-35.6,0.000,0.000,0.239,2.86,0.797,0.203
,1750.323,UPRIGHT,0.5970,0.0000,1.0000,266.8,-35.6,0.000,0.000,0.239,2.86,0.797,0.203
,1750.328,UPRIGHT,0.5970,0.0000,1.0000,266.8,-35.6,0.000,0.000,0.239,2.86,0.797,0.203
,1750.332,UPRIGHT,0.5970,0.0000,1.0000,266.8,-35.6,0.000,0.000,0.239,2.86,0.797,0.203
,1750.337,UPRIGHT,0.5970,0.0000,1.0000,266.8,-35.6,0.000,0.000,0.239,2.86,0.797,0.203
,1750.341,UPRIGHT,0.5970,0.0000,1.0000,266.8,-35.6,0.000,0.000,0.238,2.86,0.797,0.203
,1750.346,UPRIGHT,0.5970,0.0000,1.0000,266.8,-35.6,0.000,0.000,0.238,2.86,0.797,0.203
,1750.351,UPRIGHT,0.5970,0.0000,1.0000,266.8,-35.6,0.000,0.000,0.238,2.86,0.797,0.203
,1750.355,UPRIGHT,0.5970,0.0000,1.0000,266.8,-35.6,0.000,0.000,0.238,2.86,0.797,0.203
,1750.360,UPRIGHT,0.5970,0.0000,1.0000,266.8,-35.6,0.000,0.000,0.238,2.86,0.797,0.203
,1750.365,UPRIGHT,0.5970,0.0000,1.0000,266.8,-35.6,0.000,0.000,0.238,2.86,0.798,0.202
,1750.373,UPRIGHT,0.5970,0.0000,1.0000,266.8,-35.6,0.000,0.000,0.238,2.86,0.798,0.202
,1750.388,UPRIGHT,0.5895,0.0000,1.0000,266.8,-35.6,0.000,0.000,0.238,2.86,0.557,0.202
,1750.404,UPRIGHT,0.5895,0.0000,1.0000,266.8,-35.6,0.000,0.000,0.238,2.85,0.798,0.202
,1750.411,UPRIGHT,0.5895,0.0000,1.0000,266.8,-35.6,0.000,0.000,0.238,2.85,0.798,0.202
,1750.416,UPRIGHT,0.5895,0.0000,1.0000,266.8,-35.6,0.000,0.000,0.238,2.85,0.798,0.202
,1750.435,UPRIGHT,0.5895,0.0000,1.0000,266.8,-35.6,0.000,0.000,0.237,2.85,0.798,0.202
,1750.443,UPRIGHT,0.5066,0.0000,1.0000,312.8,-35.6,0.000,0.000,0.237,2.85,0.000,0.202
,1750.448,UPRIGHT,0.5066,0.0000,1.0000,312.8,-35.6,0.000,0.000,0.237,2.85,0.798,0.202
,1750.466,UPRIGHT,0.5066,0.0000,1.0000,312.8,-35.6,0.000,0.000,0.237,2.84,0.799,0.201
,1750.473,UPRIGHT,0.5066,0.0000,1.0000,312.8,-35.6,0.000,0.000,0.237,2.84,0.799,0.201
,1750.477,UPRIGHT,0.5066,0.0000,1.0000,312.8,-35.6,0.000,0.000,0.237,2.84,0.799,0.201
,1750.498,UPRIGHT,0.5203,0.0000,1.0000,312.8,-35.6,0.000,0.000,0.237,2.84,0.617,0.201
,1750.505,UPRIGHT,0.5203,0.0000,1.0000,312.8,-35.6,0.000,0.000,0.237,2.84,0.799,0.201
,1750.513,UPRIGHT,0.5203,0.0000,1.0000,312.8,-35.6,0.000,0.000,0.237,2.84,0.799,0.201
,1750.517,UPRIGHT,0.5203,0.0000,1.0000,312.8,-35.6,0.000,0.000,0.236,2.84,0.799,0.201
,1750.521,UPRIGHT,0.5203,0.0000,1.0000,312.8,-35.6,0.000,0.000,0.236,2.84,0.799,0.201
,1750.526,UPRIGHT,0.5203,0.0000,1.0000,312.8,-35.6,0.000,0.000,0.236,2.84,0.799,0.201
,1750.531,UPRIGHT,0.5203,0.0000,1.0000,312.8,-35.6,0.000,0.000,0.236,2.84,0.799,0.201
,1750.535,UPRIGHT,0.5203,0.0000,1.0000,312.8,-35.6,0.000,0.000,0.236,2.84,0.799,0.201
,1750.539,UPRIGHT,0.5203,0.0000,1.0000,312.8,-35.6,0.000,0.000,0.236,2.83,0.799,0.201
,1750.544,UPRIGHT,0.5203,0.0000,1.0000,312.8,-35.6,0.000,0.000,0.236,2.83,0.799,0.201
,1750.549,UPRIGHT,0.5203,0.0000,1.0000,312.8,-35.6,0.000,0.000,0.236,2.83,0.799,0.201
,1750.553,UPRIGHT,0.5203,0.0000,1.0000,312.8,-35.6,0.000,0.000,0.236,2.83,0.799,0.201
,1750.558,UPRIGHT,0.5203,0.0000,1.0000,312.8,-35.6,0.000,0.000,0.236,2.83,0.799,0.201
,1750.563,UPRIGHT,0.5908,0.0000,1.0000,266.8,-35.6,0.000,0.000,0.236,2.83,0.000,0.201
,1750.568,UPRIGHT,0.5908,0.0000,1.0000,266.8,-35.6,0.000,0.000,0.236,2.83,0.799,0.201
,1750.577,UPRIGHT,0.5908,0.0000,1.0000,266.8,-35.6,0.000,0.000,0.236,2.83,0.800,0.200
,1750.582,UPRIGHT,0.5908,0.0000,1.0000,266.8,-35.6,0.000,0.000,0.236,2.83,0.800,0.200
,1750.586,UPRIGHT,0.5908,0.0000,1.0000,266.8,-35.6,0.000,0.000,0.236,2.83,0.800,0.200
,1750.591,UPRIGHT,0.5908,0.0000,1.0000,266.8,-35.6,0.000,0.000,0.236,2.83,0.800,0.200
,1750.596,UPRIGHT,0.5908,0.0000,1.0000,266.8,-35.6,0.000,0.000,0.236,2.83,0.800,0.200
,1750.600,UPRIGHT,0.5908,0.0000,1.0000,266.8,-35.6,0.000,0.000,0.236,2.83,0.800,0.200
,1750.605,UPRIGHT,0.5908,0.0000,1.0000,266.8,-35.6,0.000,0.000,0.236,2.83,0.800,0.200
,1750.610,UPRIGHT,0.5908,0.0000,1.0000,266.8,-35.6,0.000,0.000,0.235,2.83,0.800,0.200
,1750.614,UPRIGHT,0.5908,0.0000,1.0000,266.8,-35.6,0.000,0.000,0.235,2.82,0.800,0.200
,1750.619,UPRIGHT,0.5908,0.0000,1.0000,266.8,-35.6,0.000,0.000,0.235,2.82,0.800,0.200
,1750.624,UPRIGHT,0.5908,0.0000,1.0000,266.8,-35.6,0.000,0.000,0.235,2.82,0.800,0.200
,1750.628,UPRIGHT,0.5908,0.0000,1.0000,266.8,-35.6,0.000,0.000,0.235,2.82,0.800,0.200
,1750.633,UPRIGHT,0.5908,0.0000,1.0000,266.8,-35.6,0.000,0.000,0.235,2.82,0.800,0.200
,1750.637,UPRIGHT,0.5908,0.0000,1.0000,266.8,-35.6,0.000,0.000,0.235,2.82,0.800,0.200
,1750.642,UPRIGHT,0.5908,0.0000,1.0000,266.8,-35.6,0.000,0.000,0.235,2.82,0.800,0.200
,1750.646,UPRIGHT,0.5908,0.0000,1.0000,266.8,-35.6,0.000,0.000,0.235,2.82,0.800,0.200
,1750.651,UPRIGHT,0.5908,0.0000,1.0000,266.8,-35.6,0.000,0.000,0.235,2.82,0.801,0.199
,1750.655,UPRIGHT,0.5908,0.0000,1.0000,266.8,-35.6,0.000,0.000,0.234,2.81,0.801,0.199
,1750.671,UPRIGHT,0.5908,0.0000,1.0000,266.8,-35.6,0.000,0.000,0.234,2.80,0.801,0.199
,1750.676,UPRIGHT,0.5908,0.0000,1.0000,266.8,-35.6,0.000,0.000,0.233,2.80,0.802,0.198
,1750.680,UPRIGHT,0.5908,0.0000,1.0000,266.8,-35.6,0.000,0.000,0.233,2.80,0.802,0.198
,1750.684,UPRIGHT,0.5908,0.0000,1.0000,266.8,-35.6,0.000,0.000,0.233,2.80,0.802,0.198
,1750.689,UPRIGHT,0.5256,0.0000,1.0000,312.8,-35.6,0.000,0.000,0.233,2.79,0.000,0.198
,1750.694,UPRIGHT,0.5256,0.0000,1.0000,312.8,-35.6,0.000,0.000,0.233,2.79,0.802,0.198
,1750.699,UPRIGHT,0.5256,0.0000,1.0000,312.8,-35.6,0.000,0.000,0.232,2.79,0.803,0.197
,1750.704,UPRIGHT,0.5256,0.0000,1.0000,312.8,-35.6,0.000,0.000,0.232,2.78,0.803,0.197
,1750.709,UPRIGHT,0.5256,0.0000,1.0000,312.8,-35.6,0.000,0.000,0.232,2.78,0.803,0.197
,1750.714,UPRIGHT,0.5256,0.0000,1.0000,312.8,-35.6,0.000,0.000,0.232,2.78,0.803,0.197
,1750.718,UPRIGHT,0.5256,0.0000,1.0000,312.8,-35.6,0.000,0.000,0.231,2.78,0.803,0.197
,1750.733,UPRIGHT,0.5256,0.0000,1.0000,312.8,-35.6,0.000,0.000,0.231,2.77,0.804,0.196
,1750.738,UPRIGHT,0.5256,0.0000,1.0000,312.8,-35.6,0.000,0.000,0.230,2.76,0.804,0.196
,1750.742,UPRIGHT,0.5256,0.0000,1.0000,312.8,-35.6,0.000,0.000,0.230,2.76,0.804,0.196
,1750.747,UPRIGHT,0.5256,0.0000,1.0000,312.8,-35.6,0.000,0.000,0.230,2.76,0.805,0.195
,1750.765,UPRIGHT,0.3007,0.0000,1.0000,263.0,-35.6,0.000,0.000,0.229,2.75,0.000,0.195
,1750.769,UPRIGHT,0.3007,0.0000,1.0000,263.0,-35.6,0.000,0.000,0.229,2.75,0.806,0.194
,1750.780,UPRIGHT,0.3007,0.0000,1.0000,263.0,-35.6,0.000,0.000,0.228,2.74,0.806,0.194
,1750.785,UPRIGHT,0.3007,0.0000,1.0000,263.0,-35.6,0.000,0.000,0.228,2.74,0.806,0.194
,1750.790,UPRIGHT,0.3007,0.0000,1.0000,263.0,-35.6,0.000,0.000,0.228,2.73,0.806,0.194
,1750.794,UPRIGHT,0.3007,0.0000,1.0000,263.0,-35.6,0.000,0.000,0.228,2.73,0.807,0.193
,1750.798,UPRIGHT,0.3007,0.0000,1.0000,263.0,-35.6,0.000,0.000,0.227,2.73,0.807,0.193
,1750.803,UPRIGHT,0.3007,0.0000,1.0000,263.0,-35.6,0.000,0.000,0.227,2.73,0.807,0.193
,1750.808,UPRIGHT,0.3007,0.0000,1.0000,263.0,-35.6,0.000,0.000,0.227,2.72,0.807,0.193
,1750.812,UPRIGHT,0.2950,0.0000,1.0000,263.0,-35.6,0.000,0.000,0.227,2.72,0.730,0.193
,1750.816,UPRIGHT,0.2950,0.0000,1.0000,263.0,-35.6,0.000,0.000,0.226,2.72,0.808,0.192
,1750.828,UPRIGHT,0.2950,0.0000,1.0000,263.0,-35.6,0.000,0.000,0.226,2.71,0.808,0.192
,1750.832,UPRIGHT,0.2950,0.0000,1.0000,263.0,-35.6,0.000,0.000,0.226,2.71,0.808,0.192
,1750.836,UPRIGHT,0.2950,0.0000,1.0000,263.0,-35.6,0.000,0.000,0.225,2.71,0.808,0.192
,1750.841,UPRIGHT,0.2950,0.0000,1.0000,263.0,-35.6,0.000,0.000,0.225,2.70,0.809,0.191
,1750.858,UPRIGHT,0.2950,0.0000,1.0000,263.0,-35.6,0.000,0.000,0.224,2.69,0.809,0.191
,1750.862,UPRIGHT,0.2950,0.0000,1.0000,263.0,-35.6,0.000,0.000,0.224,2.69,0.809,0.191
,1750.867,UPRIGHT,0.2950,0.0000,1.0000,263.0,-35.6,0.000,0.000,0.224,2.69,0.810,0.190
,1750.871,UPRIGHT,0.2950,0.0000,1.0000,263.0,-35.6,0.000,0.000,0.224,2.68,0.810,0.190
,1750.876,UPRIGHT,0.2945,0.0000,1.0000,263.0,-35.6,0.000,0.000,0.223,2.68,0.804,0.190
,1750.881,UPRIGHT,0.2945,0.0000,1.0000,263.0,-35.6,0.000,0.000,0.223,2.68,0.810,0.190
,1750.886,UPRIGHT,0.2945,0.0000,1.0000,263.0,-35.6,0.000,0.000,0.223,2.68,0.810,0.190
,1750.890,UPRIGHT,0.2945,0.0000,1.0000,263.0,-35.6,0.000,0.000,0.223,2.67,0.811,0.189
,1750.895,UPRIGHT,0.2945,0.0000,1.0000,263.0,-35.6,0.000,0.000,0.223,2.67,0.811,0.189
,1750.900,UPRIGHT,0.2945,0.0000,1.0000,263.0,-35.6,0.000,0.000,0.222,2.67,0.811,0.189
,1750.904,UPRIGHT,0.2945,0.0000,1.0000,263.0,-35.6,0.000,0.000,0.222,2.67,0.811,0.189
,1750.920,UPRIGHT,0.2945,0.0000,1.0000,263.0,-35.6,0.000,0.000,0.221,2.66,0.812,0.188
,1750.936,UPRIGHT,0.2945,0.0000,1.0000,263.0,-35.6,0.000,0.000,0.221,2.65,0.813,0.187
,1750.952,UPRIGHT,0.2945,0.0000,1.0000,263.0,-35.6,0.000,0.000,0.220,2.64,0.813,0.187
,1750.956,UPRIGHT,0.2945,0.0000,1.0000,263.0,-35.6,0.000,0.000,0.220,2.63,0.813,0.187
,1750.967,UPRIGHT,0.2945,0.0000,1.0000,263.0,-35.6,0.000,0.000,0.219,2.63,0.814,0.186
,1750.972,UPRIGHT,0.2945,0.0000,1.0000,263.0,-35.6,0.000,0.000,0.219,2.63,0.814,0.186
,1750.977,UPRIGHT,0.2945,0.0000,1.0000,263.0,-35.6,0.000,0.000,0.219,2.62,0.814,0.186
,1750.982,UPRIGHT,0.2945,0.0000,1.0000,263.0,-35.6,0.000,0.000,0.218,2.62,0.814,0.186
,1750.986,UPRIGHT,0.2945,0.0000,1.0000,263.0,-35.6,0.000,0.000,0.218,2.62,0.815,0.185
,1750.999,UPRIGHT,0.2945,0.0000,1.0000,263.0,-35.6,0.000,0.000,0.217,2.61,0.815,0.185
,1751.004,UPRIGHT,0.2945,0.0000,1.0000,263.0,-35.6,0.000,0.000,0.217,2.61,0.815,0.185
,1751.008,UPRIGHT,0.2945,0.0000,1.0000,263.0,-35.6,0.000,0.000,0.217,2.60,0.815,0.185
,1751.014,UPRIGHT,0.2945,0.0000,1.0000,263.0,-35.6,0.000,0.000,0.217,2.60,0.816,0.184
,1751.019,UPRIGHT,0.2945,0.0000,1.0000,263.0,-35.6,0.000,0.000,0.217,2.60,0.816,0.184
,1751.024,UPRIGHT,0.2945,0.0000,1.0000,263.0,-35.6,0.000,0.000,0.216,2.60,0.816,0.184
,1751.030,UPRIGHT,0.2945,0.0000,1.0000,263.0,-35.6,0.000,0.000,0.216,2.59,0.816,0.184
,1751.034,UPRIGHT,0.2945,0.0000,1.0000,263.0,-35.6,0.000,0.000,0.216,2.59,0.817,0.183
,1751.039,UPRIGHT,0.2945,0.0000,1.0000,263.0,-35.6,0.000,0.000,0.216,2.59,0.817,0.183
,1751.043,UPRIGHT,0.2945,0.0000,1.0000,263.0,-35.6,0.000,0.000,0.215,2.58,0.817,0.183
,1751.047,UPRIGHT,0.2945,0.0000,1.0000,263.0,-35.6,0.000,0.000,0.215,2.58,0.817,0.183
,1751.051,UPRIGHT,0.2945,0.0000,1.0000,263.0,-35.6,0.000,0.000,0.215,2.58,0.817,0.183
,1751.061,UPRIGHT,0.2945,0.0000,1.0000,263.0,-35.6,0.000,0.000,0.214,2.57,0.818,0.182
,1751.066,UPRIGHT,0.2945,0.0000,1.0000,263.0,-35.6,0.000,0.000,0.214,2.57,0.818,0.182
,1751.070,UPRIGHT,0.2945,0.0000,1.0000,263.0,-35.6,0.000,0.000,0.214,2.57,0.818,0.182
,1751.077,UPRIGHT,0.2945,0.0000,1.0000,263.0,-35.6,0.000,0.000,0.214,2.56,0.818,0.182
,1751.081,UPRIGHT,0.2945,0.0000,1.0000,263.0,-35.6,0.000,0.000,0.214,2.56,0.819,0.181
,1751.085,UPRIGHT,0.2945,0.0000,1.0000,263.0,-35.6,0.000,0.000,0.213,2.56,0.819,0.181
,1751.090,UPRIGHT,0.2945,0.0000,1.0000,263.0,-35.6,0.000,0.000,0.213,2.56,0.819,0.181
,1751.109,UPRIGHT,0.2945,0.0000,1.0000,263.0,-35.6,0.000,0.000,0.212,2.55,0.820,0.180
,1751.115,UPRIGHT,0.2945,0.0000,1.0000,263.0,-35.6,0.000,0.000,0.212,2.54,0.820,0.180
,1751.119,UPRIGHT,0.2945,0.0000,1.0000,263.0,-35.6,0.000,0.000,0.212,2.54,0.820,0.180
,1751.140,UPRIGHT,0.2945,0.0000,1.0000,263.0,-35.6,0.000,0.000,0.211,2.53,0.821,0.179
,1751.145,UPRIGHT,0.2945,0.0000,1.0000,263.0,-35.6,0.000,0.000,0.210,2.53,0.821,0.179
,1751.149,UPRIGHT,0.2945,0.0000,1.0000,263.0,-35.6,0.000,0.000,0.210,2.52,0.821,0.179
,1751.153,UPRIGHT,0.2945,0.0000,1.0000,263.0,-35.6,0.000,0.000,0.210,2.52,0.821,0.179
,1751.158,UPRIGHT,0.2945,0.0000,1.0000,263.0,-35.6,0.000,0.000,0.210,2.52,0.822,0.178
,1751.171,UPRIGHT,0.2945,0.0000,1.0000,263.0,-35.6,0.000,0.000,0.209,2.51,0.822,0.178
,1751.176,UPRIGHT,0.2945,0.0000,1.0000,263.0,-35.6,0.000,0.000,0.209,2.51,0.822,0.178
,1751.181,UPRIGHT,0.2945,0.0000,1.0000,263.0,-35.6,0.000,0.000,0.209,2.50,0.823,0.177
,1751.185,UPRIGHT,0.2945,0.0000,1.0000,263.0,-35.6,0.000,0.000,0.209,2.50,0.823,0.177
,1751.189,UPRIGHT,0.2945,0.0000,1.0000,263.0,-35.6,0.000,0.000,0.208,2.50,0.823,0.177
,1751.193,UPRIGHT,0.2945,0.0000,1.0000,263.0,-35.6,0.000,0.000,0.208,2.50,0.823,0.177
,1751.197,UPRIGHT,0.2945,0.0000,1.0000,263.0,-35.6,0.000,0.000,0.208,2.50,0.823,0.177
,1751.202,UPRIGHT,0.2945,0.0000,1.0000,263.0,-35.6,0.000,0.000,0.208,2.49,0.823,0.177
,1751.206,UPRIGHT,0.2945,0.0000,1.0000,263.0,-35.6,0.000,0.000,0.208,2.49,0.824,0.176
,1751.219,UPRIGHT,0.2945,0.0000,1.0000,263.0,-35.6,0.000,0.000,0.207,2.48,0.824,0.176
,1751.223,UPRIGHT,0.2945,0.0000,1.0000,263.0,-35.6,0.000,0.000,0.207,2.48,0.824,0.176
,1751.227,UPRIGHT,0.2945,0.0000,1.0000,263.0,-35.6,0.000,0.000,0.207,2.48,0.824,0.176
,1751.234,UPRIGHT,0.2945,0.0000,1.0000,263.0,-35.6,0.000,0.000,0.206,2.47,0.825,0.175
,1751.238,UPRIGHT,0.2945,0.0000,1.0000,263.0,-35.6,0.000,0.000,0.206,2.47,0.825,0.175
,1751.242,UPRIGHT,0.2945,0.0000,1.0000,263.0,-35.6,0.000,0.000,0.206,2.47,0.825,0.175
,1751.247,UPRIGHT,0.2945,0.0000,1.0000,263.0,-35.6,0.000,0.000,0.206,2.47,0.825,0.175
,1751.251,UPRIGHT,0.5243,0.0000,1.0000,307.5,-35.6,0.000,0.000,0.205,2.46,0.000,0.175
,1751.255,UPRIGHT,0.5243,0.0000,1.0000,307.5,-35.6,0.000,0.000,0.205,2.46,0.826,0.174
,1751.259,UPRIGHT,0.5243,0.0000,1.0000,307.5,-35.6,0.000,0.000,0.205,2.46,0.826,0.174
,1751.263,UPRIGHT,0.5243,0.0000,1.0000,307.5,-35.6,0.000,0.000,0.205,2.46,0.826,0.174
,1751.268,UPRIGHT,0.5243,0.0000,1.0000,307.5,-35.6,0.000,0.000,0.205,2.46,0.826,0.174
,1751.281,UPRIGHT,0.5243,0.0000,1.0000,307.5,-35.6,0.000,0.000,0.204,2.45,0.827,0.173
,1751.286,UPRIGHT,0.5243,0.0000,1.0000,307.5,-35.6,0.000,0.000,0.204,2.44,0.827,0.173
,1751.290,UPRIGHT,0.5243,0.0000,1.0000,307.5,-35.6,0.000,0.000,0.204,2.44,0.827,0.173
,1751.294,UPRIGHT,0.5243,0.0000,1.0000,307.5,-35.6,0.000,0.000,0.203,2.44,0.827,0.173
,1751.298,UPRIGHT,0.5243,0.0000,1.0000,307.5,-35.6,0.000,0.000,0.203,2.44,0.827,0.173
,1751.303,UPRIGHT,0.5243,0.0000,1.0000,307.5,-35.6,0.000,0.000,0.203,2.44,0.828,0.172
,1751.312,UPRIGHT,0.2937,0.0000,1.0000,263.0,-35.6,0.000,0.000,0.202,2.43,0.000,0.172
,1751.316,UPRIGHT,0.2937,0.0000,1.0000,263.0,-35.6,0.000,0.000,0.202,2.43,0.828,0.172
,1751.321,UPRIGHT,0.2937,0.0000,1.0000,263.0,-35.6,0.000,0.000,0.202,2.43,0.828,0.172
,1751.327,UPRIGHT,0.2937,0.0000,1.0000,263.0,-35.6,0.000,0.000,0.202,2.42,0.828,0.172
,1751.331,UPRIGHT,0.2937,0.0000,1.0000,263.0,-35.6,0.000,0.000,0.202,2.42,0.829,0.171
,1751.336,UPRIGHT,0.2937,0.0000,1.0000,263.0,-35.6,0.000,0.000,0.201,2.42,0.829,0.171
,1751.340,UPRIGHT,0.2937,0.0000,1.0000,263.0,-35.6,0.000,0.000,0.201,2.41,0.829,0.171
,1751.359,UPRIGHT,0.2937,0.0000,1.0000,263.0,-35.6,0.000,0.000,0.200,2.40,0.830,0.170
,1751.365,UPRIGHT,0.2937,0.0000,1.0000,263.0,-35.6,0.000,0.000,0.200,2.40,0.830,0.170
,1751.369,UPRIGHT,0.2937,0.0000,1.0000,263.0,-35.6,0.000,0.000,0.200,2.40,0.830,0.170
,1751.375,UPRIGHT,0.2937,0.0000,1.0000,263.0,-35.6,0.000,0.000,0.200,2.39,0.830,0.170
,1751.379,UPRIGHT,0.2937,0.0000,1.0000,263.0,-35.6,0.000,0.000,0.199,2.39,0.831,0.169
,1751.384,UPRIGHT,0.2937,0.0000,1.0000,263.0,-35.6,0.000,0.000,0.199,2.39,0.831,0.169
,1751.391,UPRIGHT,0.2937,0.0000,1.0000,263.0,-35.6,0.000,0.000,0.199,2.39,0.831,0.169
,1751.394,UPRIGHT,0.2937,0.0000,1.0000,263.0,-35.6,0.000,0.000,0.199,2.38,0.831,0.169
,1751.399,UPRIGHT,0.2937,0.0000,1.0000,263.0,-35.6,0.000,0.000,0.198,2.38,0.831,0.169
,1751.403,UPRIGHT,0.2937,0.0000,1.0000,263.0,-35.6,0.000,0.000,0.198,2.38,0.832,0.168
,1751.407,UPRIGHT,0.2937,0.0000,1.0000,263.0,-35.6,0.000,0.000,0.198,2.38,0.832,0.168
,1751.411,UPRIGHT,0.2937,0.0000,1.0000,263.0,-35.6,0.000,0.000,0.198,2.37,0.832,0.168
,1751.416,UPRIGHT,0.2937,0.0000,1.0000,263.0,-37.5,0.000,0.000,0.198,2.37,0.832,0.168
,1751.420,UPRIGHT,0.2937,0.0000,1.0000,263.0,-39.4,0.000,0.000,0.197,2.37,0.832,0.168
,1751.424,UPRIGHT,0.2937,0.0000,1.0000,263.0,-39.4,0.000,0.000,0.197,2.37,0.832,0.168
,1751.429,UPRIGHT,0.2937,0.0000,1.0000,263.0,-39.4,0.000,0.000,0.197,2.36,0.833,0.167
,1751.433,UPRIGHT,0.2937,0.0000,1.0000,263.0,-39.4,0.000,0.000,0.197,2.36,0.833,0.167
,1751.438,UPRIGHT,0.5154,0.0000,1.0000,302.4,-39.4,0.000,0.000,0.197,2.36,0.000,0.167
,1751.442,UPRIGHT,0.5154,0.0000,1.0000,302.4,-39.4,0.000,0.000,0.196,2.36,0.833,0.167
,1751.446,UPRIGHT,0.5154,0.0000,1.0000,302.4,-39.4,0.000,0.000,0.196,2.35,0.833,0.167
,1751.451,UPRIGHT,0.5154,0.0000,1.0000,302.4,-39.4,0.000,0.000,0.196,2.35,0.833,0.167
,1751.455,UPRIGHT,0.5154,0.0000,1.0000,302.4,-39.4,0.000,0.000,0.196,2.35,0.834,0.166
,1751.468,UPRIGHT,0.5154,0.0000,1.0000,302.4,-39.4,0.000,0.000,0.195,2.34,0.834,0.166
,1751.472,UPRIGHT,0.5154,0.0000,1.0000,302.4,-39.4,0.000,0.000,0.195,2.34,0.834,0.166
,1751.476,UPRIGHT,0.5154,0.0000,1.0000,302.4,-39.4,0.000,0.000,0.195,2.34,0.834,0.166
,1751.480,UPRIGHT,0.5154,0.0000,1.0000,302.4,-39.4,0.000,0.000,0.195,2.34,0.835,0.165
,1751.485,UPRIGHT,0.5154,0.0000,1.0000,302.4,-39.4,0.000,0.000,0.194,2.33,0.835,0.165
,1751.499,UPRIGHT,0.5154,0.0000,1.0000,302.4,-39.4,0.000,0.000,0.194,2.33,0.835,0.165
,1751.503,UPRIGHT,0.5154,0.0000,1.0000,302.4,-39.4,0.000,0.000,0.194,2.32,0.835,0.165
,1751.507,UPRIGHT,0.5154,0.0000,1.0000,302.4,-39.4,0.000,0.000,0.193,2.32,0.836,0.164
,1751.512,UPRIGHT,0.5154,0.0000,1.0000,302.4,-39.4,0.000,0.000,0.193,2.32,0.836,0.164
,1753.605,BASELINE,0.6539,0.0000,1.0000,259.2,0.0,0.000,0.000,0.000,1.25,0.000,0.000
,1753.609,UPRIGHT,0.6539,0.0000,1.0000,259.2,46.0,0.000,0.000,0.104,1.25,0.911,0.089
,1753.614,UPRIGHT,0.6539,0.0000,1.0000,259.2,46.0,0.000,0.000,0.104,1.25,0.911,0.089
,1753.618,UPRIGHT,0.6539,0.0000,1.0000,259.2,46.0,0.000,0.000,0.104,1.25,0.912,0.088
,1753.623,UPRIGHT,0.6389,0.0000,1.0000,274.9,46.0,0.000,0.000,0.104,1.25,0.000,0.088
,1753.627,UPRIGHT,0.6389,0.0000,1.0000,274.9,46.0,0.000,0.000,0.104,1.24,0.912,0.088
,1753.632,UPRIGHT,0.6389,0.0000,1.0000,274.9,46.0,0.000,0.000,0.103,1.24,0.912,0.088
,1753.637,UPRIGHT,0.6389,0.0000,1.0000,274.9,46.0,0.000,0.000,0.103,1.24,0.912,0.088
,1753.641,UPRIGHT,0.6389,0.0000,1.0000,274.9,46.0,0.000,0.000,0.103,1.24,0.912,0.088
,1753.646,UPRIGHT,0.6389,0.0000,1.0000,274.9,46.0,0.000,0.000,0.103,1.23,0.913,0.087
,1753.650,UPRIGHT,0.6389,0.0000,1.0000,274.9,46.0,0.000,0.000,0.103,1.23,0.913,0.087
,1753.654,UPRIGHT,0.6389,0.0000,1.0000,274.9,46.0,0.000,0.000,0.103,1.23,0.913,0.087
,1753.668,UPRIGHT,0.6389,0.0000,1.0000,274.9,46.0,0.000,0.000,0.102,1.22,0.913,0.087
,1753.673,UPRIGHT,0.6389,0.0000,1.0000,274.9,35.6,0.000,0.000,0.102,1.22,0.913,0.087
,1753.677,UPRIGHT,0.6389,0.0000,1.0000,274.9,35.6,0.000,0.000,0.102,1.22,0.914,0.086
,1753.681,UPRIGHT,0.6389,0.0000,1.0000,274.9,35.6,0.000,0.000,0.102,1.22,0.914,0.086
,1753.686,UPRIGHT,0.6239,0.0000,1.0000,274.9,35.6,0.000,0.000,0.101,1.22,0.309,0.086
,1753.690,UPRIGHT,0.6239,0.0000,1.0000,274.9,35.6,0.000,0.000,0.101,1.21,0.914,0.086
,1753.700,UPRIGHT,0.6239,0.0000,1.0000,274.9,35.6,0.000,0.000,0.101,1.21,0.914,0.086
,1753.704,UPRIGHT,0.6239,0.0000,1.0000,274.9,35.6,0.000,0.000,0.101,1.21,0.914,0.086
,1753.708,UPRIGHT,0.6239,0.0000,1.0000,274.9,35.6,0.000,0.000,0.100,1.21,0.915,0.085
,1753.712,UPRIGHT,0.6239,0.0000,1.0000,274.9,35.6,0.000,0.000,0.100,1.20,0.915,0.085
,1753.717,UPRIGHT,0.6239,0.0000,1.0000,274.9,35.6,0.000,0.000,0.100,1.20,0.915,0.085
,1753.721,UPRIGHT,0.6239,0.0000,1.0000,274.9,35.6,0.000,0.000,0.100,1.20,0.915,0.085
,1753.732,UPRIGHT,0.6239,0.0000,1.0000,274.9,35.6,0.000,0.000,0.100,1.20,0.915,0.085
,1753.736,UPRIGHT,0.6239,0.0000,1.0000,274.9,35.6,0.000,0.000,0.099,1.19,0.915,0.085
,1753.740,UPRIGHT,0.6239,0.0000,1.0000,274.9,35.6,0.000,0.000,0.099,1.19,0.916,0.084
,1753.747,UPRIGHT,0.6239,0.0000,1.0000,274.9,35.6,0.000,0.000,0.099,1.19,0.916,0.084
,1753.752,UPRIGHT,0.6239,0.0000,1.0000,274.9,35.6,0.000,0.000,0.099,1.19,0.916,0.084
,1753.762,UPRIGHT,0.6239,0.0000,1.0000,274.9,35.6,0.000,0.000,0.098,1.18,0.916,0.084
,1753.767,UPRIGHT,0.6239,0.0000,1.0000,274.9,35.6,0.000,0.000,0.098,1.18,0.916,0.084
,1753.772,UPRIGHT,0.6239,0.0000,1.0000,274.9,35.6,0.000,0.000,0.098,1.18,0.917,0.083
,1753.776,UPRIGHT,0.6239,0.0000,1.0000,274.9,35.6,0.000,0.000,0.098,1.17,0.917,0.083
,1753.780,UPRIGHT,0.6239,0.0000,1.0000,274.9,35.6,0.000,0.000,0.098,1.17,0.917,0.083
,1753.785,UPRIGHT,0.6239,0.0000,1.0000,274.9,35.6,0.000,0.000,0.098,1.17,0.917,0.083
,1753.789,UPRIGHT,0.6239,0.0000,1.0000,274.9,26.1,0.000,0.000,0.097,1.17,0.917,0.083
,1753.809,UPRIGHT,0.6239,0.0000,1.0000,274.9,16.7,0.000,0.000,0.097,1.16,0.918,0.082
,1753.814,UPRIGHT,0.6102,0.0000,1.0000,252.0,16.7,0.000,0.000,0.096,1.16,0.533,0.082
,1753.818,UPRIGHT,0.6102,0.0000,1.0000,252.0,16.7,0.000,0.000,0.096,1.16,0.918,0.082
,1753.824,UPRIGHT,0.6102,0.0000,1.0000,252.0,16.7,0.000,0.000,0.096,1.15,0.918,0.082
,1753.829,UPRIGHT,0.6102,0.0000,1.0000,252.0,16.7,0.000,0.000,0.096,1.15,0.918,0.082
,1753.833,UPRIGHT,0.6102,0.0000,1.0000,252.0,16.7,0.000,0.000,0.096,1.15,0.919,0.081
,1753.838,UPRIGHT,0.6102,0.0000,1.0000,252.0,16.7,0.000,0.000,0.096,1.15,0.919,0.081
,1753.842,UPRIGHT,0.6102,0.0000,1.0000,252.0,16.7,0.000,0.000,0.095,1.14,0.919,0.081
,1753.855,UPRIGHT,0.6102,0.0000,1.0000,252.0,16.7,0.000,0.000,0.095,1.14,0.919,0.081
,1753.860,UPRIGHT,0.6102,0.0000,1.0000,252.0,16.7,0.000,0.000,0.095,1.14,0.919,0.081
,1753.864,UPRIGHT,0.6102,0.0000,1.0000,252.0,16.7,0.000,0.000,0.095,1.13,0.920,0.080
,1753.869,UPRIGHT,0.6102,0.0000,1.0000,252.0,16.7,0.000,0.000,0.094,1.13,0.920,0.080
,1753.873,UPRIGHT,0.6107,0.0000,1.0000,238.7,16.7,0.000,0.000,0.094,1.13,0.832,0.080
,1753.877,UPRIGHT,0.6107,0.0000,1.0000,238.7,16.7,0.000,0.000,0.094,1.13,0.920,0.080
,1753.882,UPRIGHT,0.6107,0.0000,1.0000,238.7,16.7,0.000,0.000,0.094,1.13,0.920,0.080
,1753.886,UPRIGHT,0.6107,0.0000,1.0000,238.7,16.7,0.000,0.000,0.094,1.12,0.920,0.080
,1753.890,UPRIGHT,0.6107,0.0000,1.0000,238.7,16.7,0.000,0.000,0.094,1.12,0.920,0.080
,1753.902,UPRIGHT,0.6107,0.0000,1.0000,238.7,16.7,0.000,0.000,0.093,1.12,0.921,0.079
,1753.906,UPRIGHT,0.6107,0.0000,1.0000,238.7,16.7,0.000,0.000,0.093,1.12,0.921,0.079
,1753.911,UPRIGHT,0.6107,0.0000,1.0000,238.7,12.4,0.000,0.000,0.093,1.11,0.921,0.079
,1753.915,UPRIGHT,0.6107,0.0000,1.0000,238.7,8.1,0.000,0.000,0.093,1.11,0.921,0.079
,1753.919,UPRIGHT,0.6107,0.0000,1.0000,238.7,8.1,0.000,0.000,0.092,1.11,0.921,0.079
,1753.924,UPRIGHT,0.6107,0.0000,1.0000,238.7,8.1,0.000,0.000,0.092,1.11,0.922,0.078
,1753.934,UPRIGHT,0.6107,0.0000,1.0000,238.7,8.1,0.000,0.000,0.092,1.10,0.922,0.078
,1753.938,UPRIGHT,0.5071,0.0000,1.0000,218.6,8.1,0.000,0.000,0.092,1.10,0.000,0.078
,1753.942,UPRIGHT,0.5071,0.0000,1.0000,218.6,8.1,0.000,0.000,0.092,1.10,0.922,0.078
,1753.949,UPRIGHT,0.5071,0.0000,1.0000,218.6,8.1,0.000,0.000,0.091,1.10,0.922,0.078
,1753.954,UPRIGHT,0.5071,0.0000,1.0000,218.6,8.1,0.000,0.000,0.091,1.09,0.922,0.078
,1753.958,UPRIGHT,0.5071,0.0000,1.0000,218.6,8.1,0.000,0.000,0.091,1.09,0.923,0.077
,1753.962,UPRIGHT,0.5071,0.0000,1.0000,218.6,8.1,0.000,0.000,0.091,1.09,0.923,0.077
,1753.981,UPRIGHT,0.5071,0.0000,1.0000,218.6,8.1,0.000,0.000,0.090,1.08,0.923,0.077
,1753.985,UPRIGHT,0.5071,0.0000,1.0000,218.6,8.1,0.000,0.000,0.090,1.08,0.924,0.076
,1753.996,UPRIGHT,0.5071,0.0000,1.0000,218.6,8.1,0.000,0.000,0.090,1.08,0.924,0.076
,1754.000,UPRIGHT,0.4502,0.0000,1.0000,218.6,8.1,0.000,0.000,0.089,1.07,0.048,0.076
,1754.005,UPRIGHT,0.4502,0.0000,1.0000,218.6,8.1,0.000,0.000,0.089,1.07,0.924,0.076
,1754.009,UPRIGHT,0.4502,0.0000,1.0000,218.6,8.1,0.000,0.000,0.089,1.07,0.924,0.076
,1754.013,UPRIGHT,0.4502,0.0000,1.0000,218.6,8.1,0.000,0.000,0.089,1.07,0.924,0.076
,1754.018,UPRIGHT,0.4502,0.0000,1.0000,218.6,8.1,0.000,0.000,0.089,1.07,0.925,0.075
,1754.023,UPRIGHT,0.4502,0.0000,1.0000,218.6,8.1,0.000,0.000,0.089,1.06,0.925,0.075
,1754.027,UPRIGHT,0.4502,0.0000,1.0000,218.6,8.1,0.000,0.000,0.088,1.06,0.925,0.075
,1754.031,UPRIGHT,0.4502,0.0000,1.0000,218.6,8.1,0.000,0.000,0.088,1.06,0.925,0.075
,1754.036,UPRIGHT,0.4502,0.0000,1.0000,218.6,8.1,0.000,0.000,0.088,1.06,0.925,0.075
,1754.040,UPRIGHT,0.4502,0.0000,1.0000,218.6,8.1,0.000,0.000,0.088,1.06,0.925,0.075
,1754.045,UPRIGHT,0.4502,0.0000,1.0000,218.6,8.1,0.000,0.000,0.088,1.05,0.925,0.075
,1754.050,UPRIGHT,0.4502,0.0000,1.0000,218.6,8.1,0.000,0.000,0.088,1.05,0.926,0.074
,1754.058,UPRIGHT,0.4502,0.0000,1.0000,218.6,8.1,0.000,0.000,0.087,1.05,0.926,0.074
,1754.062,UPRIGHT,0.4502,0.0000,1.0000,218.6,8.1,0.000,0.000,0.087,1.05,0.926,0.074
,1754.067,UPRIGHT,0.4502,0.0000,1.0000,218.6,8.1,0.000,0.000,0.087,1.04,0.926,0.074
,1754.073,UPRIGHT,0.4502,0.0000,1.0000,218.6,8.1,0.000,0.000,0.087,1.04,0.926,0.074
,1754.077,UPRIGHT,0.4502,0.0000,1.0000,218.6,8.1,0.000,0.000,0.087,1.04,0.926,0.074
,1754.082,UPRIGHT,0.4502,0.0000,1.0000,218.6,8.1,0.000,0.000,0.086,1.04,0.927,0.073
,1754.089,UPRIGHT,0.4502,0.0000,1.0000,218.6,8.1,0.000,0.000,0.086,1.03,0.927,0.073
,1754.093,UPRIGHT,0.4502,0.0000,1.0000,218.6,4.0,0.000,0.000,0.086,1.03,0.927,0.073
,1754.097,UPRIGHT,0.4502,0.0000,1.0000,218.6,0.0,0.000,0.000,0.086,1.03,0.927,0.073
,1754.102,UPRIGHT,0.4502,0.0000,1.0000,218.6,0.0,0.000,0.000,0.086,1.03,0.927,0.073
,1754.106,UPRIGHT,0.4502,0.0000,1.0000,218.6,0.0,0.000,0.000,0.085,1.03,0.927,0.073
,1754.120,UPRIGHT,0.4493,0.0000,1.0000,201.6,0.0,0.000,0.000,0.085,1.02,0.805,0.072
,1754.125,UPRIGHT,0.4493,0.0000,1.0000,201.6,0.0,0.000,0.000,0.085,1.02,0.928,0.072
,1754.129,UPRIGHT,0.4493,0.0000,1.0000,201.6,0.0,0.000,0.000,0.085,1.02,0.928,0.072
,1754.133,UPRIGHT,0.4493,0.0000,1.0000,201.6,0.0,0.000,0.000,0.084,1.01,0.928,0.072
,1754.138,UPRIGHT,0.4493,0.0000,1.0000,201.6,0.0,0.000,0.000,0.084,1.01,0.928,0.072
,1754.142,UPRIGHT,0.4493,0.0000,1.0000,201.6,0.0,0.000,0.000,0.084,1.01,0.928,0.072
,1754.147,UPRIGHT,0.4493,0.0000,1.0000,201.6,0.0,0.000,0.000,0.084,1.01,0.929,0.071
,1754.166,UPRIGHT,0.4493,0.0000,1.0000,201.6,0.0,0.000,0.000,0.083,1.00,0.929,0.071
,1754.171,UPRIGHT,0.4493,0.0000,1.0000,201.6,0.0,0.000,0.000,0.083,1.00,0.929,0.071
,1754.175,UPRIGHT,0.4493,0.0000,1.0000,201.6,0.0,0.000,0.000,0.083,0.99,0.930,0.070
,1754.180,UPRIGHT,0.4493,0.0000,1.0000,201.6,0.0,0.000,0.000,0.083,0.99,0.930,0.070
,1754.184,UPRIGHT,0.4325,0.0000,1.0000,200.0,0.0,0.000,0.000,0.083,0.99,0.643,0.070
,1754.189,UPRIGHT,0.4325,0.0000,1.0000,200.0,0.0,0.000,0.000,0.082,0.99,0.930,0.070
,1754.197,UPRIGHT,0.4325,0.0000,1.0000,200.0,0.0,0.000,0.000,0.082,0.99,0.930,0.070
,1754.201,UPRIGHT,0.4325,0.0000,1.0000,200.0,0.0,0.000,0.000,0.082,0.98,0.930,0.070
,1754.205,UPRIGHT,0.4325,0.0000,1.0000,200.0,0.0,0.000,0.000,0.082,0.98,0.930,0.070
,1754.210,UPRIGHT,0.4325,0.0000,1.0000,200.0,0.0,0.000,0.000,0.082,0.98,0.931,0.069
,1754.215,UPRIGHT,0.4325,0.0000,1.0000,200.0,0.0,0.000,0.000,0.081,0.98,0.931,0.069
,1754.219,UPRIGHT,0.4325,0.0000,1.0000,200.0,-7.6,0.000,0.000,0.081,0.98,0.931,0.069
,1754.228,UPRIGHT,0.4325,0.0000,1.0000,200.0,-7.6,0.000,0.000,0.081,0.97,0.931,0.069
,1754.233,UPRIGHT,0.4325,0.0000,1.0000,200.0,-7.6,0.000,0.000,0.081,0.97,0.931,0.069
,1754.237,UPRIGHT,0.4325,0.0000,1.0000,200.0,-7.6,0.000,0.000,0.081,0.97,0.931,0.069
,1754.241,UPRIGHT,0.4325,0.0000,1.0000,200.0,-7.6,0.000,0.000,0.080,0.97,0.932,0.068
,1754.246,UPRIGHT,0.4480,0.0000,1.0000,226.8,-7.6,0.000,0.000,0.080,0.96,0.678,0.068
,1754.250,UPRIGHT,0.4480,0.0000,1.0000,226.8,-7.6,0.000,0.000,0.080,0.96,0.932,0.068
,1754.254,UPRIGHT,0.4480,0.0000,1.0000,226.8,-7.6,0.000,0.000,0.080,0.96,0.932,0.068
,1754.259,UPRIGHT,0.4480,0.0000,1.0000,226.8,-7.6,0.000,0.000,0.080,0.96,0.932,0.068
,1754.263,UPRIGHT,0.4480,0.0000,1.0000,226.8,-7.6,0.000,0.000,0.080,0.96,0.932,0.068
,1754.268,UPRIGHT,0.4480,0.0000,1.0000,226.8,-7.6,0.000,0.000,0.080,0.95,0.932,0.068
,1754.272,UPRIGHT,0.4480,0.0000,1.0000,226.8,-7.6,0.000,0.000,0.079,0.95,0.933,0.067
,1754.292,UPRIGHT,0.4480,0.0000,1.0000,226.8,-7.6,0.000,0.000,0.079,0.94,0.933,0.067
,1754.296,UPRIGHT,0.4480,0.0000,1.0000,226.8,-7.6,0.000,0.000,0.078,0.94,0.933,0.067
,1754.301,UPRIGHT,0.4480,0.0000,1.0000,226.8,-7.6,0.000,0.000,0.078,0.94,0.933,0.067
,1754.306,UPRIGHT,0.4480,0.0000,1.0000,226.8,-7.6,0.000,0.000,0.078,0.94,0.934,0.066
,1754.310,UPRIGHT,0.4480,0.0000,1.0000,226.8,-7.6,0.000,0.000,0.078,0.94,0.934,0.066
,1754.314,UPRIGHT,0.4480,0.0000,1.0000,226.8,-7.6,0.000,0.000,0.078,0.93,0.934,0.066
,1754.319,UPRIGHT,0.4480,0.0000,1.0000,226.8,-7.6,0.000,0.000,0.078,0.93,0.934,0.066
,1754.339,UPRIGHT,0.4480,0.0000,1.0000,226.8,-7.6,0.000,0.000,0.077,0.92,0.935,0.065
,1754.345,UPRIGHT,0.4480,0.0000,1.0000,226.8,-14.8,0.000,0.000,0.077,0.92,0.935,0.065
,1754.349,UPRIGHT,0.4480,0.0000,1.0000,226.8,-14.8,0.000,0.000,0.077,0.92,0.935,0.065
,1754.354,UPRIGHT,0.4480,0.0000,1.0000,226.8,-14.8,0.000,0.000,0.076,0.92,0.935,0.065
,1754.358,UPRIGHT,0.4480,0.0000,1.0000,226.8,-14.8,0.000,0.000,0.076,0.91,0.935,0.065
,1754.362,UPRIGHT,0.4480,0.0000,1.0000,226.8,-14.8,0.000,0.000,0.076,0.91,0.935,0.065
,1754.367,UPRIGHT,0.4480,0.0000,1.0000,226.8,-14.8,0.000,0.000,0.076,0.91,0.935,0.065
,1754.371,UPRIGHT,0.4268,0.0000,1.0000,200.0,-14.8,0.000,0.000,0.076,0.91,0.551,0.064
,1754.375,UPRIGHT,0.4268,0.0000,1.0000,200.0,-14.8,0.000,0.000,0.076,0.91,0.936,0.064
,1754.380,UPRIGHT,0.4268,0.0000,1.0000,200.0,-14.8,0.000,0.000,0.075,0.91,0.936,0.064
,1754.384,UPRIGHT,0.4268,0.0000,1.0000,200.0,-14.8,0.000,0.000,0.075,0.90,0.936,0.064
,1754.389,UPRIGHT,0.4268,0.0000,1.0000,200.0,-14.8,0.000,0.000,0.075,0.90,0.936,0.064
,1754.393,UPRIGHT,0.4268,0.0000,1.0000,200.0,-14.8,0.000,0.000,0.075,0.90,0.936,0.064
,1754.398,UPRIGHT,0.4268,0.0000,1.0000,200.0,-14.8,0.000,0.000,0.075,0.90,0.936,0.064
,1754.418,UPRIGHT,0.4268,0.0000,1.0000,200.0,-21.6,0.000,0.000,0.074,0.89,0.937,0.063
,1754.423,UPRIGHT,0.4268,0.0000,1.0000,200.0,-21.6,0.000,0.000,0.074,0.89,0.937,0.063
,1754.428,UPRIGHT,0.4268,0.0000,1.0000,200.0,-21.6,0.000,0.000,0.074,0.88,0.937,0.063
,1754.433,UPRIGHT,0.4268,0.0000,1.0000,200.0,-21.6,0.000,0.000,0.074,0.88,0.938,0.062
,1754.437,UPRIGHT,0.4374,0.0000,1.0000,200.0,-21.6,0.000,0.000,0.073,0.88,0.772,0.062
,1754.441,UPRIGHT,0.4374,0.0000,1.0000,200.0,-21.6,0.000,0.000,0.073,0.88,0.938,0.062
,1754.445,UPRIGHT,0.4374,0.0000,1.0000,200.0,-21.6,0.000,0.000,0.073,0.88,0.938,0.062
,1754.450,UPRIGHT,0.4374,0.0000,1.0000,200.0,-21.6,0.000,0.000,0.073,0.87,0.938,0.062
,1754.454,UPRIGHT,0.4374,0.0000,1.0000,200.0,-21.6,0.000,0.000,0.073,0.87,0.938,0.062
,1754.459,UPRIGHT,0.4374,0.0000,1.0000,200.0,-21.6,0.000,0.000,0.073,0.87,0.938,0.062
,1754.465,UPRIGHT,0.4374,0.0000,1.0000,200.0,-21.6,0.000,0.000,0.072,0.87,0.939,0.061
,1754.469,UPRIGHT,0.4374,0.0000,1.0000,200.0,-24.9,0.000,0.000,0.072,0.87,0.939,0.061
,1754.480,UPRIGHT,0.4374,0.0000,1.0000,200.0,-28.1,0.000,0.000,0.072,0.86,0.939,0.061
,1754.484,UPRIGHT,0.4374,0.0000,1.0000,200.0,-28.1,0.000,0.000,0.072,0.86,0.939,0.061
,1754.489,UPRIGHT,0.4374,0.0000,1.0000,200.0,-28.1,0.000,0.000,0.071,0.86,0.939,0.061
,1754.495,UPRIGHT,0.4374,0.0000,1.0000,200.0,-28.1,0.000,0.000,0.071,0.85,0.939,0.061
,1754.499,UPRIGHT,0.4405,0.0000,1.0000,200.0,-28.1,0.000,0.000,0.071,0.85,0.891,0.060
,1754.504,UPRIGHT,0.4405,0.0000,1.0000,200.0,-28.1,0.000,0.000,0.071,0.85,0.940,0.060
,1754.511,UPRIGHT,0.4405,0.0000,1.0000,200.0,-28.1,0.000,0.000,0.071,0.85,0.940,0.060
,1754.515,UPRIGHT,0.4405,0.0000,1.0000,200.0,-28.1,0.000,0.000,0.071,0.85,0.940,0.060
,1754.520,UPRIGHT,0.4405,0.0000,1.0000,200.0,-28.1,0.000,0.000,0.070,0.84,0.940,0.060
,1754.524,UPRIGHT,0.4405,0.0000,1.0000,200.0,-28.1,0.000,0.000,0.070,0.84,0.940,0.060
,1754.528,UPRIGHT,0.4405,0.0000,1.0000,200.0,-28.1,0.000,0.000,0.070,0.84,0.940,0.060
,1754.533,UPRIGHT,0.4405,0.0000,1.0000,200.0,-28.1,0.000,0.000,0.070,0.84,0.941,0.059
,1754.542,UPRIGHT,0.4405,0.0000,1.0000,200.0,-40.0,0.000,0.000,0.070,0.83,0.941,0.059
,1754.557,UPRIGHT,0.4405,0.0000,1.0000,200.0,-40.0,0.000,0.000,0.069,0.83,0.941,0.059
,1754.563,UPRIGHT,0.4444,0.0000,1.0000,200.0,-40.0,0.000,0.000,0.069,0.83,0.879,0.058
,1754.568,UPRIGHT,0.4444,0.0000,1.0000,200.0,-40.0,0.000,0.000,0.069,0.82,0.942,0.058
,1754.572,UPRIGHT,0.4444,0.0000,1.0000,200.0,-40.0,0.000,0.000,0.068,0.82,0.942,0.058
,1754.576,UPRIGHT,0.4444,0.0000,1.0000,200.0,-40.0,0.000,0.000,0.068,0.82,0.942,0.058
,1754.580,UPRIGHT,0.4444,0.0000,1.0000,200.0,-40.0,0.000,0.000,0.068,0.82,0.942,0.058
,1754.585,UPRIGHT,0.4444,0.0000,1.0000,200.0,-40.0,0.000,0.000,0.068,0.82,0.942,0.058
,1754.589,UPRIGHT,0.4444,0.0000,1.0000,200.0,-40.0,0.000,0.000,0.068,0.81,0.942,0.058
,1754.604,UPRIGHT,0.4444,0.0000,1.0000,200.0,-40.0,0.000,0.000,0.067,0.81,0.943,0.057
,1754.608,UPRIGHT,0.4444,0.0000,1.0000,200.0,-40.0,0.000,0.000,0.067,0.81,0.943,0.057
,1754.613,UPRIGHT,0.4444,0.0000,1.0000,200.0,-40.0,0.000,0.000,0.067,0.80,0.943,0.057
,1754.619,UPRIGHT,0.4444,0.0000,1.0000,200.0,-40.0,0.000,0.000,0.067,0.80,0.943,0.057
,1754.635,UPRIGHT,0.4444,0.0000,1.0000,200.0,-40.0,0.000,0.000,0.066,0.79,0.944,0.056
,1754.639,UPRIGHT,0.4444,0.0000,1.0000,200.0,-40.0,0.000,0.000,0.066,0.79,0.944,0.056
,1754.643,UPRIGHT,0.4444,0.0000,1.0000,200.0,-40.0,0.000,0.000,0.066,0.79,0.944,0.056
,1754.648,UPRIGHT,0.4444,0.0000,1.0000,200.0,-40.0,0.000,0.000,0.066,0.79,0.944,0.056
,1754.652,UPRIGHT,0.4444,0.0000,1.0000,200.0,-40.0,0.000,0.000,0.066,0.79,0.944,0.056
,1754.656,UPRIGHT,0.4444,0.0000,1.0000,200.0,-40.0,0.000,0.000,0.065,0.79,0.944,0.056
,1754.661,UPRIGHT,0.4444,0.0000,1.0000,200.0,-44.1,0.000,0.000,0.065,0.78,0.944,0.056
,1754.665,UPRIGHT,0.4444,0.0000,1.0000,200.0,-48.2,0.000,0.000,0.065,0.78,0.945,0.055
,1754.669,UPRIGHT,0.4444,0.0000,1.0000,200.0,-48.2,0.000,0.000,0.065,0.78,0.945,0.055
,1754.674,UPRIGHT,0.4444,0.0000,1.0000,200.0,-48.2,0.000,0.000,0.065,0.78,0.945,0.055
,1754.682,UPRIGHT,0.4444,0.0000,1.0000,200.0,-48.2,0.000,0.000,0.065,0.77,0.945,0.055
,1754.687,UPRIGHT,0.4563,0.0000,1.0000,200.0,-48.2,0.000,0.000,0.064,0.77,0.744,0.055
,1754.691,UPRIGHT,0.4563,0.0000,1.0000,200.0,-48.2,0.000,0.000,0.064,0.77,0.945,0.055
,1754.695,UPRIGHT,0.4563,0.0000,1.0000,200.0,-48.2,0.000,0.000,0.064,0.77,0.946,0.054
,1754.700,UPRIGHT,0.4563,0.0000,1.0000,200.0,-48.2,0.000,0.000,0.064,0.77,0.946,0.054
,1754.713,UPRIGHT,0.4563,0.0000,1.0000,200.0,-48.2,0.000,0.000,0.063,0.76,0.946,0.054
,1754.729,UPRIGHT,0.4563,0.0000,1.0000,200.0,-48.2,0.000,0.000,0.063,0.75,0.947,0.053
,1754.734,UPRIGHT,0.4563,0.0000,1.0000,200.0,-48.2,0.000,0.000,0.063,0.75,0.947,0.053
,1754.745,UPRIGHT,0.4563,0.0000,1.0000,200.0,-48.2,0.000,0.000,0.062,0.75,0.947,0.053
,1754.750,UPRIGHT,0.4599,0.0000,1.0000,206.2,-48.2,0.000,0.000,0.062,0.75,0.891,0.053
,1754.754,UPRIGHT,0.4599,0.0000,1.0000,206.2,-48.2,0.000,0.000,0.062,0.74,0.947,0.053
,1754.758,UPRIGHT,0.4599,0.0000,1.0000,206.2,-48.2,0.000,0.000,0.062,0.74,0.947,0.053
,1754.776,UPRIGHT,0.4599,0.0000,1.0000,206.2,-48.2,0.000,0.000,0.061,0.74,0.948,0.052
,1754.782,UPRIGHT,0.4599,0.0000,1.0000,206.2,-48.2,0.000,0.000,0.061,0.73,0.948,0.052
,1754.786,UPRIGHT,0.4599,0.0000,1.0000,206.2,-48.2,0.000,0.000,0.061,0.73,0.948,0.052
,1754.807,UPRIGHT,0.4599,0.0000,1.0000,206.2,-48.2,0.000,0.000,0.060,0.72,0.949,0.051
,1754.817,UPRIGHT,0.4638,0.0000,0.9756,213.5,-48.2,0.000,0.000,0.060,0.72,0.845,0.051
,1754.822,UPRIGHT,0.4638,0.0000,0.9756,213.5,-48.2,0.000,0.000,0.060,0.72,0.949,0.051
,1754.838,UPRIGHT,0.4638,0.0000,0.9756,213.5,-48.2,0.000,0.000,0.059,0.71,0.950,0.050
,1754.846,UPRIGHT,0.4638,0.0000,0.9756,213.5,-48.2,0.000,0.000,0.059,0.71,0.950,0.050
,1754.851,UPRIGHT,0.4638,0.0000,0.9756,213.5,-48.2,0.000,0.000,0.059,0.70,0.950,0.050
,1754.870,UPRIGHT,0.4638,0.0000,0.9756,213.5,-48.2,0.000,0.000,0.058,0.70,0.951,0.049
,1754.879,UPRIGHT,0.4638,0.0000,0.9756,213.5,-53.4,0.000,0.000,0.058,0.69,0.951,0.049
,1754.884,UPRIGHT,0.4638,0.0000,0.9756,213.5,-53.4,0.000,0.000,0.057,0.69,0.951,0.049
,1754.889,UPRIGHT,0.4638,0.0000,0.9756,213.5,-53.4,0.000,0.000,0.057,0.69,0.951,0.049
,1754.902,UPRIGHT,0.4638,0.0000,0.9756,213.5,-53.4,0.000,0.000,0.057,0.68,0.952,0.048
,1754.906,UPRIGHT,0.4638,0.0000,0.9756,213.5,-53.4,0.000,0.000,0.057,0.68,0.952,0.048
,1754.916,UPRIGHT,0.4638,0.0000,0.9756,213.5,-53.4,0.000,0.000,0.056,0.68,0.952,0.048
,1754.921,UPRIGHT,0.4638,0.0000,0.9756,213.5,-53.4,0.000,0.000,0.056,0.67,0.952,0.048
,1754.925,UPRIGHT,0.4638,0.0000,0.9756,213.5,-53.4,0.000,0.000,0.056,0.67,0.952,0.048
,1754.932,UPRIGHT,0.4771,0.0000,0.9756,232.6,-53.4,0.000,0.000,0.056,0.67,0.701,0.047
,1754.936,UPRIGHT,0.4771,0.0000,0.9756,232.6,-53.4,0.000,0.000,0.056,0.67,0.953,0.047
,1754.941,UPRIGHT,0.4771,0.0000,0.9756,232.6,-53.4,0.000,0.000,0.055,0.67,0.953,0.047
,1754.947,UPRIGHT,0.4771,0.0000,0.9756,232.6,-53.4,0.000,0.000,0.055,0.66,0.953,0.047
,1754.952,UPRIGHT,0.4771,0.0000,0.9756,232.6,-53.4,0.000,0.000,0.055,0.66,0.953,0.047
,1754.956,UPRIGHT,0.4771,0.0000,0.9756,232.6,-53.4,0.000,0.000,0.055,0.66,0.953,0.047
,1754.963,UPRIGHT,0.4771,0.0000,0.9756,232.6,-53.4,0.000,0.000,0.055,0.66,0.953,0.047
,1754.968,UPRIGHT,0.4771,0.0000,0.9756,232.6,-53.4,0.000,0.000,0.055,0.65,0.954,0.046
,1754.972,UPRIGHT,0.4771,0.0000,0.9756,232.6,-53.4,0.000,0.000,0.054,0.65,0.954,0.046
,1754.977,UPRIGHT,0.4771,0.0000,0.9756,232.6,-53.4,0.000,0.000,0.054,0.65,0.954,0.046
,1754.982,UPRIGHT,0.4771,0.0000,0.9756,232.6,-53.4,0.000,0.000,0.054,0.65,0.954,0.046
,1754.986,UPRIGHT,0.4771,0.0000,0.9756,232.6,-53.4,0.000,0.000,0.054,0.65,0.954,0.046
,1754.993,UPRIGHT,0.4771,0.0000,0.9756,232.6,-53.4,0.000,0.000,0.054,0.64,0.954,0.046
,1754.998,UPRIGHT,0.6014,0.0000,1.0000,255.5,-53.4,0.000,0.000,0.053,0.64,0.000,0.045
,1755.002,UPRIGHT,0.6014,0.0000,1.0000,255.5,-53.4,0.000,0.000,0.053,0.64,0.955,0.045
,1755.006,UPRIGHT,0.6014,0.0000,1.0000,255.5,-53.4,0.000,0.000,0.053,0.64,0.955,0.045
,1755.010,UPRIGHT,0.6014,0.0000,1.0000,255.5,-53.4,0.000,0.000,0.053,0.64,0.955,0.045
,1755.015,UPRIGHT,0.6014,0.0000,1.0000,255.5,-53.4,0.000,0.000,0.053,0.63,0.955,0.045
,1755.019,UPRIGHT,0.6014,0.0000,1.0000,255.5,-53.4,0.000,0.000,0.053,0.63,0.955,0.045
,1755.040,UPRIGHT,0.6014,0.0000,1.0000,255.5,-53.4,0.000,0.000,0.052,0.62,0.956,0.044
,1755.044,UPRIGHT,0.6014,0.0000,1.0000,255.5,-53.4,0.000,0.000,0.052,0.62,0.956,0.044
,1755.056,UPRIGHT,0.6014,0.0000,1.0000,255.5,-53.4,0.000,0.000,0.051,0.62,0.956,0.044
,1755.061,UPRIGHT,0.5291,0.0000,1.0000,238.7,-53.4,0.000,0.000,0.051,0.62,0.000,0.044
,1755.066,UPRIGHT,0.5291,0.0000,1.0000,238.7,-53.4,0.000,0.000,0.051,0.61,0.957,0.043
,1755.070,UPRIGHT,0.5291,0.0000,1.0000,238.7,-53.4,0.000,0.000,0.051,0.61,0.957,0.043
,1755.075,UPRIGHT,0.5291,0.0000,1.0000,238.7,-53.4,0.000,0.000,0.051,0.61,0.957,0.043
,1755.080,UPRIGHT,0.5291,0.0000,1.0000,238.7,-53.4,0.000,0.000,0.051,0.61,0.957,0.043
,1755.085,UPRIGHT,0.5291,0.0000,1.0000,238.7,-53.4,0.000,0.000,0.051,0.61,0.957,0.043
,1755.090,UPRIGHT,0.5291,0.0000,1.0000,238.7,-53.4,0.000,0.000,0.050,0.60,0.957,0.043
,1755.094,UPRIGHT,0.5291,0.0000,1.0000,238.7,-53.4,0.000,0.000,0.050,0.60,0.957,0.043
,1755.098,UPRIGHT,0.5291,0.0000,1.0000,238.7,-53.4,0.000,0.000,0.050,0.60,0.957,0.043
,1755.103,UPRIGHT,0.5291,0.0000,1.0000,238.7,-53.4,0.000,0.000,0.050,0.60,0.958,0.042
,1755.107,UPRIGHT,0.5291,0.0000,1.0000,238.7,-53.4,0.000,0.000,0.050,0.60,0.958,0.042
,1755.119,UPRIGHT,0.5317,0.0000,1.0000,238.7,-53.4,0.000,0.000,0.049,0.59,0.676,0.042
,1755.124,UPRIGHT,0.5317,0.0000,1.0000,238.7,-53.4,0.000,0.000,0.049,0.59,0.958,0.042
,1755.128,UPRIGHT,0.5317,0.0000,1.0000,238.7,-53.4,0.000,0.000,0.049,0.59,0.958,0.042
,1755.133,UPRIGHT,0.5317,0.0000,1.0000,238.7,-53.4,0.000,0.000,0.049,0.59,0.958,0.042
,1755.137,UPRIGHT,0.5317,0.0000,1.0000,238.7,-53.4,0.000,0.000,0.049,0.58,0.959,0.041
,1755.150,UPRIGHT,0.5317,0.0000,1.0000,238.7,-53.4,0.000,0.000,0.048,0.58,0.959,0.041
,1755.155,UPRIGHT,0.5317,0.0000,1.0000,238.7,-53.4,0.000,0.000,0.048,0.58,0.959,0.041
,1755.159,UPRIGHT,0.5317,0.0000,1.0000,238.7,-53.4,0.000,0.000,0.048,0.58,0.959,0.041
,1755.166,UPRIGHT,0.5317,0.0000,1.0000,238.7,-53.4,0.000,0.000,0.048,0.57,0.959,0.041
,1755.170,UPRIGHT,0.5317,0.0000,1.0000,238.7,-53.4,0.000,0.000,0.048,0.57,0.960,0.040
,1755.175,UPRIGHT,0.5317,0.0000,1.0000,238.7,-53.4,0.000,0.000,0.047,0.57,0.960,0.040
,1755.180,UPRIGHT,0.5317,0.0000,1.0000,238.7,-53.4,0.000,0.000,0.047,0.57,0.960,0.040
,1755.184,UPRIGHT,0.5317,0.0000,1.0000,238.7,-53.4,0.000,0.000,0.047,0.57,0.960,0.040
,1755.189,UPRIGHT,0.5317,0.0000,1.0000,238.7,-53.4,0.000,0.000,0.047,0.56,0.960,0.040
,1755.193,UPRIGHT,0.5317,0.0000,1.0000,238.7,-53.4,0.000,0.000,0.047,0.56,0.960,0.040
,1755.198,UPRIGHT,0.5317,0.0000,1.0000,238.7,-53.4,0.000,0.000,0.047,0.56,0.960,0.040
,1755.203,UPRIGHT,0.5317,0.0000,1.0000,238.7,-53.4,0.000,0.000,0.046,0.56,0.960,0.040
,1755.207,UPRIGHT,0.5317,0.0000,1.0000,238.7,-53.4,0.000,0.000,0.046,0.56,0.961,0.039
,1755.212,UPRIGHT,0.5317,0.0000,1.0000,238.7,-53.4,0.000,0.000,0.046,0.55,0.961,0.039
,1755.217,UPRIGHT,0.5317,0.0000,1.0000,238.7,-53.4,0.000,0.000,0.046,0.55,0.961,0.039
,1755.221,UPRIGHT,0.5317,0.0000,1.0000,238.7,-53.4,0.000,0.000,0.046,0.55,0.961,0.039
,1755.226,UPRIGHT,0.5317,0.0000,1.0000,238.7,-53.4,0.000,0.000,0.046,0.55,0.961,0.039
,1755.231,UPRIGHT,0.5317,0.0000,1.0000,238.7,-53.4,0.000,0.000,0.045,0.55,0.961,0.039
,1755.236,UPRIGHT,0.5317,0.0000,1.0000,238.7,-53.4,0.000,0.000,0.045,0.54,0.961,0.039
,1755.241,UPRIGHT,0.5317,0.0000,1.0000,238.7,-53.4,0.000,0.000,0.045,0.54,0.962,0.038
,1755.245,UPRIGHT,0.5075,0.0000,1.0000,245.2,-53.4,0.000,0.000,0.045,0.54,0.375,0.038
,1755.251,UPRIGHT,0.5075,0.0000,1.0000,245.2,-53.4,0.000,0.000,0.045,0.54,0.962,0.038
,1755.255,UPRIGHT,0.5075,0.0000,1.0000,245.2,-53.4,0.000,0.000,0.045,0.54,0.962,0.038
,1755.260,UPRIGHT,0.5075,0.0000,1.0000,245.2,-53.4,0.000,0.000,0.045,0.53,0.962,0.038
,1755.264,UPRIGHT,0.5075,0.0000,1.0000,245.2,-53.4,0.000,0.000,0.044,0.53,0.962,0.038
,1755.269,UPRIGHT,0.5075,0.0000,1.0000,245.2,-53.4,0.000,0.000,0.044,0.53,0.962,0.038
,1755.273,UPRIGHT,0.5075,0.0000,1.0000,245.2,-53.4,0.000,0.000,0.044,0.53,0.963,0.037
,1755.278,UPRIGHT,0.5075,0.0000,1.0000,245.2,-53.4,0.000,0.000,0.044,0.53,0.963,0.037
,1755.282,UPRIGHT,0.5075,0.0000,1.0000,245.2,-53.4,0.000,0.000,0.044,0.53,0.963,0.037
,1755.287,UPRIGHT,0.5075,0.0000,1.0000,245.2,-53.4,0.000,0.000,0.044,0.52,0.963,0.037
,1755.291,UPRIGHT,0.5075,0.0000,1.0000,245.2,-53.4,0.000,0.000,0.043,0.52,0.963,0.037
,1755.307,UPRIGHT,0.5075,0.0000,1.0000,245.2,-53.4,0.000,0.000,0.043,0.52,0.964,0.036
,1755.311,UPRIGHT,0.5044,0.0000,1.0000,252.0,-53.4,0.000,0.000,0.043,0.51,0.787,0.036
,1755.317,UPRIGHT,0.5044,0.0000,1.0000,252.0,-53.4,0.000,0.000,0.043,0.51,0.964,0.036
,1755.321,UPRIGHT,0.5044,0.0000,1.0000,252.0,-53.4,0.000,0.000,0.042,0.51,0.964,0.036
,1755.325,UPRIGHT,0.5044,0.0000,1.0000,252.0,-53.4,0.000,0.000,0.042,0.51,0.964,0.036
,1755.330,UPRIGHT,0.5044,0.0000,1.0000,252.0,-53.4,0.000,0.000,0.042,0.51,0.964,0.036
,1755.334,UPRIGHT,0.5044,0.0000,1.0000,252.0,-53.4,0.000,0.000,0.042,0.50,0.964,0.036
,1755.355,UPRIGHT,0.5044,0.0000,1.0000,252.0,-53.4,0.000,0.000,0.041,0.50,0.965,0.035
,1755.359,UPRIGHT,0.5044,0.0000,1.0000,252.0,-53.4,0.000,0.000,0.041,0.49,0.965,0.035
,1755.363,UPRIGHT,0.5044,0.0000,1.0000,252.0,-46.7,0.000,0.000,0.041,0.49,0.965,0.035
,1755.368,UPRIGHT,0.5044,0.0000,1.0000,252.0,-40.0,0.000,0.000,0.041,0.49,0.965,0.035
,1755.386,UPRIGHT,0.5062,0.0000,1.0000,255.5,-40.0,0.000,0.000,0.040,0.48,0.881,0.034
,1755.391,UPRIGHT,0.5062,0.0000,1.0000,255.5,-40.0,0.000,0.000,0.040,0.48,0.966,0.034
,1755.395,UPRIGHT,0.5062,0.0000,1.0000,255.5,-40.0,0.000,0.000,0.040,0.48,0.966,0.034
,1755.400,UPRIGHT,0.5062,0.0000,1.0000,255.5,-40.0,0.000,0.000,0.040,0.48,0.966,0.034
,1755.405,UPRIGHT,0.5062,0.0000,1.0000,255.5,-40.0,0.000,0.000,0.040,0.48,0.966,0.034
,1755.409,UPRIGHT,0.5062,0.0000,1.0000,255.5,-40.0,0.000,0.000,0.040,0.47,0.966,0.034
,1755.413,UPRIGHT,0.5062,0.0000,1.0000,255.5,-40.0,0.000,0.000,0.039,0.47,0.967,0.033
,1755.418,UPRIGHT,0.5062,0.0000,1.0000,255.5,-40.0,0.000,0.000,0.039,0.47,0.967,0.033
,1755.422,UPRIGHT,0.5062,0.0000,1.0000,255.5,-40.0,0.000,0.000,0.039,0.47,0.967,0.033
,1755.426,UPRIGHT,0.5062,0.0000,1.0000,255.5,-40.0,0.000,0.000,0.039,0.47,0.967,0.033
,1755.430,UPRIGHT,0.5062,0.0000,1.0000,255.5,-40.0,0.000,0.000,0.039,0.47,0.967,0.033
,1755.434,UPRIGHT,0.5101,0.0000,1.0000,255.5,-40.0,0.000,0.000,0.039,0.46,0.903,0.033
,1755.439,UPRIGHT,0.5101,0.0000,1.0000,255.5,-40.0,0.000,0.000,0.039,0.46,0.967,0.033
,1755.449,UPRIGHT,0.5101,0.0000,1.0000,255.5,-40.0,0.000,0.000,0.038,0.46,0.968,0.032
,1755.453,UPRIGHT,0.5101,0.0000,1.0000,255.5,-40.0,0.000,0.000,0.038,0.46,0.968,0.032
,1755.458,UPRIGHT,0.5101,0.0000,1.0000,255.5,-40.0,0.000,0.000,0.038,0.45,0.968,0.032
,1755.462,UPRIGHT,0.5101,0.0000,1.0000,255.5,-40.0,0.000,0.000,0.038,0.45,0.968,0.032
,1755.467,UPRIGHT,0.5101,0.0000,1.0000,255.5,-40.0,0.000,0.000,0.038,0.45,0.968,0.032
,1755.480,UPRIGHT,0.5101,0.0000,1.0000,255.5,-34.2,0.000,0.000,0.037,0.45,0.968,0.032
,1755.484,UPRIGHT,0.5101,0.0000,1.0000,255.5,-34.2,0.000,0.000,0.037,0.44,0.969,0.031
,1755.489,UPRIGHT,0.5101,0.0000,1.0000,255.5,-34.2,0.000,0.000,0.037,0.44,0.969,0.031
,1755.495,UPRIGHT,0.5101,0.0000,1.0000,255.5,-34.2,0.000,0.000,0.037,0.44,0.969,0.031
,1755.500,UPRIGHT,0.5101,0.0000,1.0000,255.5,-34.2,0.000,0.000,0.036,0.44,0.969,0.031
,1755.504,UPRIGHT,0.5101,0.0000,1.0000,255.5,-34.2,0.000,0.000,0.036,0.44,0.969,0.031
,1755.511,UPRIGHT,0.5101,0.0000,1.0000,255.5,-34.2,0.000,0.000,0.036,0.43,0.969,0.031
,1755.516,UPRIGHT,0.5101,0.0000,1.0000,255.5,-34.2,0.000,0.000,0.036,0.43,0.969,0.031
,1755.520,UPRIGHT,0.5101,0.0000,1.0000,255.5,-34.2,0.000,0.000,0.036,0.43,0.970,0.030
,1755.526,UPRIGHT,0.5101,0.0000,1.0000,255.5,-34.2,0.000,0.000,0.036,0.43,0.970,0.030
,1755.530,UPRIGHT,0.5101,0.0000,1.0000,255.5,-34.2,0.000,0.000,0.035,0.43,0.970,0.030
,1755.535,UPRIGHT,0.5101,0.0000,1.0000,255.5,-34.2,0.000,0.000,0.035,0.42,0.970,0.030
,1755.542,UPRIGHT,0.5101,0.0000,1.0000,255.5,-34.2,0.000,0.000,0.035,0.42,0.970,0.030
,1755.557,UPRIGHT,0.5101,0.0000,1.0000,255.5,-34.2,0.000,0.000,0.035,0.41,0.971,0.029
,1755.562,UPRIGHT,0.5128,0.0000,1.0000,252.0,-28.1,0.000,0.000,0.034,0.41,0.871,0.029
,1755.567,UPRIGHT,0.5128,0.0000,1.0000,252.0,-28.1,0.000,0.000,0.034,0.41,0.971,0.029
,1755.571,UPRIGHT,0.5128,0.0000,1.0000,252.0,-28.1,0.000,0.000,0.034,0.41,0.971,0.029
,1755.576,UPRIGHT,0.5128,0.0000,1.0000,252.0,-28.1,0.000,0.000,0.034,0.41,0.971,0.029
,1755.581,UPRIGHT,0.5128,0.0000,1.0000,252.0,-28.1,0.000,0.000,0.034,0.41,0.971,0.029
,1755.585,UPRIGHT,0.5128,0.0000,1.0000,252.0,-28.1,0.000,0.000,0.034,0.40,0.971,0.029
,1755.589,UPRIGHT,0.5128,0.0000,1.0000,252.0,-28.1,0.000,0.000,0.033,0.40,0.972,0.028
,1755.604,UPRIGHT,0.5128,0.0000,1.0000,252.0,-28.1,0.000,0.000,0.033,0.40,0.972,0.028
,1755.609,UPRIGHT,0.5128,0.0000,1.0000,252.0,-28.1,0.000,0.000,0.033,0.39,0.972,0.028
,1755.614,UPRIGHT,0.5128,0.0000,1.0000,252.0,-28.1,0.000,0.000,0.033,0.39,0.972,0.028
,1755.618,UPRIGHT,0.5128,0.0000,1.0000,252.0,-28.1,0.000,0.000,0.033,0.39,0.972,0.028
,1755.635,UPRIGHT,0.5159,0.0000,1.0000,252.0,-28.1,0.000,0.000,0.032,0.38,0.908,0.027
,1755.641,UPRIGHT,0.5159,0.0000,1.0000,252.0,-28.1,0.000,0.000,0.032,0.38,0.973,0.027
,1755.650,UPRIGHT,0.5159,0.0000,1.0000,252.0,-28.1,0.000,0.000,0.031,0.38,0.973,0.027
,1755.655,UPRIGHT,0.5159,0.0000,1.0000,252.0,-28.1,0.000,0.000,0.031,0.38,0.973,0.027
,1755.660,UPRIGHT,0.5159,0.0000,1.0000,252.0,-28.1,0.000,0.000,0.031,0.37,0.974,0.026
,1755.664,UPRIGHT,0.5159,0.0000,1.0000,252.0,-28.1,0.000,0.000,0.031,0.37,0.974,0.026
,1755.669,UPRIGHT,0.5159,0.0000,1.0000,252.0,-28.1,0.000,0.000,0.031,0.37,0.974,0.026
,1755.672,UPRIGHT,0.5159,0.0000,1.0000,252.0,-28.1,0.000,0.000,0.031,0.37,0.974,0.026
,1755.677,UPRIGHT,0.5159,0.0000,1.0000,252.0,-28.1,0.000,0.000,0.031,0.37,0.974,0.026
,1755.681,UPRIGHT,0.5569,0.0000,1.0000,252.0,-28.1,0.000,0.000,0.030,0.37,0.308,0.026
,1755.685,UPRIGHT,0.5569,0.0000,1.0000,252.0,-28.1,0.000,0.000,0.030,0.36,0.974,0.026
,1755.689,UPRIGHT,0.5569,0.0000,1.0000,252.0,-28.1,0.000,0.000,0.030,0.36,0.974,0.026
,1755.697,UPRIGHT,0.5569,0.0000,1.0000,252.0,-28.1,0.000,0.000,0.030,0.36,0.975,0.025
,1755.701,UPRIGHT,0.5569,0.0000,1.0000,252.0,-28.1,0.000,0.000,0.030,0.36,0.975,0.025
,1755.705,UPRIGHT,0.5569,0.0000,1.0000,252.0,-28.1,0.000,0.000,0.030,0.36,0.975,0.025
,1755.712,UPRIGHT,0.5569,0.0000,1.0000,252.0,-28.1,0.000,0.000,0.029,0.35,0.975,0.025
,1755.717,UPRIGHT,0.5569,0.0000,1.0000,252.0,-28.1,0.000,0.000,0.029,0.35,0.975,0.025
,1755.721,UPRIGHT,0.5569,0.0000,1.0000,252.0,-28.1,0.000,0.000,0.029,0.35,0.975,0.025
,1755.728,UPRIGHT,0.5569,0.0000,1.0000,252.0,-28.1,0.000,0.000,0.029,0.35,0.975,0.025
,1755.733,UPRIGHT,0.5569,0.0000,1.0000,252.0,-28.1,0.000,0.000,0.029,0.35,0.976,0.024
,1755.737,UPRIGHT,0.5569,0.0000,1.0000,252.0,-28.1,0.000,0.000,0.029,0.34,0.976,0.024
,1755.744,UPRIGHT,0.5569,0.0000,1.0000,252.0,-28.1,0.000,0.000,0.028,0.34,0.976,0.024
,1755.749,UPRIGHT,0.5569,0.0000,1.0000,252.0,-28.1,0.000,0.000,0.028,0.34,0.976,0.024
,1755.753,UPRIGHT,0.5569,0.0000,1.0000,252.0,-28.1,0.000,0.000,0.028,0.34,0.976,0.024
,1755.757,UPRIGHT,0.5569,0.0000,1.0000,252.0,-28.1,0.000,0.000,0.028,0.34,0.976,0.024
,1755.775,UPRIGHT,0.5569,0.0000,1.0000,252.0,-21.6,0.000,0.000,0.027,0.33,0.977,0.023
,1755.779,UPRIGHT,0.5569,0.0000,1.0000,252.0,-21.6,0.000,0.000,0.027,0.33,0.977,0.023
,1755.790,UPRIGHT,0.5569,0.0000,1.0000,252.0,-21.6,0.000,0.000,0.027,0.32,0.977,0.023
,1755.806,UPRIGHT,0.5825,0.0000,1.0000,259.2,-21.6,0.000,0.000,0.026,0.32,0.503,0.022
,1755.811,UPRIGHT,0.5825,0.0000,1.0000,259.2,-21.6,0.000,0.000,0.026,0.31,0.978,0.022
,1755.816,UPRIGHT,0.5825,0.0000,1.0000,259.2,-21.6,0.000,0.000,0.026,0.31,0.978,0.022
,1755.820,UPRIGHT,0.5825,0.0000,1.0000,259.2,-21.6,0.000,0.000,0.026,0.31,0.978,0.022
,1755.825,UPRIGHT,0.5825,0.0000,1.0000,259.2,-21.6,0.000,0.000,0.026,0.31,0.978,0.022
,1755.829,UPRIGHT,0.5825,0.0000,1.0000,259.2,-21.6,0.000,0.000,0.026,0.31,0.978,0.022
,1755.833,UPRIGHT,0.5825,0.0000,1.0000,259.2,-21.6,0.000,0.000,0.025,0.31,0.978,0.022
,1755.838,UPRIGHT,0.5825,0.0000,1.0000,259.2,-21.6,0.000,0.000,0.025,0.30,0.978,0.022
,1755.843,UPRIGHT,0.5825,0.0000,1.0000,259.2,-18.2,0.000,0.000,0.025,0.30,0.979,0.021
,1755.847,UPRIGHT,0.5825,0.0000,1.0000,259.2,-14.8,0.000,0.000,0.025,0.30,0.979,0.021
,1755.852,UPRIGHT,0.5825,0.0000,1.0000,259.2,-14.8,0.000,0.000,0.025,0.30,0.979,0.021
,1755.868,UPRIGHT,0.5966,0.0000,1.0000,263.0,-14.8,0.000,0.000,0.024,0.29,0.663,0.021
,1755.873,UPRIGHT,0.5966,0.0000,1.0000,263.0,-14.8,0.000,0.000,0.024,0.29,0.979,0.021
,1755.877,UPRIGHT,0.5966,0.0000,1.0000,263.0,-14.8,0.000,0.000,0.024,0.29,0.980,0.020
,1755.882,UPRIGHT,0.5966,0.0000,1.0000,263.0,-14.8,0.000,0.000,0.024,0.29,0.980,0.020
,1755.886,UPRIGHT,0.5966,0.0000,1.0000,263.0,-14.8,0.000,0.000,0.024,0.29,0.980,0.020
,1755.890,UPRIGHT,0.5966,0.0000,1.0000,263.0,-14.8,0.000,0.000,0.024,0.28,0.980,0.020
,1755.894,UPRIGHT,0.5966,0.0000,1.0000,263.0,-14.8,0.000,0.000,0.024,0.28,0.980,0.020
,1755.899,UPRIGHT,0.5966,0.0000,1.0000,263.0,-14.8,0.000,0.000,0.023,0.28,0.980,0.020
,1755.903,UPRIGHT,0.5966,0.0000,1.0000,263.0,-14.8,0.000,0.000,0.023,0.28,0.980,0.020
,1755.908,UPRIGHT,0.5966,0.0000,1.0000,263.0,-14.8,0.000,0.000,0.023,0.28,0.980,0.020
,1755.912,UPRIGHT,0.5966,0.0000,1.0000,263.0,-14.8,0.000,0.000,0.023,0.28,0.980,0.020
,1755.917,UPRIGHT,0.5966,0.0000,1.0000,263.0,-14.8,0.000,0.000,0.023,0.27,0.981,0.019
,1755.922,UPRIGHT,0.5966,0.0000,1.0000,263.0,-14.8,0.000,0.000,0.023,0.27,0.981,0.019
,1755.926,UPRIGHT,0.5966,0.0000,1.0000,263.0,-14.8,0.000,0.000,0.023,0.27,0.981,0.019
,1755.931,UPRIGHT,0.5886,0.0000,1.0000,259.2,-14.8,0.000,0.000,0.022,0.27,0.664,0.019
,1755.936,UPRIGHT,0.5886,0.0000,1.0000,259.2,-14.8,0.000,0.000,0.022,0.27,0.981,0.019
,1755.940,UPRIGHT,0.5886,0.0000,1.0000,259.2,-14.8,0.000,0.000,0.022,0.26,0.981,0.019
,1755.944,UPRIGHT,0.5886,0.0000,1.0000,259.2,-14.8,0.000,0.000,0.022,0.26,0.981,0.019
,1755.948,UPRIGHT,0.5886,0.0000,1.0000,259.2,-14.8,0.000,0.000,0.022,0.26,0.981,0.019
,1755.952,UPRIGHT,0.5886,0.0000,1.0000,259.2,-14.8,0.000,0.000,0.022,0.26,0.982,0.018
,1755.957,UPRIGHT,0.5886,0.0000,1.0000,259.2,-14.8,0.000,0.000,0.022,0.26,0.982,0.018
,1755.961,UPRIGHT,0.5886,0.0000,1.0000,259.2,-14.8,0.000,0.000,0.021,0.26,0.982,0.018
,1755.966,UPRIGHT,0.5886,0.0000,1.0000,259.2,-14.8,0.000,0.000,0.021,0.25,0.982,0.018
,1755.970,UPRIGHT,0.5886,0.0000,1.0000,259.2,-14.8,0.000,0.000,0.021,0.25,0.982,0.018
,1755.975,UPRIGHT,0.5886,0.0000,1.0000,259.2,-14.8,0.000,0.000,0.021,0.25,0.982,0.018
,1755.991,UPRIGHT,0.5886,0.0000,1.0000,259.2,-14.8,0.000,0.000,0.020,0.24,0.983,0.017
,1755.995,UPRIGHT,0.5886,0.0000,1.0000,259.2,-14.8,0.000,0.000,0.020,0.24,0.983,0.017
,1756.000,UPRIGHT,0.5886,0.0000,1.0000,259.2,-14.8,0.000,0.000,0.020,0.24,0.983,0.017
,1756.004,UPRIGHT,0.5886,0.0000,1.0000,259.2,-14.8,0.000,0.000,0.020,0.24,0.983,0.017
,1756.009,UPRIGHT,0.5886,0.0000,1.0000,259.2,-14.8,0.000,0.000,0.020,0.24,0.983,0.017
,1756.013,UPRIGHT,0.5886,0.0000,1.0000,259.2,-14.8,0.000,0.000,0.020,0.24,0.983,0.017
,1756.017,UPRIGHT,0.5886,0.0000,1.0000,259.2,-14.8,0.000,0.000,0.020,0.23,0.983,0.017
,1756.021,UPRIGHT,0.5886,0.0000,1.0000,259.2,-14.8,0.000,0.000,0.019,0.23,0.983,0.017
,1756.025,UPRIGHT,0.5886,0.0000,1.0000,259.2,-14.8,0.000,0.000,0.019,0.23,0.984,0.016
,1756.030,UPRIGHT,0.5886,0.0000,1.0000,259.2,-14.8,0.000,0.000,0.019,0.23,0.984,0.016
,1756.034,UPRIGHT,0.5886,0.0000,1.0000,259.2,-14.8,0.000,0.000,0.019,0.23,0.984,0.016
,1756.053,UPRIGHT,0.5886,0.0000,1.0000,259.2,-14.8,0.000,0.000,0.018,0.22,0.984,0.016
,1756.060,UPRIGHT,0.6032,0.0000,1.0000,274.9,-14.8,0.000,0.000,0.018,0.22,0.659,0.015
,1756.064,UPRIGHT,0.6032,0.0000,1.0000,274.9,-14.8,0.000,0.000,0.018,0.22,0.985,0.015
,1756.068,UPRIGHT,0.6032,0.0000,1.0000,274.9,-14.8,0.000,0.000,0.018,0.22,0.985,0.015
,1756.084,UPRIGHT,0.6032,0.0000,1.0000,274.9,-14.8,0.000,0.000,0.017,0.21,0.985,0.015
,1756.089,UPRIGHT,0.6032,0.0000,1.0000,274.9,-14.8,0.000,0.000,0.017,0.21,0.985,0.015
,1756.093,UPRIGHT,0.6032,0.0000,1.0000,274.9,-14.8,0.000,0.000,0.017,0.21,0.985,0.015
,1756.098,UPRIGHT,0.6032,0.0000,1.0000,274.9,-14.8,0.000,0.000,0.017,0.20,0.986,0.014
,1756.102,UPRIGHT,0.6032,0.0000,1.0000,274.9,-14.8,0.000,0.000,0.017,0.20,0.986,0.014
,1756.115,UPRIGHT,0.6032,0.0000,1.0000,274.9,-14.8,0.000,0.000,0.016,0.20,0.986,0.014
,1756.119,UPRIGHT,0.6036,0.0000,1.0000,279.1,-14.8,0.000,0.000,0.016,0.20,0.790,0.014
,1756.123,UPRIGHT,0.6036,0.0000,1.0000,279.1,-14.8,0.000,0.000,0.016,0.19,0.986,0.014
,1756.127,UPRIGHT,0.6036,0.0000,1.0000,279.1,-14.8,0.000,0.000,0.016,0.19,0.986,0.014
,1756.132,UPRIGHT,0.6036,0.0000,1.0000,279.1,-14.8,0.000,0.000,0.016,0.19,0.986,0.014
,1756.136,UPRIGHT,0.6036,0.0000,1.0000,279.1,-14.8,0.000,0.000,0.016,0.19,0.987,0.013
,1756.145,UPRIGHT,0.6036,0.0000,1.0000,279.1,-14.8,0.000,0.000,0.016,0.19,0.987,0.013
,1756.149,UPRIGHT,0.6036,0.0000,1.0000,279.1,-14.8,0.000,0.000,0.015,0.18,0.987,0.013
,1756.153,UPRIGHT,0.6036,0.0000,1.0000,279.1,-11.3,0.000,0.000,0.015,0.18,0.987,0.013
,1756.161,UPRIGHT,0.6036,0.0000,1.0000,279.1,-11.3,0.000,0.000,0.015,0.18,0.987,0.013
,1756.165,UPRIGHT,0.6036,0.0000,1.0000,279.1,-11.3,0.000,0.000,0.015,0.18,0.987,0.013
,1756.169,UPRIGHT,0.6036,0.0000,1.0000,279.1,-11.3,0.000,0.000,0.015,0.18,0.987,0.013
,1756.175,UPRIGHT,0.6036,0.0000,1.0000,279.1,-11.3,0.000,0.000,0.015,0.17,0.988,0.012
,1756.179,UPRIGHT,0.6071,0.0000,1.0000,279.1,-11.3,0.000,0.000,0.014,0.17,0.785,0.012
,1756.184,UPRIGHT,0.6071,0.0000,1.0000,279.1,-11.3,0.000,0.000,0.014,0.17,0.988,0.012
,1756.188,UPRIGHT,0.6071,0.0000,1.0000,279.1,-11.3,0.000,0.000,0.014,0.17,0.988,0.012
,1756.192,UPRIGHT,0.6071,0.0000,1.0000,279.1,-11.3,0.000,0.000,0.014,0.17,0.988,0.012
,1756.196,UPRIGHT,0.6071,0.0000,1.0000,279.1,-11.3,0.000,0.000,0.014,0.17,0.988,0.012
,1756.201,UPRIGHT,0.6071,0.0000,1.0000,279.1,-11.3,0.000,0.000,0.014,0.16,0.988,0.012
,1756.208,UPRIGHT,0.6071,0.0000,1.0000,279.1,-11.3,0.000,0.000,0.014,0.16,0.989,0.011
,1756.212,UPRIGHT,0.6071,0.0000,1.0000,279.1,-11.3,0.000,0.000,0.013,0.16,0.989,0.011
,1756.217,UPRIGHT,0.6071,0.0000,1.0000,279.1,-11.3,0.000,0.000,0.013,0.16,0.989,0.011
,1756.221,UPRIGHT,0.6071,0.0000,1.0000,279.1,-11.3,0.000,0.000,0.013,0.16,0.989,0.011
,1756.239,UPRIGHT,0.6071,0.0000,1.0000,279.1,-11.3,0.000,0.000,0.013,0.15,0.989,0.011
,1756.244,UPRIGHT,0.6085,0.0000,1.0000,266.8,-11.3,0.000,0.000,0.012,0.15,0.779,0.011
,1756.249,UPRIGHT,0.6085,0.0000,1.0000,266.8,-11.3,0.000,0.000,0.012,0.15,0.990,0.010
,1756.253,UPRIGHT,0.6085,0.0000,1.0000,266.8,-11.3,0.000,0.000,0.012,0.15,0.990,0.010
,1756.257,UPRIGHT,0.6085,0.0000,1.0000,266.8,-11.3,0.000,0.000,0.012,0.14,0.990,0.010
,1756.262,UPRIGHT,0.6085,0.0000,1.0000,266.8,-11.3,0.000,0.000,0.012,0.14,0.990,0.010
,1756.266,UPRIGHT,0.6085,0.0000,1.0000,266.8,-11.3,0.000,0.000,0.012,0.14,0.990,0.010
,1756.285,UPRIGHT,0.6085,0.0000,1.0000,266.8,-11.3,0.000,0.000,0.011,0.13,0.991,0.009
,1756.292,UPRIGHT,0.6085,0.0000,1.0000,266.8,-11.3,0.000,0.000,0.011,0.13,0.991,0.009
,1756.296,UPRIGHT,0.6085,0.0000,1.0000,266.8,-11.3,0.000,0.000,0.011,0.13,0.991,0.009
,1756.301,UPRIGHT,0.6085,0.0000,1.0000,266.8,-11.3,0.000,0.000,0.011,0.13,0.991,0.009
,1756.305,UPRIGHT,0.6085,0.0000,1.0000,266.8,-11.3,0.000,0.000,0.010,0.13,0.991,0.009
,1756.309,UPRIGHT,0.6085,0.0000,1.0000,266.8,-11.3,0.000,0.000,0.010,0.12,0.991,0.009
,1756.315,UPRIGHT,0.6085,0.0000,1.0000,266.8,-11.3,0.000,0.000,0.010,0.12,0.991,0.009
,1756.319,UPRIGHT,0.6085,0.0000,1.0000,266.8,-11.3,0.000,0.000,0.010,0.12,0.991,0.009
,1756.324,UPRIGHT,0.6085,0.0000,1.0000,266.8,-11.3,0.000,0.000,0.010,0.12,0.992,0.008
,1756.329,UPRIGHT,0.6085,0.0000,1.0000,266.8,-11.3,0.000,0.000,0.010,0.12,0.992,0.008
,1756.334,UPRIGHT,0.6085,0.0000,1.0000,266.8,-11.3,0.000,0.000,0.010,0.11,0.992,0.008
,1756.348,UPRIGHT,0.6085,0.0000,1.0000,266.8,-11.3,0.000,0.000,0.009,0.11,0.992,0.008
,1756.352,UPRIGHT,0.6085,0.0000,1.0000,266.8,-11.3,0.000,0.000,0.009,0.11,0.992,0.008
,1756.356,UPRIGHT,0.6085,0.0000,1.0000,266.8,-11.3,0.000,0.000,0.009,0.11,0.992,0.008
,1756.361,UPRIGHT,0.6085,0.0000,1.0000,266.8,-11.3,0.000,0.000,0.009,0.10,0.993,0.007
,1756.365,UPRIGHT,0.6045,0.0000,1.0000,283.5,-11.3,0.000,0.000,0.009,0.10,0.694,0.007
,1756.369,UPRIGHT,0.6045,0.0000,1.0000,283.5,-11.3,0.000,0.000,0.008,0.10,0.993,0.007
,1756.379,UPRIGHT,0.6045,0.0000,1.0000,283.5,-11.3,0.000,0.000,0.008,0.10,0.993,0.007
,1756.383,UPRIGHT,0.6045,0.0000,1.0000,283.5,-11.3,0.000,0.000,0.008,0.10,0.993,0.007
,1756.387,UPRIGHT,0.6045,0.0000,1.0000,283.5,-7.6,0.000,0.000,0.008,0.09,0.993,0.007
,1756.392,UPRIGHT,0.6045,0.0000,1.0000,283.5,-7.6,0.000,0.000,0.008,0.09,0.993,0.007
,1756.410,UPRIGHT,0.6045,0.0000,1.0000,283.5,-7.6,0.000,0.000,0.007,0.09,0.994,0.006
,1756.416,UPRIGHT,0.6045,0.0000,1.0000,283.5,-7.6,0.000,0.000,0.007,0.08,0.994,0.006
,1756.420,UPRIGHT,0.6045,0.0000,1.0000,283.5,-7.6,0.000,0.000,0.007,0.08,0.994,0.006
,1756.425,UPRIGHT,0.6045,0.0000,1.0000,283.5,-7.6,0.000,0.000,0.007,0.08,0.994,0.006
,1756.429,UPRIGHT,0.5322,0.0000,0.7317,200.0,-7.6,0.000,0.000,0.007,0.08,0.000,0.006
,1756.434,UPRIGHT,0.5322,0.0000,0.7317,200.0,-7.6,0.000,0.000,0.006,0.08,0.995,0.005
,1756.441,UPRIGHT,0.5322,0.0000,0.7317,200.0,-7.6,0.000,0.000,0.006,0.07,0.995,0.005
,1756.445,UPRIGHT,0.5322,0.0000,0.7317,200.0,-7.6,0.000,0.000,0.006,0.07,0.995,0.005
,1756.450,UPRIGHT,0.5322,0.0000,0.7317,200.0,-7.6,0.000,0.000,0.006,0.07,0.995,0.005
,1756.457,UPRIGHT,0.5322,0.0000,0.7317,200.0,-7.6,0.000,0.000,0.006,0.07,0.995,0.005
,1756.461,UPRIGHT,0.5322,0.0000,0.7317,200.0,-7.6,0.000,0.000,0.006,0.07,0.995,0.005
,1756.466,UPRIGHT,0.5322,0.0000,0.7317,200.0,-7.6,0.000,0.000,0.005,0.07,0.995,0.005
,1756.472,UPRIGHT,0.5322,0.0000,0.7317,200.0,-7.6,0.000,0.000,0.005,0.06,0.996,0.004
,1756.476,UPRIGHT,0.5322,0.0000,0.7317,200.0,-7.6,0.000,0.000,0.005,0.06,0.996,0.004
,1756.481,UPRIGHT,0.5322,0.0000,0.7317,200.0,-7.6,0.000,0.000,0.005,0.06,0.996,0.004
,1756.485,UPRIGHT,0.5322,0.0000,0.7317,200.0,-7.6,0.000,0.000,0.005,0.06,0.996,0.004
,1756.489,UPRIGHT,0.5414,0.0000,0.6829,200.0,-7.6,0.000,0.000,0.005,0.06,0.000,0.004
,1756.503,UPRIGHT,0.5414,0.0000,0.6829,200.0,-7.6,0.000,0.000,0.004,0.05,0.996,0.004
,1756.509,UPRIGHT,0.5414,0.0000,0.6829,200.0,-7.6,0.000,0.000,0.004,0.05,0.996,0.004
,1756.513,UPRIGHT,0.5414,0.0000,0.6829,200.0,-7.6,0.000,0.000,0.004,0.05,0.997,0.003
,1756.517,UPRIGHT,0.5414,0.0000,0.6829,200.0,-7.6,0.000,0.000,0.004,0.05,0.997,0.003
,1756.534,UPRIGHT,0.5414,0.0000,0.6829,200.0,-7.6,0.000,0.000,0.003,0.04,0.997,0.003
,1756.539,UPRIGHT,0.5414,0.0000,0.6829,200.0,-7.6,0.000,0.000,0.003,0.04,0.997,0.003
,1756.543,UPRIGHT,0.5414,0.0000,0.6829,200.0,-7.6,0.000,0.000,0.003,0.04,0.997,0.003
,1756.547,UPRIGHT,0.5414,0.0000,0.6829,200.0,-7.6,0.000,0.000,0.003,0.04,0.998,0.002
,1756.552,UPRIGHT,0.3840,0.0000,0.6341,221.3,-7.6,0.000,0.000,0.003,0.03,0.000,0.002
,1756.556,UPRIGHT,0.3840,0.0000,0.6341,221.3,-7.6,0.000,0.000,0.003,0.03,0.998,0.002
,1756.565,UPRIGHT,0.3840,0.0000,0.6341,221.3,-7.6,0.000,0.000,0.002,0.03,0.998,0.002
,1771.769,ABSENT,0.0000,1.0000,1.0000,nan,0.0,0.000,0.000,0.000,0.00,0.000,0.000
,1771.773,ABSENT,0.0000,1.0000,1.0000,nan,0.0,0.000,0.000,0.000,0.00,0.000,0.000
,1771.793,ABSENT,0.0000,1.0000,1.0000,nan,0.0,0.000,0.000,0.000,0.00,0.000,0.000
,1771.801,ABSENT,0.0000,1.0000,1.0000,nan,0.0,0.000,0.000,0.000,0.00,0.000,0.000
,1771.805,ABSENT,0.0000,1.0000,1.0000,nan,0.0,0.000,0.000,0.000,0.00,0.000,0.000
,1771.824,ABSENT,0.0000,1.0000,1.0000,nan,0.0,0.000,0.000,0.000,0.00,0.000,0.000
,1771.831,ABSENT,0.0000,1.0000,1.0000,nan,0.0,0.000,0.000,0.000,0.00,0.000,0.000
,1771.836,ABSENT,0.0000,1.0000,1.0000,nan,0.0,0.000,0.000,0.000,0.00,0.000,0.000
,1771.855,ABSENT,0.0000,1.0000,1.0000,nan,0.0,0.000,0.000,0.000,0.00,0.000,0.000
,1771.861,UPRIGHT,0.0617,0.2439,0.6829,1814.4,1547.6,0.000,0.000,0.000,0.00,0.000,0.000
,1771.866,UPRIGHT,0.0617,0.2439,0.6829,1814.4,1547.6,0.000,0.002,0.000,0.00,0.999,0.001
,1771.885,UPRIGHT,0.0617,0.2439,0.6829,1814.4,1547.6,0.000,0.010,0.000,0.00,0.996,0.004
,1771.893,UPRIGHT,0.0617,0.2439,0.6829,1814.4,1547.6,0.000,0.013,0.000,0.00,0.994,0.006
,1771.898,UPRIGHT,0.0617,0.2439,0.6829,1814.4,1547.6,0.000,0.015,0.000,0.00,0.993,0.007
,1771.902,UPRIGHT,0.0617,0.2439,0.6829,1814.4,1547.6,0.000,0.016,0.000,0.00,0.993,0.007
,1771.916,UPRIGHT,0.1076,0.1707,0.7805,1008.0,1547.6,0.000,0.022,0.000,0.00,0.161,0.010
,1771.921,UPRIGHT,0.1076,0.1707,0.7805,1008.0,1547.6,0.000,0.024,0.000,0.00,0.989,0.011
,1771.932,UPRIGHT,0.1076,0.1707,0.7805,1008.0,1547.6,0.000,0.028,0.000,0.00,0.987,0.013
,1771.937,UPRIGHT,0.1076,0.1707,0.7805,1008.0,1547.6,0.000,0.030,0.000,0.00,0.986,0.014
,1771.941,UPRIGHT,0.1076,0.1707,0.7805,1008.0,1547.6,0.000,0.032,0.000,0.00,0.986,0.014
,1771.948,UPRIGHT,0.1076,0.1707,0.7805,1008.0,1144.4,0.000,0.035,0.000,0.00,0.984,0.016
,1771.952,UPRIGHT,0.1076,0.1707,0.7805,1008.0,741.2,0.000,0.036,0.000,0.00,0.984,0.016
,1771.956,UPRIGHT,0.1076,0.1707,0.7805,1008.0,741.2,0.000,0.038,0.000,0.00,0.983,0.017
,1771.963,UPRIGHT,0.1076,0.1707,0.7805,1008.0,741.2,0.000,0.041,0.000,0.00,0.982,0.018
,1771.967,UPRIGHT,0.1076,0.1707,0.7805,1008.0,741.2,0.000,0.042,0.000,0.00,0.981,0.019
,1771.979,UPRIGHT,0.1076,0.1707,0.7805,1008.0,741.2,0.000,0.047,0.000,0.00,0.979,0.021
,1771.983,UPRIGHT,0.1508,0.1463,0.8049,907.2,741.2,0.000,0.049,0.000,0.00,0.072,0.022
,1771.994,UPRIGHT,0.1508,0.1463,0.8049,907.2,741.2,0.000,0.053,0.000,0.00,0.976,0.024
,1771.998,UPRIGHT,0.1508,0.1463,0.8049,907.2,741.2,0.000,0.055,0.000,0.00,0.975,0.025
,1772.009,UPRIGHT,0.1508,0.1463,0.8049,907.2,741.2,0.000,0.059,0.000,0.00,0.973,0.027
,1772.013,UPRIGHT,0.1508,0.1463,0.8049,907.2,741.2,0.000,0.061,0.000,0.00,0.973,0.027
,1772.018,UPRIGHT,0.1508,0.1463,0.8049,907.2,741.2,0.000,0.063,0.000,0.00,0.972,0.028
,1772.022,UPRIGHT,0.1508,0.1463,0.8049,907.2,741.2,0.000,0.064,0.000,0.00,0.971,0.029
,1772.026,UPRIGHT,0.1508,0.1463,0.8049,907.2,741.2,0.000,0.066,0.000,0.00,0.970,0.030
,1772.031,UPRIGHT,0.1508,0.1463,0.8049,907.2,741.2,0.000,0.068,0.000,0.00,0.969,0.031
,1772.040,UPRIGHT,0.1508,0.1463,0.8049,907.2,741.2,0.000,0.071,0.000,0.00,0.968,0.032
,1772.055,UPRIGHT,0.1508,0.1463,0.8049,907.2,741.2,0.000,0.078,0.000,0.00,0.965,0.035
,1772.060,UPRIGHT,0.1508,0.1463,0.8049,907.2,741.2,0.000,0.079,0.000,0.00,0.964,0.036
,1772.064,UPRIGHT,0.1508,0.1463,0.8049,907.2,741.2,0.000,0.081,0.000,0.00,0.964,0.036
,1772.071,UPRIGHT,0.1508,0.1463,0.8049,907.2,741.2,0.000,0.084,0.000,0.00,0.962,0.038
,1772.075,UPRIGHT,0.1508,0.1463,0.8049,907.2,741.2,0.000,0.086,0.000,0.00,0.962,0.038
,1772.079,UPRIGHT,0.1508,0.1463,0.8049,907.2,741.2,0.000,0.087,0.000,0.00,0.961,0.039
,1772.084,UPRIGHT,0.1508,0.1463,0.8049,907.2,690.8,0.000,0.089,0.000,0.00,0.960,0.040
,1772.088,UPRIGHT,0.1508,0.1463,0.8049,907.2,640.4,0.000,0.091,0.000,0.00,0.959,0.041
,1772.103,UPRIGHT,0.1508,0.1463,0.8049,907.2,640.4,0.000,0.097,0.000,0.00,0.957,0.043
,1772.107,UPRIGHT,0.2138,0.1220,0.8293,648.0,640.4,0.000,0.098,0.000,0.00,0.000,0.044
,1772.111,UPRIGHT,0.2138,0.1220,0.8293,648.0,640.4,0.000,0.100,0.000,0.00,0.955,0.045
,1772.116,UPRIGHT,0.2138,0.1220,0.8293,648.0,640.4,0.000,0.102,0.000,0.00,0.954,0.046
,1772.134,UPRIGHT,0.2138,0.1220,0.8293,648.0,640.4,0.000,0.109,0.000,0.00,0.951,0.049
,1772.137,UPRIGHT,0.2138,0.1220,0.8293,648.0,640.4,0.000,0.110,0.000,0.00,0.950,0.050
,1772.149,UPRIGHT,0.2138,0.1220,0.8293,648.0,640.4,0.000,0.115,0.000,0.00,0.948,0.052
,1772.154,UPRIGHT,0.2138,0.1220,0.8293,648.0,640.4,0.000,0.117,0.000,0.00,0.947,0.053
,1772.158,UPRIGHT,0.2138,0.1220,0.8293,648.0,640.4,0.000,0.119,0.000,0.00,0.947,0.053
,1772.165,UPRIGHT,0.2138,0.1220,0.8293,648.0,640.4,0.000,0.121,0.000,0.00,0.945,0.055
,1772.168,UPRIGHT,0.2271,0.0000,0.9512,604.8,640.4,0.000,0.123,0.000,0.00,0.084,0.055
,1772.173,UPRIGHT,0.2271,0.0000,0.9512,604.8,640.4,0.000,0.125,0.000,0.00,0.944,0.056
,1772.181,UPRIGHT,0.2271,0.0000,0.9512,604.8,640.4,0.000,0.128,0.000,0.00,0.942,0.058
,1772.185,UPRIGHT,0.2271,0.0000,0.9512,604.8,640.4,0.000,0.129,0.000,0.00,0.942,0.058
,1772.189,UPRIGHT,0.2271,0.0000,0.9512,604.8,640.4,0.000,0.131,0.000,0.00,0.941,0.059
,1772.197,UPRIGHT,0.2271,0.0000,0.9512,604.8,640.4,0.000,0.134,0.000,0.00,0.940,0.060
,1772.201,UPRIGHT,0.2271,0.0000,0.9512,604.8,640.4,0.000,0.136,0.000,0.00,0.939,0.061
,1772.205,UPRIGHT,0.2271,0.0000,0.9512,604.8,640.4,0.000,0.138,0.000,0.00,0.938,0.062
,1772.213,UPRIGHT,0.2271,0.0000,0.9512,604.8,640.4,0.000,0.141,0.000,0.00,0.937,0.063
,1772.217,UPRIGHT,0.2271,0.0000,0.9512,604.8,640.4,0.000,0.142,0.000,0.00,0.936,0.064
,1772.221,UPRIGHT,0.2271,0.0000,0.9512,604.8,640.4,0.000,0.144,0.000,0.00,0.935,0.065
,1772.226,UPRIGHT,0.2271,0.0000,0.9512,604.8,640.4,0.000,0.146,0.000,0.00,0.934,0.066
,1772.230,UPRIGHT,0.2416,0.0000,0.9512,567.0,640.4,0.000,0.147,0.000,0.00,0.268,0.066
,1772.245,UPRIGHT,0.2416,0.0000,0.9512,567.0,640.4,0.000,0.154,0.000,0.00,0.931,0.069
,1772.249,UPRIGHT,0.2416,0.0000,0.9512,567.0,640.4,0.000,0.155,0.000,0.00,0.930,0.070
,1772.254,UPRIGHT,0.2416,0.0000,0.9512,567.0,640.4,0.000,0.157,0.000,0.00,0.929,0.071
,1772.258,UPRIGHT,0.2416,0.0000,0.9512,567.0,640.4,0.000,0.159,0.000,0.00,0.929,0.071
,1772.262,UPRIGHT,0.2416,0.0000,0.9512,567.0,640.4,0.000,0.160,0.000,0.00,0.928,0.072
,1772.266,UPRIGHT,0.2416,0.0000,0.9512,567.0,640.4,0.000,0.162,0.000,0.00,0.927,0.073
,1772.270,UPRIGHT,0.2416,0.0000,0.9512,567.0,640.4,0.000,0.164,0.000,0.00,0.926,0.074
,1772.275,UPRIGHT,0.2416,0.0000,0.9512,567.0,640.4,0.000,0.165,0.000,0.00,0.926,0.074
,1772.291,UPRIGHT,0.2416,0.0000,0.9512,567.0,640.4,0.000,0.172,0.000,0.00,0.923,0.077
,1772.296,UPRIGHT,0.2416,0.0000,0.9512,567.0,640.4,0.000,0.174,0.000,0.00,0.922,0.078
,1772.300,UPRIGHT,0.2416,0.0000,0.9512,567.0,640.4,0.000,0.176,0.000,0.00,0.921,0.079
,1772.304,UPRIGHT,0.2416,0.0000,0.9512,567.0,640.4,0.000,0.177,0.000,0.00,0.920,0.080
,1772.309,UPRIGHT,0.2416,0.0000,0.9512,567.0,640.4,0.000,0.179,0.000,0.00,0.919,0.081
,1772.313,UPRIGHT,0.2416,0.0000,0.9512,567.0,510.8,0.000,0.181,0.000,0.00,0.919,0.081
,1772.318,UPRIGHT,0.2416,0.0000,0.9512,567.0,381.2,0.000,0.183,0.000,0.00,0.918,0.082
,1772.322,UPRIGHT,0.2416,0.0000,0.9512,567.0,381.2,0.000,0.184,0.000,0.00,0.917,0.083
,1772.326,UPRIGHT,0.2416,0.0000,0.9512,567.0,381.2,0.000,0.186,0.000,0.00,0.916,0.084
,1772.331,UPRIGHT,0.2416,0.0000,0.9512,567.0,381.2,0.000,0.188,0.000,0.00,0.915,0.085
,1772.336,UPRIGHT,0.2416,0.0000,0.9512,567.0,381.2,0.000,0.190,0.000,0.00,0.915,0.085
,1772.340,UPRIGHT,0.2416,0.0000,0.9512,567.0,381.2,0.000,0.191,0.000,0.00,0.914,0.086
,1772.344,UPRIGHT,0.2416,0.0000,0.9512,567.0,381.2,0.000,0.193,0.000,0.00,0.913,0.087
,1772.348,UPRIGHT,0.2416,0.0000,0.9512,567.0,381.2,0.000,0.195,0.000,0.00,0.912,0.088
,1772.368,UPRIGHT,0.2399,0.0000,0.9512,549.8,381.2,0.000,0.203,0.000,0.00,0.521,0.091
,1772.373,UPRIGHT,0.2399,0.0000,0.9512,549.8,381.2,0.000,0.205,0.000,0.00,0.908,0.092
,1772.377,UPRIGHT,0.2399,0.0000,0.9512,549.8,381.2,0.000,0.206,0.000,0.00,0.907,0.093
,1772.381,UPRIGHT,0.2399,0.0000,0.9512,549.8,381.2,0.000,0.208,0.000,0.00,0.906,0.094
,1772.399,UPRIGHT,0.2399,0.0000,0.9512,549.8,381.2,0.000,0.215,0.000,0.00,0.903,0.097
,1772.404,UPRIGHT,0.2399,0.0000,0.9512,549.8,381.2,0.000,0.217,0.000,0.00,0.902,0.098
,1772.415,UPRIGHT,0.2399,0.0000,0.9512,549.8,381.2,0.000,0.221,0.000,0.00,0.900,0.100
,1772.419,UPRIGHT,0.2438,0.0000,0.9512,533.6,381.2,0.000,0.223,0.000,0.00,0.536,0.100
,1772.423,UPRIGHT,0.2438,0.0000,0.9512,533.6,381.2,0.000,0.225,0.000,0.00,0.899,0.101
,1772.427,UPRIGHT,0.2438,0.0000,0.9512,533.6,359.6,0.000,0.226,0.000,0.00,0.898,0.102
,1772.431,UPRIGHT,0.2438,0.0000,0.9512,533.6,338.0,0.000,0.228,0.000,0.00,0.897,0.103
,1772.435,UPRIGHT,0.2438,0.0000,0.9512,533.6,338.0,0.000,0.230,0.000,0.00,0.897,0.103
,1772.446,UPRIGHT,0.2438,0.0000,0.9512,533.6,338.0,0.000,0.234,0.000,0.00,0.895,0.105
,1772.450,UPRIGHT,0.2438,0.0000,0.9512,533.6,338.0,0.000,0.235,0.000,0.00,0.894,0.106
,1772.462,UPRIGHT,0.2438,0.0000,0.9512,533.6,338.0,0.000,0.240,0.000,0.00,0.892,0.108
,1772.466,UPRIGHT,0.2438,0.0000,0.9512,533.6,338.0,0.000,0.242,0.000,0.00,0.891,0.109
,1772.477,UPRIGHT,0.2438,0.0000,0.9512,533.6,338.0,0.000,0.246,0.000,0.00,0.889,0.111
,1772.482,UPRIGHT,0.2522,0.0000,1.0000,533.6,338.0,0.000,0.248,0.000,0.00,0.621,0.112
,1772.492,UPRIGHT,0.2522,0.0000,1.0000,533.6,338.0,0.000,0.252,0.000,0.00,0.886,0.114
,1772.496,UPRIGHT,0.2522,0.0000,1.0000,533.6,338.0,0.000,0.254,0.000,0.00,0.886,0.114
,1772.500,UPRIGHT,0.2522,0.0000,1.0000,533.6,338.0,0.000,0.256,0.000,0.00,0.885,0.115
,1772.508,UPRIGHT,0.2522,0.0000,1.0000,533.6,338.0,0.000,0.259,0.000,0.00,0.884,0.116
,1772.524,UPRIGHT,0.2522,0.0000,1.0000,533.6,338.0,0.000,0.265,0.000,0.00,0.881,0.119
,1772.531,UPRIGHT,0.2522,0.0000,1.0000,533.6,338.0,0.000,0.268,0.000,0.00,0.879,0.121
,1772.536,UPRIGHT,0.2522,0.0000,1.0000,533.6,338.0,0.000,0.270,0.000,0.00,0.879,0.121
,1772.554,UPRIGHT,0.2765,0.0000,1.0000,518.4,338.0,0.000,0.277,0.000,0.00,0.148,0.125
,1772.562,UPRIGHT,0.2765,0.0000,1.0000,518.4,338.0,0.000,0.280,0.000,0.00,0.874,0.126
,1772.567,UPRIGHT,0.2765,0.0000,1.0000,518.4,338.0,0.000,0.282,0.000,0.00,0.873,0.127
,1772.585,UPRIGHT,0.2765,0.0000,1.0000,518.4,338.0,0.000,0.289,0.000,0.00,0.870,0.130
,1772.589,UPRIGHT,0.2765,0.0000,1.0000,518.4,338.0,0.000,0.291,0.000,0.00,0.869,0.131
,1772.600,UPRIGHT,0.2765,0.0000,1.0000,518.4,338.0,0.000,0.296,0.000,0.00,0.867,0.133
,1772.605,UPRIGHT,0.2765,0.0000,1.0000,518.4,338.0,0.000,0.297,0.000,0.00,0.866,0.134
,1772.615,UPRIGHT,0.2765,0.0000,1.0000,518.4,338.0,0.000,0.302,0.000,0.00,0.864,0.136
,1772.620,UPRIGHT,0.2765,0.0000,1.0000,518.4,319.1,0.000,0.303,0.000,0.00,0.863,0.137
,1772.624,UPRIGHT,0.2765,0.0000,1.0000,518.4,300.2,0.000,0.305,0.000,0.00,0.863,0.137
,1772.628,UPRIGHT,0.2765,0.0000,1.0000,518.4,300.2,0.000,0.307,0.000,0.00,0.862,0.138
,1772.632,UPRIGHT,0.2765,0.0000,1.0000,518.4,300.2,0.000,0.308,0.000,0.00,0.861,0.139
,1772.637,UPRIGHT,0.2765,0.0000,1.0000,518.4,300.2,0.000,0.310,0.000,0.00,0.860,0.140
,1772.646,UPRIGHT,0.2765,0.0000,1.0000,518.4,300.2,0.000,0.314,0.000,0.00,0.859,0.141
,1772.650,UPRIGHT,0.2765,0.0000,1.0000,518.4,300.2,0.000,0.316,0.000,0.00,0.858,0.142
,1772.662,UPRIGHT,0.2765,0.0000,1.0000,518.4,300.2,0.000,0.320,0.000,0.00,0.856,0.144
,1772.666,UPRIGHT,0.2438,0.0000,0.8780,504.0,300.2,0.000,0.322,0.000,0.00,0.126,0.145
,1772.677,UPRIGHT,0.2438,0.0000,0.8780,504.0,300.2,0.000,0.326,0.000,0.00,0.853,0.147
,1772.681,UPRIGHT,0.2438,0.0000,0.8780,504.0,300.2,0.000,0.328,0.000,0.00,0.852,0.148
,1772.685,UPRIGHT,0.2438,0.0000,0.8780,504.0,300.2,0.000,0.330,0.000,0.00,0.852,0.148
,1772.693,UPRIGHT,0.2438,0.0000,0.8780,504.0,300.2,0.000,0.333,0.000,0.00,0.850,0.150
,1772.697,UPRIGHT,0.2438,0.0000,0.8780,504.0,300.2,0.000,0.334,0.000,0.00,0.850,0.150
,1772.702,UPRIGHT,0.2438,0.0000,0.8780,504.0,300.2,0.000,0.336,0.000,0.00,0.849,0.151
,1772.708,UPRIGHT,0.2438,0.0000,0.8780,504.0,300.2,0.000,0.339,0.000,0.00,0.848,0.152
,1772.712,UPRIGHT,0.2438,0.0000,0.8780,504.0,300.2,0.000,0.340,0.000,0.00,0.847,0.153
,1772.716,UPRIGHT,0.2438,0.0000,0.8780,504.0,300.2,0.000,0.342,0.000,0.00,0.846,0.154
,1772.724,UPRIGHT,0.2438,0.0000,0.8780,504.0,300.2,0.000,0.345,0.000,0.00,0.845,0.155
,1772.739,UPRIGHT,0.2460,0.0000,0.8537,477.5,300.2,0.000,0.351,0.000,0.00,0.526,0.158
,1772.745,UPRIGHT,0.2460,0.0000,0.8537,477.5,300.2,0.000,0.354,0.000,0.00,0.841,0.159
,1772.750,UPRIGHT,0.2460,0.0000,0.8537,477.5,300.2,0.000,0.356,0.000,0.00,0.840,0.160
,1772.770,UPRIGHT,0.2460,0.0000,0.8537,477.5,300.2,0.000,0.364,0.000,0.00,0.836,0.164
,1772.778,UPRIGHT,0.2460,0.0000,0.8537,477.5,300.2,0.000,0.367,0.000,0.00,0.835,0.165
,1772.783,UPRIGHT,0.2460,0.0000,0.8537,477.5,300.2,0.000,0.369,0.000,0.00,0.834,0.166
,1772.802,UPRIGHT,0.3779,0.0000,0.8537,221.3,300.2,0.000,0.376,0.000,0.00,0.000,0.169
,1772.809,UPRIGHT,0.3779,0.0000,0.8537,221.3,300.2,0.000,0.379,0.000,0.00,0.829,0.171
,1772.814,UPRIGHT,0.3779,0.0000,0.8537,221.3,300.2,0.000,0.381,0.000,0.00,0.829,0.171
,1772.834,UPRIGHT,0.3779,0.0000,0.8537,221.3,300.2,0.000,0.389,0.000,0.00,0.825,0.175
,1772.841,UPRIGHT,0.3779,0.0000,0.8537,221.3,300.2,0.000,0.392,0.000,0.00,0.824,0.176
,1772.846,UPRIGHT,0.3779,0.0000,0.8537,221.3,300.2,0.000,0.394,0.000,0.00,0.823,0.177
,1772.850,UPRIGHT,0.3779,0.0000,0.8537,221.3,300.2,0.000,0.396,0.000,0.00,0.822,0.178
,1772.854,UPRIGHT,0.3779,0.0000,0.8537,221.3,300.2,0.000,0.397,0.000,0.00,0.821,0.179
,1772.865,UPRIGHT,0.3779,0.0000,0.8537,221.3,300.2,0.000,0.401,0.000,0.00,0.819,0.181
,1772.869,UPRIGHT,0.3779,0.0000,0.8537,221.3,300.2,0.000,0.403,0.000,0.00,0.819,0.181
,1772.873,UPRIGHT,0.3779,0.0000,0.8537,221.3,300.2,0.000,0.405,0.000,0.00,0.818,0.182
,1772.880,UPRIGHT,0.3779,0.0000,0.8537,221.3,300.2,0.000,0.407,0.000,0.00,0.817,0.183
,1772.884,UPRIGHT,0.3779,0.0000,0.8537,221.3,300.2,0.000,0.409,0.000,0.00,0.816,0.184
,1772.887,UPRIGHT,0.3779,0.0000,0.8537,221.3,300.2,0.000,0.410,0.000,0.00,0.815,0.185
,1772.895,UPRIGHT,0.3779,0.0000,0.8537,221.3,300.2,0.000,0.414,0.000,0.00,0.814,0.186
,1772.900,UPRIGHT,0.3779,0.0000,0.8537,221.3,300.2,0.000,0.415,0.000,0.00,0.813,0.187
,1772.904,UPRIGHT,0.3779,0.0000,0.8537,221.3,300.2,0.000,0.417,0.000,0.00,0.812,0.188
,1772.911,UPRIGHT,0.3779,0.0000,0.8537,221.3,300.2,0.000,0.420,0.000,0.00,0.811,0.189
,1772.915,UPRIGHT,0.4193,0.0000,1.0000,221.3,300.2,0.000,0.421,0.000,0.00,0.000,0.190
,1772.919,UPRIGHT,0.4193,0.0000,1.0000,221.3,300.2,0.000,0.423,0.000,0.00,0.810,0.190
,1772.927,UPRIGHT,0.4193,0.0000,1.0000,221.3,300.2,0.000,0.426,0.000,0.00,0.808,0.192
,1772.931,UPRIGHT,0.4193,0.0000,1.0000,221.3,291.6,0.000,0.428,0.000,0.00,0.808,0.192
,1772.935,UPRIGHT,0.4193,0.0000,1.0000,221.3,283.0,0.000,0.429,0.000,0.00,0.807,0.193
,1772.942,UPRIGHT,0.4193,0.0000,1.0000,221.3,283.0,0.000,0.432,0.000,0.00,0.805,0.195
,1772.946,UPRIGHT,0.4193,0.0000,1.0000,221.3,283.0,0.000,0.434,0.000,0.00,0.805,0.195
,1772.950,UPRIGHT,0.4193,0.0000,1.0000,221.3,283.0,0.000,0.436,0.000,0.00,0.804,0.196
,1772.957,UPRIGHT,0.4193,0.0000,1.0000,221.3,283.0,0.000,0.438,0.000,0.00,0.803,0.197
,1772.973,UPRIGHT,0.4193,0.0000,1.0000,221.3,283.0,0.000,0.445,0.000,0.00,0.800,0.200
,1772.978,UPRIGHT,0.4272,0.0000,1.0000,232.6,283.0,0.000,0.447,0.000,0.00,0.000,0.201
,1772.983,UPRIGHT,0.4272,0.0000,1.0000,232.6,283.0,0.000,0.449,0.000,0.00,0.798,0.202
,1772.988,UPRIGHT,0.4272,0.0000,1.0000,232.6,283.0,0.000,0.451,0.000,0.00,0.797,0.203
,1772.992,UPRIGHT,0.4272,0.0000,1.0000,232.6,283.0,0.000,0.452,0.000,0.00,0.796,0.204
,1772.996,UPRIGHT,0.4272,0.0000,1.0000,232.6,283.0,0.000,0.454,0.000,0.00,0.796,0.204
,1773.004,UPRIGHT,0.4272,0.0000,1.0000,232.6,283.0,0.000,0.457,0.000,0.00,0.794,0.206
,1773.008,UPRIGHT,0.4272,0.0000,1.0000,232.6,283.0,0.000,0.459,0.000,0.00,0.794,0.206
,1773.019,UPRIGHT,0.4272,0.0000,1.0000,232.6,274.9,0.000,0.463,0.000,0.00,0.792,0.208
,1773.023,UPRIGHT,0.4272,0.0000,1.0000,232.6,266.8,0.000,0.465,0.000,0.00,0.791,0.209
,1773.027,UPRIGHT,0.4272,0.0000,1.0000,232.6,266.8,0.000,0.466,0.000,0.00,0.790,0.210
,1773.032,UPRIGHT,0.4272,0.0000,1.0000,232.6,266.8,0.000,0.468,0.000,0.00,0.789,0.211
,1773.050,UPRIGHT,0.4489,0.0000,1.0000,245.2,266.8,0.000,0.476,0.000,0.00,0.000,0.214
,1773.056,UPRIGHT,0.4489,0.0000,1.0000,245.2,266.8,0.000,0.478,0.000,0.00,0.785,0.215
,1773.066,UPRIGHT,0.4489,0.0000,1.0000,245.2,266.8,0.000,0.482,0.000,0.00,0.783,0.217
,1773.070,UPRIGHT,0.4489,0.0000,1.0000,245.2,266.8,0.000,0.484,0.000,0.00,0.782,0.218
,1773.074,UPRIGHT,0.4489,0.0000,1.0000,245.2,266.8,0.000,0.485,0.000,0.00,0.782,0.218
,1773.081,UPRIGHT,0.4489,0.0000,1.0000,245.2,266.8,0.000,0.488,0.000,0.00,0.780,0.220
,1773.085,UPRIGHT,0.4489,0.0000,1.0000,245.2,266.8,0.000,0.489,0.000,0.00,0.780,0.220
,1773.089,UPRIGHT,0.4489,0.0000,1.0000,245.2,266.8,0.000,0.491,0.000,0.00,0.779,0.221
,1773.096,UPRIGHT,0.4489,0.0000,1.0000,245.2,266.8,0.000,0.494,0.000,0.00,0.778,0.222
,1773.101,UPRIGHT,0.4489,0.0000,1.0000,245.2,266.8,0.000,0.496,0.000,0.00,0.777,0.223
,1773.105,UPRIGHT,0.4489,0.0000,1.0000,245.2,266.8,0.000,0.497,0.000,0.00,0.776,0.224
,1773.112,UPRIGHT,0.4489,0.0000,1.0000,245.2,266.8,0.000,0.500,0.000,0.00,0.775,0.225
,1773.116,UPRIGHT,0.4489,0.0000,1.0000,245.2,266.8,0.000,0.502,0.000,0.00,0.774,0.226
,1773.127,UPRIGHT,0.4489,0.0000,1.0000,245.2,266.8,0.000,0.506,0.000,0.00,0.772,0.228
,1773.131,UPRIGHT,0.4489,0.0000,1.0000,245.2,266.8,0.000,0.508,0.000,0.00,0.771,0.229
,1773.135,UPRIGHT,0.4489,0.0000,1.0000,245.2,266.8,0.000,0.509,0.000,0.00,0.771,0.229
,1773.139,UPRIGHT,0.4489,0.0000,1.0000,245.2,266.8,0.000,0.511,0.000,0.00,0.770,0.230
,1773.159,UPRIGHT,0.4489,0.0000,1.0000,245.2,266.8,0.000,0.519,0.000,0.00,0.766,0.234
,1773.164,UPRIGHT,0.4286,0.0000,1.0000,386.0,251.6,0.000,0.521,0.000,0.00,0.000,0.235
,1773.174,UPRIGHT,0.4286,0.0000,1.0000,386.0,251.6,0.000,0.525,0.000,0.00,0.764,0.236
,1773.190,UPRIGHT,0.4286,0.0000,1.0000,386.0,251.6,0.000,0.532,0.000,0.00,0.761,0.239
,1773.196,UPRIGHT,0.4286,0.0000,1.0000,386.0,251.6,0.000,0.534,0.000,0.00,0.760,0.240
,1773.201,UPRIGHT,0.4286,0.0000,1.0000,386.0,251.6,0.000,0.536,0.000,0.00,0.759,0.241
,1773.205,UPRIGHT,0.4286,0.0000,1.0000,386.0,251.6,0.000,0.537,0.000,0.00,0.758,0.242
,1773.221,UPRIGHT,0.4286,0.0000,1.0000,386.0,251.6,0.000,0.544,0.000,0.00,0.755,0.245
,1773.226,UPRIGHT,0.4220,0.0000,1.0000,362.9,251.6,0.000,0.546,0.000,0.00,0.194,0.246
,1773.231,UPRIGHT,0.4220,0.0000,1.0000,362.9,251.6,0.000,0.548,0.000,0.00,0.753,0.247
,1773.236,RECLINE,0.4220,0.0000,1.0000,362.9,251.6,0.000,0.550,0.000,0.00,0.752,0.248
,1773.240,RECLINE,0.4220,0.0000,1.0000,362.9,251.6,0.000,0.552,0.000,0.00,0.752,0.248
,1773.245,RECLINE,0.4220,0.0000,1.0000,362.9,251.6,0.000,0.553,0.000,0.00,0.751,0.249
,1773.249,RECLINE,0.4220,0.0000,1.0000,362.9,251.6,0.000,0.555,0.000,0.00,0.750,0.250
,1773.253,RECLINE,0.4220,0.0000,1.0000,362.9,251.6,0.000,0.557,0.000,0.00,0.749,0.251
,1773.268,RECLINE,0.4220,0.0000,1.0000,362.9,251.6,0.000,0.563,0.000,0.00,0.747,0.253
,1773.272,RECLINE,0.4220,0.0000,1.0000,362.9,244.4,0.000,0.564,0.000,0.00,0.746,0.254
,1773.276,RECLINE,0.4220,0.0000,1.0000,362.9,237.2,0.000,0.566,0.000,0.00,0.745,0.255
,1773.280,RECLINE,0.4220,0.0000,1.0000,362.9,237.2,0.000,0.568,0.000,0.00,0.745,0.255
,1773.284,RECLINE,0.3558,0.0000,0.9512,348.9,237.2,0.000,0.569,0.000,0.00,0.000,0.256
,1773.288,RECLINE,0.3558,0.0000,0.9512,348.9,237.2,0.000,0.571,0.000,0.00,0.743,0.257
,1773.299,RECLINE,0.3558,0.0000,0.9512,348.9,237.2,0.000,0.575,0.000,0.00,0.741,0.259
,1773.303,RECLINE,0.3558,0.0000,0.9512,348.9,237.2,0.000,0.577,0.000,0.00,0.741,0.259
,1773.307,RECLINE,0.3558,0.0000,0.9512,348.9,237.2,0.000,0.578,0.000,0.00,0.740,0.260
,1773.314,RECLINE,0.3558,0.0000,0.9512,348.9,237.2,0.000,0.581,0.000,0.00,0.739,0.261
,1773.330,RECLINE,0.3558,0.0000,0.9512,348.9,237.2,0.000,0.587,0.000,0.00,0.736,0.264
,1773.335,RECLINE,0.3558,0.0000,0.9512,348.9,237.2,0.000,0.589,0.000,0.00,0.735,0.265
,1773.346,RECLINE,0.3545,0.0000,0.9512,329.9,237.2,0.000,0.594,0.000,0.00,0.641,0.267
,1773.351,RECLINE,0.3545,0.0000,0.9512,329.9,210.7,0.000,0.596,0.000,0.00,0.732,0.268
,1773.360,RECLINE,0.3545,0.0000,0.9512,329.9,210.7,0.000,0.600,0.000,0.00,0.730,0.270
,1773.365,RECLINE,0.3545,0.0000,0.9512,329.9,210.7,0.000,0.602,0.000,0.00,0.729,0.271
,1773.376,RECLINE,0.3545,0.0000,0.9512,329.9,210.7,0.000,0.606,0.000,0.00,0.727,0.273
,1773.381,RECLINE,0.3545,0.0000,0.9512,329.9,210.7,0.000,0.608,0.000,0.00,0.727,0.273
,1773.391,UPRIGHT,0.3545,0.0000,0.9512,329.9,119.2,0.000,0.323,0.000,0.00,0.855,0.145
,1773.395,UPRIGHT,0.3545,0.0000,0.9512,329.9,119.2,0.000,0.324,0.000,0.00,0.854,0.146
,1773.400,UPRIGHT,0.3545,0.0000,0.9512,329.9,119.2,0.000,0.325,0.000,0.00,0.854,0.146
,1773.407,UPRIGHT,0.3545,0.0000,0.9512,329.9,119.2,0.000,0.327,0.000,0.00,0.853,0.147
,1773.422,UPRIGHT,0.3545,0.0000,0.9512,329.9,119.2,0.000,0.330,0.000,0.00,0.852,0.148
,1773.428,UPRIGHT,0.3545,0.0000,0.9512,329.9,107.6,0.000,0.283,0.000,0.00,0.873,0.127
,1773.433,UPRIGHT,0.3545,0.0000,0.9512,329.9,96.1,0.000,0.235,0.000,0.00,0.894,0.106
,1773.453,UPRIGHT,0.3545,0.0000,0.9512,329.9,96.1,0.000,0.238,0.000,0.00,0.893,0.107
,1773.462,UPRIGHT,0.3545,0.0000,0.9512,329.9,96.1,0.000,0.239,0.000,0.00,0.892,0.108
,1773.468,UPRIGHT,0.3845,0.0000,0.9512,266.8,96.1,0.000,0.240,0.000,0.00,0.236,0.108
,1773.473,UPRIGHT,0.3845,0.0000,0.9512,266.8,96.1,0.000,0.241,0.000,0.00,0.892,0.108
,1773.477,UPRIGHT,0.3845,0.0000,0.9512,266.8,96.1,0.000,0.242,0.000,0.00,0.891,0.109
,1773.481,UPRIGHT,0.3845,0.0000,0.9512,266.8,96.1,0.000,0.242,0.000,0.00,0.891,0.109
,1773.500,UPRIGHT,0.3845,0.0000,0.9512,266.8,96.1,0.000,0.245,0.000,0.00,0.890,0.110
,1773.506,UPRIGHT,0.3845,0.0000,0.9512,266.8,89.1,0.000,0.215,0.000,0.00,0.903,0.097
,1773.511,UPRIGHT,0.3845,0.0000,0.9512,266.8,82.1,0.000,0.185,0.000,0.00,0.917,0.083
,1773.515,UPRIGHT,0.3845,0.0000,0.9512,266.8,82.1,0.000,0.186,0.000,0.00,0.916,0.084
,1773.520,UPRIGHT,0.3845,0.0000,0.9512,266.8,82.1,0.000,0.186,0.000,0.00,0.916,0.084
,1773.524,UPRIGHT,0.3845,0.0000,0.9512,266.8,82.1,0.000,0.187,0.000,0.00,0.916,0.084
,1773.531,UPRIGHT,0.3845,0.0000,0.9512,266.8,82.1,0.000,0.187,0.000,0.00,0.916,0.084
,1773.535,UPRIGHT,0.3422,0.0000,0.9512,312.8,82.1,0.000,0.188,0.000,0.00,0.108,0.085
,1773.547,UPRIGHT,0.3422,0.0000,0.9512,312.8,72.6,0.000,0.146,0.000,0.00,0.934,0.066
,1773.551,UPRIGHT,0.3422,0.0000,0.9512,312.8,63.1,0.000,0.000,0.000,0.00,1.000,0.000
,1773.562,UPRIGHT,0.3422,0.0000,0.9512,312.8,63.1,0.000,0.000,0.000,0.00,1.000,0.000
,1773.567,UPRIGHT,0.3422,0.0000,0.9512,312.8,63.1,0.000,0.000,0.000,0.00,1.000,0.000
,1773.577,UPRIGHT,0.3422,0.0000,0.9512,312.8,63.1,0.000,0.000,0.000,0.00,1.000,0.000
,1773.582,UPRIGHT,0.3422,0.0000,0.9512,312.8,63.1,0.000,0.000,0.000,0.00,1.000,0.000
,1773.586,UPRIGHT,0.3422,0.0000,0.9512,312.8,63.1,0.000,0.000,0.000,0.00,1.000,0.000
,1773.593,UPRIGHT,0.3422,0.0000,0.9512,312.8,63.1,0.000,0.000,0.000,0.00,1.000,0.000
,1773.598,UPRIGHT,0.2848,0.0000,0.9512,453.6,63.1,0.000,0.000,0.000,0.00,0.000,0.000
,1773.603,UPRIGHT,0.2848,0.0000,0.9512,453.6,63.1,0.000,0.000,0.000,0.00,1.000,0.000
,1773.607,UPRIGHT,0.2848,0.0000,0.9512,453.6,63.1,0.000,0.000,0.000,0.00,1.000,0.000
,1773.611,UPRIGHT,0.2848,0.0000,0.9512,453.6,63.1,0.000,0.000,0.000,0.00,1.000,0.000
,1773.616,UPRIGHT,0.2848,0.0000,0.9512,453.6,63.1,0.000,0.000,0.000,0.00,1.000,0.000
,1773.621,UPRIGHT,0.2848,0.0000,0.9512,453.6,63.1,0.000,0.000,0.000,0.00,1.000,0.000
,1773.625,UPRIGHT,0.2848,0.0000,0.9512,453.6,63.1,0.000,0.000,0.000,0.00,1.000,0.000
,1773.630,UPRIGHT,0.2848,0.0000,0.9512,453.6,63.1,0.000,0.000,0.000,0.00,1.000,0.000
,1773.634,UPRIGHT,0.2848,0.0000,0.9512,453.6,63.1,0.000,0.000,0.000,0.00,1.000,0.000
,1773.638,UPRIGHT,0.2848,0.0000,0.9512,453.6,63.1,0.000,0.000,0.000,0.00,1.000,0.000
,1773.643,UPRIGHT,0.2848,0.0000,0.9512,453.6,63.1,0.000,0.000,0.000,0.00,1.000,0.000
,1773.647,UPRIGHT,0.2848,0.0000,0.9512,453.6,63.1,0.000,0.000,0.000,0.00,1.000,0.000
,1773.651,UPRIGHT,0.2848,0.0000,0.9512,453.6,63.1,0.000,0.000,0.000,0.00,1.000,0.000
,1773.655,UPRIGHT,0.2848,0.0000,0.9512,453.6,63.1,0.000,0.000,0.000,0.00,1.000,0.000
,1773.670,UPRIGHT,0.2848,0.0000,0.9512,453.6,63.1,0.000,0.000,0.000,0.00,1.000,0.000
,1773.675,UPRIGHT,0.2848,0.0000,0.9512,453.6,63.1,0.000,0.000,0.000,0.00,1.000,0.000
,1773.685,UPRIGHT,0.2848,0.0000,0.9512,453.6,63.1,0.000,0.000,0.000,0.00,1.000,0.000
,1773.689,UPRIGHT,0.2848,0.0000,0.9512,453.6,63.1,0.000,0.000,0.000,0.00,1.000,0.000
,1773.693,UPRIGHT,0.2848,0.0000,0.9512,453.6,63.1,0.000,0.000,0.000,0.00,1.000,0.000
,1773.698,UPRIGHT,0.2848,0.0000,0.9512,453.6,63.1,0.000,0.000,0.000,0.00,1.000,0.000
,1773.716,UPRIGHT,0.2848,0.0000,0.9512,453.6,63.1,0.000,0.000,0.000,0.00,1.000,0.000
,1773.721,UPRIGHT,0.2787,0.0000,0.9512,465.2,63.1,0.000,0.000,0.000,0.00,0.882,0.000
,1773.731,UPRIGHT,0.2787,0.0000,0.9512,465.2,63.1,0.000,0.000,0.000,0.00,1.000,0.000
,1773.735,UPRIGHT,0.2787,0.0000,0.9512,465.2,63.1,0.000,0.000,0.000,0.00,1.000,0.000
,1773.739,UPRIGHT,0.2787,0.0000,0.9512,465.2,63.1,0.000,0.000,0.000,0.00,1.000,0.000
,1773.746,UPRIGHT,0.2787,0.0000,0.9512,465.2,63.1,0.000,0.000,0.000,0.00,1.000,0.000
,1773.750,UPRIGHT,0.2787,0.0000,0.9512,465.2,63.1,0.000,0.000,0.000,0.00,1.000,0.000
,1773.754,UPRIGHT,0.2787,0.0000,0.9512,465.2,63.1,0.000,0.000,0.000,0.00,1.000,0.000
,1773.762,UPRIGHT,0.2787,0.0000,0.9512,465.2,63.1,0.000,0.000,0.000,0.00,1.000,0.000
,1773.766,UPRIGHT,0.2787,0.0000,0.9512,465.2,63.1,0.000,0.000,0.000,0.00,1.000,0.000
,1773.770,UPRIGHT,0.2787,0.0000,0.9512,465.2,63.1,0.000,0.000,0.000,0.00,1.000,0.000
,1773.777,UPRIGHT,0.2787,0.0000,0.9512,465.2,63.1,0.000,0.000,0.000,0.00,1.000,0.000
,1773.781,UPRIGHT,0.3157,0.0000,0.9512,324.0,63.1,0.000,0.000,0.000,0.00,0.103,0.000
,1773.793,UPRIGHT,0.3157,0.0000,0.9512,324.0,63.1,0.000,0.000,0.000,0.00,1.000,0.000
,1773.797,UPRIGHT,0.3157,0.0000,0.9512,324.0,63.1,0.000,0.000,0.000,0.00,1.000,0.000
,1773.808,UPRIGHT,0.3157,0.0000,0.9512,324.0,63.1,0.000,0.000,0.000,0.00,1.000,0.000
,1773.813,UPRIGHT,0.3157,0.0000,0.9512,324.0,63.1,0.000,0.000,0.000,0.00,1.000,0.000
,1773.817,UPRIGHT,0.3157,0.0000,0.9512,324.0,63.1,0.000,0.000,0.000,0.00,1.000,0.000
,1773.823,UPRIGHT,0.3157,0.0000,0.9512,324.0,63.1,0.000,0.000,0.000,0.00,1.000,0.000
,1773.827,UPRIGHT,0.3157,0.0000,0.9512,324.0,63.1,0.000,0.000,0.000,0.00,1.000,0.000
,1773.832,UPRIGHT,0.3157,0.0000,0.9512,324.0,63.1,0.000,0.000,0.000,0.00,1.000,0.000
,1773.836,UPRIGHT,0.3157,0.0000,0.9512,324.0,63.1,0.000,0.000,0.000,0.00,1.000,0.000
,1773.840,UPRIGHT,0.3148,0.0000,0.9512,336.0,63.1,0.000,0.000,0.000,0.00,0.691,0.000
,1773.844,UPRIGHT,0.3148,0.0000,0.9512,336.0,63.1,0.000,0.000,0.000,0.00,1.000,0.000
,1773.849,UPRIGHT,0.3148,0.0000,0.9512,336.0,63.1,0.000,0.000,0.000,0.00,1.000,0.000
,1773.853,UPRIGHT,0.3148,0.0000,0.9512,336.0,63.1,0.000,0.000,0.000,0.00,1.000,0.000
,1773.871,UPRIGHT,0.3148,0.0000,0.9512,336.0,63.1,0.000,0.000,0.000,0.00,1.000,0.000
,1773.876,UPRIGHT,0.3148,0.0000,0.9512,336.0,63.1,0.000,0.000,0.000,0.00,1.000,0.000
,1773.880,UPRIGHT,0.3148,0.0000,0.9512,336.0,63.1,0.000,0.000,0.000,0.00,1.000,0.000
,1773.884,UPRIGHT,0.3148,0.0000,0.9512,336.0,63.1,0.000,0.000,0.000,0.00,1.000,0.000
,1773.902,UPRIGHT,0.2571,0.0000,0.9512,504.0,63.1,0.000,0.000,0.000,0.00,0.023,0.000
,1773.908,UPRIGHT,0.2571,0.0000,0.9512,504.0,63.1,0.000,0.000,0.000,0.00,1.000,0.000
,1773.918,UPRIGHT,0.2571,0.0000,0.9512,504.0,63.1,0.000,0.000,0.000,0.00,1.000,0.000
,1773.922,UPRIGHT,0.2571,0.0000,0.9512,504.0,63.1,0.000,0.000,0.000,0.00,1.000,0.000
,1773.926,UPRIGHT,0.2571,0.0000,0.9512,504.0,63.1,0.000,0.000,0.000,0.00,1.000,0.000
,1773.931,UPRIGHT,0.2571,0.0000,0.9512,504.0,63.1,0.000,0.000,0.000,0.00,1.000,0.000
,1773.935,UPRIGHT,0.2571,0.0000,0.9512,504.0,63.1,0.000,0.000,0.000,0.00,1.000,0.000
,1773.939,UPRIGHT,0.2571,0.0000,0.9512,504.0,63.1,0.000,0.000,0.000,0.00,1.000,0.000
,1773.949,UPRIGHT,0.2571,0.0000,0.9512,504.0,63.1,0.000,0.000,0.000,0.00,1.000,0.000
,1773.953,UPRIGHT,0.2571,0.0000,0.9512,504.0,63.1,0.000,0.000,0.000,0.00,1.000,0.000
,1773.958,UPRIGHT,0.2571,0.0000,0.9512,504.0,63.1,0.000,0.000,0.000,0.00,1.000,0.000
,1773.965,UPRIGHT,0.2571,0.0000,0.9512,504.0,63.1,0.000,0.000,0.000,0.00,1.000,0.000
,1773.969,UPRIGHT,0.2571,0.0000,0.9512,504.0,63.1,0.000,0.000,0.000,0.00,1.000,0.000
,1773.973,UPRIGHT,0.2571,0.0000,0.9512,504.0,63.1,0.000,0.000,0.000,0.00,1.000,0.000
,1773.980,UPRIGHT,0.2571,0.0000,0.9512,504.0,63.1,0.000,0.000,0.000,0.00,1.000,0.000
,1773.984,UPRIGHT,0.2571,0.0000,0.9512,504.0,63.1,0.000,0.000,0.000,0.00,1.000,0.000
,1773.988,UPRIGHT,0.2571,0.0000,0.9512,504.0,63.1,0.000,0.000,0.000,0.00,1.000,0.000
,1773.995,UPRIGHT,0.2571,0.0000,0.9512,504.0,63.1,0.000,0.000,0.000,0.00,1.000,0.000
,1773.999,UPRIGHT,0.2571,0.0000,0.9512,504.0,63.1,0.000,0.000,0.000,0.00,1.000,0.000
,1774.003,UPRIGHT,0.2571,0.0000,0.9512,504.0,63.1,0.000,0.000,0.000,0.00,1.000,0.000
,1774.012,UPRIGHT,0.2571,0.0000,0.9512,504.0,63.1,0.000,0.000,0.000,0.00,1.000,0.000
,1774.016,UPRIGHT,0.2571,0.0000,0.9512,504.0,63.1,0.000,0.000,0.000,0.00,1.000,0.000
,1774.020,UPRIGHT,0.2571,0.0000,0.9512,504.0,63.1,0.000,0.000,0.000,0.00,1.000,0.000
,1774.027,UPRIGHT,0.2571,0.0000,0.9512,504.0,63.1,0.000,0.000,0.000,0.00,1.000,0.000
,1774.031,UPRIGHT,0.2540,0.0000,0.9512,504.0,63.1,0.000,0.000,0.000,0.00,0.890,0.000
,1774.035,UPRIGHT,0.2540,0.0000,0.9512,504.0,63.1,0.000,0.000,0.000,0.00,1.000,0.000
,1774.042,UPRIGHT,0.2540,0.0000,0.9512,504.0,63.1,0.000,0.000,0.000,0.00,1.000,0.000
,1774.058,UPRIGHT,0.2540,0.0000,0.9512,504.0,66.1,0.000,0.000,0.000,0.00,1.000,0.000
,1774.064,UPRIGHT,0.2540,0.0000,0.9512,504.0,69.2,0.000,0.000,0.000,0.00,1.000,0.000
,1774.068,UPRIGHT,0.2540,0.0000,0.9512,504.0,69.2,0.000,0.000,0.000,0.00,1.000,0.000
,1774.089,UPRIGHT,0.2540,0.0000,0.9512,504.0,69.2,0.000,0.000,0.000,0.00,1.000,0.000
,1774.097,UPRIGHT,0.2460,0.0000,0.9512,504.0,69.2,0.000,0.000,0.000,0.00,0.853,0.000
,1774.102,UPRIGHT,0.2460,0.0000,0.9512,504.0,69.2,0.000,0.000,0.000,0.00,1.000,0.000
,1774.106,UPRIGHT,0.2460,0.0000,0.9512,504.0,69.2,0.000,0.000,0.000,0.00,1.000,0.000
,1774.120,UPRIGHT,0.2460,0.0000,0.9512,504.0,82.1,0.000,0.000,0.000,0.00,1.000,0.000
,1774.125,UPRIGHT,0.2460,0.0000,0.9512,504.0,82.1,0.000,0.001,0.000,0.00,1.000,0.000
,1774.130,UPRIGHT,0.2460,0.0000,0.9512,504.0,82.1,0.000,0.001,0.000,0.00,0.999,0.001
,1774.134,UPRIGHT,0.2460,0.0000,0.9512,504.0,82.1,0.000,0.002,0.000,0.00,0.999,0.001
,1774.151,UPRIGHT,0.2460,0.0000,0.9512,504.0,82.1,0.000,0.004,0.000,0.00,0.998,0.002
,1774.157,UPRIGHT,0.2500,0.0000,0.9512,504.0,82.1,0.000,0.004,0.000,0.00,0.873,0.002
,1774.161,UPRIGHT,0.2500,0.0000,0.9512,504.0,89.1,0.000,0.005,0.000,0.00,0.998,0.002
,1774.166,UPRIGHT,0.2500,0.0000,0.9512,504.0,96.1,0.000,0.007,0.000,0.00,0.997,0.003
,1774.170,UPRIGHT,0.2500,0.0000,0.9512,504.0,96.1,0.000,0.008,0.000,0.00,0.997,0.003
,1774.174,UPRIGHT,0.2500,0.0000,0.9512,504.0,96.1,0.000,0.008,0.000,0.00,0.996,0.004
,1774.181,UPRIGHT,0.2500,0.0000,0.9512,504.0,96.1,0.000,0.009,0.000,0.00,0.996,0.004
,1774.185,UPRIGHT,0.2500,0.0000,0.9512,504.0,96.1,0.000,0.010,0.000,0.00,0.996,0.004
,1774.198,UPRIGHT,0.2500,0.0000,0.9512,504.0,96.1,0.000,0.012,0.000,0.00,0.995,0.005
,1774.202,UPRIGHT,0.2500,0.0000,0.9512,504.0,96.1,0.000,0.012,0.000,0.00,0.994,0.006
,1774.213,UPRIGHT,0.2500,0.0000,0.9512,504.0,96.1,0.000,0.014,0.000,0.00,0.994,0.006
,1774.218,UPRIGHT,0.2500,0.0000,0.9512,504.0,96.1,0.000,0.015,0.000,0.00,0.993,0.007
,1774.228,UPRIGHT,0.2500,0.0000,0.9512,504.0,96.1,0.000,0.016,0.000,0.00,0.993,0.007
,1774.232,UPRIGHT,0.2500,0.0000,0.9512,504.0,119.2,0.000,0.024,0.000,0.00,0.989,0.011
,1774.236,UPRIGHT,0.2500,0.0000,0.9512,504.0,119.2,0.000,0.025,0.000,0.00,0.989,0.011
,1774.244,UPRIGHT,0.2500,0.0000,0.9512,504.0,119.2,0.000,0.026,0.000,0.00,0.988,0.012
,1774.247,UPRIGHT,0.2500,0.0000,0.9512,504.0,119.2,0.000,0.027,0.000,0.00,0.988,0.012
,1774.252,UPRIGHT,0.2500,0.0000,0.9512,504.0,119.2,0.000,0.028,0.000,0.00,0.987,0.013
,1774.256,UPRIGHT,0.2500,0.0000,0.9512,504.0,119.2,0.000,0.029,0.000,0.00,0.987,0.013
,1774.259,UPRIGHT,0.2500,0.0000,0.9512,504.0,119.2,0.000,0.030,0.000,0.00,0.987,0.013
,1774.264,UPRIGHT,0.2500,0.0000,0.9512,504.0,119.2,0.000,0.031,0.000,0.00,0.986,0.014
,1774.275,UPRIGHT,0.2500,0.0000,0.9512,504.0,153.0,0.000,0.047,0.000,0.00,0.979,0.021
,1774.279,UPRIGHT,0.2469,0.0000,0.9512,504.0,186.8,0.000,0.062,0.000,0.00,0.922,0.028
,1774.284,UPRIGHT,0.2469,0.0000,0.9512,504.0,186.8,0.000,0.064,0.000,0.00,0.971,0.029
,1774.288,UPRIGHT,0.2469,0.0000,0.9512,504.0,186.8,0.000,0.066,0.000,0.00,0.970,0.030
,1774.306,UPRIGHT,0.2469,0.0000,0.9512,504.0,186.8,0.000,0.073,0.000,0.00,0.967,0.033
,1774.311,UPRIGHT,0.2469,0.0000,0.9512,504.0,186.8,0.000,0.075,0.000,0.00,0.966,0.034
,1774.316,UPRIGHT,0.2469,0.0000,0.9512,504.0,186.8,0.000,0.077,0.000,0.00,0.965,0.035
,1774.322,UPRIGHT,0.2469,0.0000,0.9512,504.0,186.8,0.000,0.079,0.000,0.00,0.964,0.036
,1774.326,UPRIGHT,0.2469,0.0000,0.9512,504.0,186.8,0.000,0.081,0.000,0.00,0.964,0.036
,1774.330,UPRIGHT,0.2469,0.0000,0.9512,504.0,186.8,0.000,0.083,0.000,0.00,0.963,0.037
,1774.338,UPRIGHT,0.2469,0.0000,0.9512,504.0,186.8,0.000,0.085,0.000,0.00,0.962,0.038
,1774.342,UPRIGHT,0.2478,0.0000,0.9512,504.0,186.8,0.000,0.087,0.000,0.00,0.904,0.039
,1774.345,UPRIGHT,0.2478,0.0000,0.9512,504.0,186.8,0.000,0.088,0.000,0.00,0.960,0.040
,1774.350,UPRIGHT,0.2478,0.0000,0.9512,504.0,186.8,0.000,0.090,0.000,0.00,0.959,0.041
,1774.370,UPRIGHT,0.2478,0.0000,0.9512,504.0,186.8,0.000,0.098,0.000,0.00,0.956,0.044
,1774.375,UPRIGHT,0.2478,0.0000,0.9512,504.0,186.8,0.000,0.100,0.000,0.00,0.955,0.045
,1774.379,UPRIGHT,0.2478,0.0000,0.9512,504.0,186.8,0.000,0.101,0.000,0.00,0.954,0.046
,1774.383,UPRIGHT,0.2478,0.0000,0.9512,504.0,186.8,0.000,0.103,0.000,0.00,0.954,0.046
,1774.387,UPRIGHT,0.2478,0.0000,0.9512,504.0,186.8,0.000,0.105,0.000,0.00,0.953,0.047
,1774.400,UPRIGHT,0.2478,0.0000,0.9512,504.0,186.8,0.000,0.110,0.000,0.00,0.951,0.049
,1774.404,UPRIGHT,0.2465,0.0000,0.9512,533.6,186.8,0.000,0.111,0.000,0.00,0.873,0.050
,1774.408,UPRIGHT,0.2465,0.0000,0.9512,533.6,186.8,0.000,0.113,0.000,0.00,0.949,0.051
,1774.415,UPRIGHT,0.2465,0.0000,0.9512,533.6,186.8,0.000,0.116,0.000,0.00,0.948,0.052
,1774.419,UPRIGHT,0.2465,0.0000,0.9512,533.6,192.6,0.000,0.120,0.000,0.00,0.946,0.054
,1774.431,UPRIGHT,0.2465,0.0000,0.9512,533.6,198.4,0.000,0.124,0.000,0.00,0.944,0.056
,1774.434,UPRIGHT,0.2465,0.0000,0.9512,533.6,198.4,0.000,0.126,0.000,0.00,0.943,0.057
,1774.439,UPRIGHT,0.2465,0.0000,0.9512,533.6,198.4,0.000,0.128,0.000,0.00,0.943,0.057
,1774.446,UPRIGHT,0.2465,0.0000,0.9512,533.6,198.4,0.000,0.131,0.000,0.00,0.941,0.059
,1774.450,UPRIGHT,0.2465,0.0000,0.9512,533.6,198.4,0.000,0.132,0.000,0.00,0.940,0.060
,1774.454,UPRIGHT,0.2465,0.0000,0.9512,533.6,198.4,0.000,0.134,0.000,0.00,0.940,0.060
,1774.462,UPRIGHT,0.2465,0.0000,0.9512,533.6,198.4,0.000,0.137,0.000,0.00,0.938,0.062
,1774.466,UPRIGHT,0.2544,0.0000,1.0000,533.6,198.4,0.000,0.139,0.000,0.00,0.538,0.062
,1774.471,UPRIGHT,0.2544,0.0000,1.0000,533.6,198.4,0.000,0.140,0.000,0.00,0.937,0.063
,1774.475,UPRIGHT,0.2544,0.0000,1.0000,533.6,198.4,0.000,0.142,0.000,0.00,0.936,0.064
,1774.493,UPRIGHT,0.2544,0.0000,1.0000,533.6,237.2,0.000,0.150,0.000,0.00,0.933,0.067
,1774.497,UPRIGHT,0.2544,0.0000,1.0000,533.6,237.2,0.000,0.151,0.000,0.00,0.932,0.068
,1774.508,UPRIGHT,0.2544,0.0000,1.0000,533.6,237.2,0.000,0.156,0.000,0.00,0.930,0.070
,1774.512,UPRIGHT,0.2544,0.0000,1.0000,533.6,237.2,0.000,0.157,0.000,0.00,0.929,0.071
,1774.517,UPRIGHT,0.2544,0.0000,1.0000,533.6,237.2,0.000,0.159,0.000,0.00,0.929,0.071
,1774.524,UPRIGHT,0.2544,0.0000,1.0000,533.6,237.2,0.000,0.162,0.000,0.00,0.927,0.073
,1774.540,UPRIGHT,0.2544,0.0000,1.0000,533.6,237.2,0.000,0.168,0.000,0.00,0.924,0.076
,1774.546,UPRIGHT,0.2544,0.0000,1.0000,533.6,237.2,0.000,0.171,0.000,0.00,0.923,0.077
,1774.551,UPRIGHT,0.2544,0.0000,1.0000,533.6,237.2,0.000,0.173,0.000,0.00,0.922,0.078
,1774.571,UPRIGHT,0.2544,0.0000,1.0000,533.6,237.2,0.000,0.180,0.000,0.00,0.919,0.081
,1774.577,UPRIGHT,0.2544,0.0000,1.0000,533.6,237.2,0.000,0.183,0.000,0.00,0.918,0.082
,1774.582,UPRIGHT,0.2544,0.0000,1.0000,533.6,237.2,0.000,0.185,0.000,0.00,0.917,0.083
,1774.586,UPRIGHT,0.2544,0.0000,1.0000,533.6,237.2,0.000,0.187,0.000,0.00,0.916,0.084
,1774.590,UPRIGHT,0.2447,0.0000,1.0000,533.6,237.2,0.000,0.188,0.000,0.00,0.727,0.085
,1774.602,UPRIGHT,0.2447,0.0000,1.0000,533.6,237.2,0.000,0.193,0.000,0.00,0.913,0.087
,1774.606,UPRIGHT,0.2447,0.0000,1.0000,533.6,237.2,0.000,0.195,0.000,0.00,0.912,0.088
,1774.610,UPRIGHT,0.2447,0.0000,1.0000,533.6,237.2,0.000,0.196,0.000,0.00,0.912,0.088
,1774.614,UPRIGHT,0.2447,0.0000,1.0000,533.6,237.2,0.000,0.198,0.000,0.00,0.911,0.089
,1774.632,UPRIGHT,0.2447,0.0000,1.0000,533.6,237.2,0.000,0.205,0.000,0.00,0.908,0.092
,1774.637,UPRIGHT,0.2447,0.0000,1.0000,533.6,237.2,0.000,0.207,0.000,0.00,0.907,0.093
,1774.648,UPRIGHT,0.2447,0.0000,1.0000,533.6,237.2,0.000,0.211,0.000,0.00,0.905,0.095
,1774.652,UPRIGHT,0.2284,0.0000,1.0000,567.0,237.2,0.000,0.213,0.000,0.00,0.579,0.096
,1774.656,UPRIGHT,0.2284,0.0000,1.0000,567.0,237.2,0.000,0.214,0.000,0.00,0.903,0.097
,1774.663,UPRIGHT,0.2284,0.0000,1.0000,567.0,237.2,0.000,0.217,0.000,0.00,0.902,0.098
,1774.667,UPRIGHT,0.2284,0.0000,1.0000,567.0,237.2,0.000,0.219,0.000,0.00,0.901,0.099
,1774.671,UPRIGHT,0.2284,0.0000,1.0000,567.0,237.2,0.000,0.221,0.000,0.00,0.901,0.099
,1774.679,UPRIGHT,0.2284,0.0000,1.0000,567.0,237.2,0.000,0.224,0.000,0.00,0.899,0.101
,1774.683,UPRIGHT,0.2284,0.0000,1.0000,567.0,237.2,0.000,0.225,0.000,0.00,0.899,0.101
,1774.687,UPRIGHT,0.2284,0.0000,1.0000,567.0,237.2,0.000,0.227,0.000,0.00,0.898,0.102
,1774.694,UPRIGHT,0.2284,0.0000,1.0000,567.0,237.2,0.000,0.230,0.000,0.00,0.897,0.103
,1774.698,UPRIGHT,0.2284,0.0000,1.0000,567.0,237.2,0.000,0.231,0.000,0.00,0.896,0.104
,1774.702,UPRIGHT,0.2284,0.0000,1.0000,567.0,237.2,0.000,0.233,0.000,0.00,0.895,0.105
,1774.706,UPRIGHT,0.2284,0.0000,1.0000,567.0,237.2,0.000,0.235,0.000,0.00,0.894,0.106
,1774.726,UPRIGHT,0.2209,0.0000,1.0000,567.0,237.2,0.000,0.242,0.000,0.00,0.295,0.109
,1774.731,UPRIGHT,0.2209,0.0000,1.0000,567.0,237.2,0.000,0.245,0.000,0.00,0.890,0.110
,1774.736,UPRIGHT,0.2209,0.0000,1.0000,567.0,237.2,0.000,0.246,0.000,0.00,0.889,0.111
,1774.756,UPRIGHT,0.2209,0.0000,1.0000,567.0,237.2,0.000,0.254,0.000,0.00,0.885,0.115
,1774.763,UPRIGHT,0.2209,0.0000,1.0000,567.0,237.2,0.000,0.257,0.000,0.00,0.884,0.116
,1774.767,UPRIGHT,0.2209,0.0000,1.0000,567.0,237.2,0.000,0.259,0.000,0.00,0.883,0.117
,1774.787,UPRIGHT,0.2209,0.0000,1.0000,567.0,237.2,0.000,0.267,0.000,0.00,0.880,0.120
,1774.794,UPRIGHT,0.2209,0.0000,1.0000,567.0,237.2,0.000,0.270,0.000,0.00,0.879,0.121
,1774.799,UPRIGHT,0.2209,0.0000,1.0000,567.0,237.2,0.000,0.272,0.000,0.00,0.878,0.122
,1774.817,UPRIGHT,0.2209,0.0000,1.0000,567.0,237.2,0.000,0.279,0.000,0.00,0.874,0.126
,1774.821,UPRIGHT,0.2209,0.0000,1.0000,567.0,237.2,0.000,0.281,0.000,0.00,0.874,0.126
,1774.825,UPRIGHT,0.2209,0.0000,1.0000,567.0,237.2,0.000,0.282,0.000,0.00,0.873,0.127
,1774.832,UPRIGHT,0.2209,0.0000,1.0000,567.0,237.2,0.000,0.285,0.000,0.00,0.872,0.128
,1774.836,UPRIGHT,0.2535,0.0000,1.0000,432.0,237.2,0.000,0.287,0.000,0.00,0.000,0.129
,1774.848,UPRIGHT,0.2535,0.0000,1.0000,432.0,237.2,0.000,0.291,0.000,0.00,0.869,0.131
,1774.852,UPRIGHT,0.2535,0.0000,1.0000,432.0,237.2,0.000,0.293,0.000,0.00,0.868,0.132
,1774.856,UPRIGHT,0.2535,0.0000,1.0000,432.0,237.2,0.000,0.294,0.000,0.00,0.867,0.133
,1774.863,UPRIGHT,0.2535,0.0000,1.0000,432.0,237.2,0.000,0.297,0.000,0.00,0.866,0.134
,1774.867,UPRIGHT,0.2535,0.0000,1.0000,432.0,237.2,0.000,0.299,0.000,0.00,0.865,0.135
,1774.871,UPRIGHT,0.2535,0.0000,1.0000,432.0,237.2,0.000,0.300,0.000,0.00,0.865,0.135
,1774.878,UPRIGHT,0.2535,0.0000,1.0000,432.0,237.2,0.000,0.303,0.000,0.00,0.863,0.137
,1774.882,UPRIGHT,0.2535,0.0000,1.0000,432.0,237.2,0.000,0.305,0.000,0.00,0.863,0.137
,1774.886,UPRIGHT,0.2535,0.0000,1.0000,432.0,237.2,0.000,0.307,0.000,0.00,0.862,0.138
,1774.894,UPRIGHT,0.2535,0.0000,1.0000,432.0,237.2,0.000,0.310,0.000,0.00,0.861,0.139
,1774.898,UPRIGHT,0.1279,0.0000,0.6098,648.0,237.2,0.000,0.311,0.000,0.00,0.000,0.140
,1774.902,UPRIGHT,0.1279,0.0000,0.6098,648.0,237.2,0.000,0.313,0.000,0.00,0.859,0.141
,1774.910,UPRIGHT,0.1279,0.0000,0.6098,648.0,237.2,0.000,0.316,0.000,0.00,0.858,0.142
,1774.913,UPRIGHT,0.1279,0.0000,0.6098,648.0,237.2,0.000,0.317,0.000,0.00,0.857,0.143
,1774.917,UPRIGHT,0.1279,0.0000,0.6098,648.0,237.2,0.000,0.319,0.000,0.00,0.856,0.144
,1774.925,UPRIGHT,0.1279,0.0000,0.6098,648.0,237.2,0.000,0.322,0.000,0.00,0.855,0.145
,1774.941,UPRIGHT,0.1279,0.0000,0.6098,648.0,237.2,0.000,0.329,0.000,0.00,0.852,0.148
,1774.946,UPRIGHT,0.1279,0.0000,0.6098,648.0,237.2,0.000,0.331,0.000,0.00,0.851,0.149
,1774.956,UPRIGHT,0.1279,0.0000,0.6098,648.0,237.2,0.000,0.335,0.000,0.00,0.849,0.151
,1774.961,UPRIGHT,0.1526,0.0244,0.9756,907.2,237.2,0.000,0.337,0.000,0.00,0.000,0.152
,1774.966,UPRIGHT,0.1526,0.0244,0.9756,907.2,237.2,0.000,0.339,0.000,0.00,0.848,0.152
,1774.972,UPRIGHT,0.1526,0.0244,0.9756,907.2,237.2,0.000,0.341,0.000,0.00,0.847,0.153
,1774.976,UPRIGHT,0.1526,0.0244,0.9756,907.2,237.2,0.000,0.342,0.000,0.00,0.846,0.154
,1774.981,UPRIGHT,0.1526,0.0244,0.9756,907.2,237.2,0.000,0.345,0.000,0.00,0.845,0.155
,1774.986,UPRIGHT,0.1526,0.0244,0.9756,907.2,237.2,0.000,0.346,0.000,0.00,0.844,0.156
,1775.003,UPRIGHT,0.1526,0.0244,0.9756,907.2,237.2,0.000,0.353,0.000,0.00,0.841,0.159
,1775.008,UPRIGHT,0.1526,0.0244,0.9756,907.2,237.2,0.000,0.355,0.000,0.00,0.840,0.160
,1775.019,UPRIGHT,0.1526,0.0244,0.9756,907.2,237.2,0.000,0.360,0.000,0.00,0.838,0.162
,1775.023,UPRIGHT,0.1314,0.0000,0.6098,648.0,237.2,0.000,0.362,0.000,0.00,0.000,0.163
,1775.028,UPRIGHT,0.1314,0.0000,0.6098,648.0,237.2,0.000,0.363,0.000,0.00,0.837,0.163
,1775.032,UPRIGHT,0.1314,0.0000,0.6098,648.0,237.2,0.000,0.365,0.000,0.00,0.836,0.164
,1775.051,UPRIGHT,0.1314,0.0000,0.6098,648.0,237.2,0.000,0.372,0.000,0.00,0.832,0.168
,1775.056,UPRIGHT,0.1314,0.0000,0.6098,648.0,237.2,0.000,0.375,0.000,0.00,0.831,0.169
,1775.061,UPRIGHT,0.1314,0.0000,0.6098,648.0,237.2,0.000,0.376,0.000,0.00,0.831,0.169
,1775.065,UPRIGHT,0.1314,0.0000,0.6098,648.0,237.2,0.000,0.378,0.000,0.00,0.830,0.170
,1775.081,UPRIGHT,0.1314,0.0000,0.6098,648.0,237.2,0.000,0.384,0.000,0.00,0.827,0.173
,1775.086,UPRIGHT,0.1314,0.0000,0.6098,648.0,237.2,0.000,0.387,0.000,0.00,0.826,0.174
,1775.096,UPRIGHT,0.1314,0.0000,0.6098,648.0,237.2,0.000,0.391,0.000,0.00,0.824,0.176
,1775.101,UPRIGHT,0.1314,0.0000,0.6098,648.0,237.2,0.000,0.393,0.000,0.00,0.823,0.177
,1775.112,UPRIGHT,0.1314,0.0000,0.6098,648.0,266.8,0.000,0.397,0.000,0.00,0.821,0.179
,1775.118,UPRIGHT,0.1314,0.0000,0.6098,648.0,266.8,0.000,0.399,0.000,0.00,0.820,0.180
,1775.127,UPRIGHT,0.1314,0.0000,0.6098,648.0,266.8,0.000,0.403,0.000,0.00,0.819,0.181
,1775.132,UPRIGHT,0.1314,0.0000,0.6098,648.0,266.8,0.000,0.405,0.000,0.00,0.818,0.182
,1775.143,UPRIGHT,0.1556,0.0000,0.5854,504.0,266.8,0.000,0.409,0.000,0.00,0.390,0.184
,1775.147,UPRIGHT,0.1556,0.0000,0.5854,504.0,266.8,0.000,0.411,0.000,0.00,0.815,0.185
,1775.152,UPRIGHT,0.1556,0.0000,0.5854,504.0,266.8,0.000,0.413,0.000,0.00,0.814,0.186
,1775.158,UPRIGHT,0.1556,0.0000,0.5854,504.0,266.8,0.000,0.415,0.000,0.00,0.813,0.187
,1775.162,UPRIGHT,0.1556,0.0000,0.5854,504.0,266.8,0.000,0.417,0.000,0.00,0.812,0.188
,1775.166,UPRIGHT,0.1556,0.0000,0.5854,504.0,266.8,0.000,0.419,0.000,0.00,0.812,0.188
,1775.174,UPRIGHT,0.1556,0.0000,0.5854,504.0,266.8,0.000,0.422,0.000,0.00,0.810,0.190
,1775.177,UPRIGHT,0.1556,0.0000,0.5854,504.0,266.8,0.000,0.423,0.000,0.00,0.810,0.190
,1775.181,UPRIGHT,0.1556,0.0000,0.5854,504.0,266.8,0.000,0.425,0.000,0.00,0.809,0.191
,1775.185,UPRIGHT,0.1556,0.0000,0.5854,504.0,266.8,0.000,0.426,0.000,0.00,0.808,0.192
,1775.204,UPRIGHT,0.1556,0.0000,0.5854,504.0,266.8,0.000,0.434,0.000,0.00,0.805,0.195
,1775.211,UPRIGHT,0.2513,0.0000,0.5610,302.4,266.8,0.000,0.436,0.000,0.00,0.000,0.196
,1775.216,UPRIGHT,0.2513,0.0000,0.5610,302.4,266.8,0.000,0.438,0.000,0.00,0.803,0.197
,1775.220,UPRIGHT,0.2513,0.0000,0.5610,302.4,266.8,0.000,0.440,0.000,0.00,0.802,0.198
,1775.235,UPRIGHT,0.2513,0.0000,0.5610,302.4,266.8,0.000,0.446,0.000,0.00,0.799,0.201
,1775.240,UPRIGHT,0.2513,0.0000,0.5610,302.4,266.8,0.000,0.448,0.000,0.00,0.798,0.202
,1775.244,UPRIGHT,0.2513,0.0000,0.5610,302.4,266.8,0.000,0.450,0.000,0.00,0.798,0.202
,1775.249,UPRIGHT,0.2513,0.0000,0.5610,302.4,266.8,0.000,0.452,0.000,0.00,0.797,0.203
,1775.267,UPRIGHT,0.2513,0.0000,0.5610,302.4,266.8,0.000,0.459,0.000,0.00,0.793,0.207
,1775.272,UPRIGHT,0.3832,0.0000,0.5854,216.0,266.8,0.000,0.461,0.000,0.00,0.000,0.207
,1775.281,UPRIGHT,0.3832,0.0000,0.5854,216.0,266.8,0.000,0.465,0.000,0.00,0.791,0.209
,1775.285,UPRIGHT,0.3832,0.0000,0.5854,216.0,266.8,0.000,0.466,0.000,0.00,0.790,0.210
,1775.289,UPRIGHT,0.3832,0.0000,0.5854,216.0,266.8,0.000,0.468,0.000,0.00,0.789,0.211
,1775.297,UPRIGHT,0.3832,0.0000,0.5854,216.0,266.8,0.000,0.471,0.000,0.00,0.788,0.212
,1775.301,UPRIGHT,0.3832,0.0000,0.5854,216.0,266.8,0.000,0.473,0.000,0.00,0.787,0.213
,1775.305,UPRIGHT,0.3832,0.0000,0.5854,216.0,266.8,0.000,0.474,0.000,0.00,0.787,0.213
,1775.310,UPRIGHT,0.3832,0.0000,0.5854,216.0,266.8,0.000,0.476,0.000,0.00,0.786,0.214
,1775.314,UPRIGHT,0.3832,0.0000,0.5854,216.0,266.8,0.000,0.478,0.000,0.00,0.785,0.215
,1775.318,UPRIGHT,0.3832,0.0000,0.5854,216.0,266.8,0.000,0.480,0.000,0.00,0.784,0.216
,1775.329,UPRIGHT,0.3832,0.0000,0.5854,216.0,266.8,0.000,0.484,0.000,0.00,0.782,0.218
,1775.333,UPRIGHT,0.3832,0.0000,0.5854,216.0,266.8,0.000,0.485,0.000,0.00,0.782,0.218
,1775.344,UPRIGHT,0.3832,0.0000,0.5854,216.0,266.8,0.000,0.490,0.000,0.00,0.780,0.220
,1775.348,UPRIGHT,0.3832,0.0000,0.5854,216.0,266.8,0.000,0.491,0.000,0.00,0.779,0.221
,1775.360,UPRIGHT,0.3832,0.0000,0.5854,216.0,266.8,0.000,0.496,0.000,0.00,0.777,0.223
,1775.365,UPRIGHT,0.3832,0.0000,0.5854,216.0,266.8,0.000,0.498,0.000,0.00,0.776,0.224
,1775.376,UPRIGHT,0.3832,0.0000,0.5854,216.0,266.8,0.000,0.503,0.000,0.00,0.774,0.226
,1775.380,UPRIGHT,0.3832,0.0000,0.5854,216.0,266.8,0.000,0.504,0.000,0.00,0.773,0.227
,1775.384,UPRIGHT,0.3832,0.0000,0.5854,216.0,266.8,0.000,0.506,0.000,0.00,0.772,0.228
,1775.391,UPRIGHT,0.3783,0.0000,0.6341,200.0,266.8,0.000,0.509,0.000,0.00,0.000,0.229
,1775.407,UPRIGHT,0.3783,0.0000,0.6341,200.0,266.8,0.000,0.515,0.000,0.00,0.768,0.232
,1775.413,UPRIGHT,0.3783,0.0000,0.6341,200.0,266.8,0.000,0.517,0.000,0.00,0.767,0.233
,1775.417,UPRIGHT,0.3783,0.0000,0.6341,200.0,266.8,0.000,0.519,0.000,0.00,0.766,0.234
,1775.423,UPRIGHT,0.3783,0.0000,0.6341,200.0,266.8,0.000,0.521,0.000,0.00,0.765,0.235
,1775.427,UPRIGHT,0.3783,0.0000,0.6341,200.0,266.8,0.000,0.523,0.000,0.00,0.765,0.235
,1775.431,UPRIGHT,0.3783,0.0000,0.6341,200.0,266.8,0.000,0.525,0.000,0.00,0.764,0.236
,1775.438,UPRIGHT,0.3783,0.0000,0.6341,200.0,266.8,0.000,0.527,0.000,0.00,0.763,0.237
,1775.454,UPRIGHT,0.3783,0.0000,0.6341,200.0,266.8,0.000,0.534,0.000,0.00,0.760,0.240
,1775.461,UPRIGHT,0.5785,0.0000,1.0000,255.5,266.8,0.000,0.537,0.000,0.00,0.000,0.241
,1775.466,UPRIGHT,0.5785,0.0000,1.0000,255.5,266.8,0.000,0.539,0.000,0.00,0.758,0.242
,1775.471,UPRIGHT,0.5785,0.0000,1.0000,255.5,266.8,0.000,0.540,0.000,0.00,0.757,0.243
,1775.485,UPRIGHT,0.5785,0.0000,1.0000,255.5,266.8,0.000,0.546,0.000,0.00,0.754,0.246
,1775.490,UPRIGHT,0.5785,0.0000,1.0000,255.5,266.8,0.000,0.548,0.000,0.00,0.753,0.247
,1775.494,UPRIGHT,0.5785,0.0000,1.0000,255.5,266.8,0.000,0.550,0.000,0.00,0.753,0.247
,1775.498,RECLINE,0.5785,0.0000,1.0000,255.5,266.8,0.000,0.551,0.000,0.00,0.752,0.248
,1775.516,RECLINE,0.5785,0.0000,1.0000,255.5,266.8,0.000,0.559,0.000,0.00,0.749,0.251
,1775.522,RECLINE,0.5247,0.0000,1.0000,266.8,266.8,0.000,0.561,0.000,0.00,0.000,0.252
,1775.531,RECLINE,0.5247,0.0000,1.0000,266.8,266.8,0.000,0.565,0.000,0.00,0.746,0.254
,1775.536,RECLINE,0.5247,0.0000,1.0000,266.8,266.8,0.000,0.566,0.000,0.00,0.745,0.255
,1775.540,RECLINE,0.5247,0.0000,1.0000,266.8,266.8,0.000,0.568,0.000,0.00,0.744,0.256
,1775.547,RECLINE,0.5247,0.0000,1.0000,266.8,266.8,0.000,0.571,0.000,0.00,0.743,0.257
,1775.551,RECLINE,0.5247,0.0000,1.0000,266.8,266.8,0.000,0.573,0.000,0.00,0.742,0.258
,1775.555,RECLINE,0.5247,0.0000,1.0000,266.8,266.8,0.000,0.574,0.000,0.00,0.742,0.258
,1775.562,RECLINE,0.5247,0.0000,1.0000,266.8,266.8,0.000,0.577,0.000,0.00,0.740,0.260
,1775.566,RECLINE,0.5247,0.0000,1.0000,266.8,266.8,0.000,0.579,0.000,0.00,0.740,0.260
,1775.570,RECLINE,0.5247,0.0000,1.0000,266.8,266.8,0.000,0.580,0.000,0.00,0.739,0.261
,1775.577,RECLINE,0.5247,0.0000,1.0000,266.8,266.8,0.000,0.583,0.000,0.00,0.738,0.262
,1775.582,RECLINE,0.5247,0.0000,1.0000,266.8,266.8,0.000,0.585,0.000,0.00,0.737,0.263
,1775.586,RECLINE,0.5247,0.0000,1.0000,266.8,266.8,0.000,0.587,0.000,0.00,0.736,0.264
,1775.590,RECLINE,0.5247,0.0000,1.0000,266.8,266.8,0.000,0.588,0.000,0.00,0.735,0.265
,1775.609,RECLINE,0.5247,0.0000,1.0000,266.8,266.8,0.000,0.596,0.000,0.00,0.732,0.268
,1775.614,RECLINE,0.5247,0.0000,1.0000,266.8,266.8,0.000,0.598,0.000,0.00,0.731,0.269
,1775.618,RECLINE,0.5247,0.0000,1.0000,266.8,266.8,0.000,0.599,0.000,0.00,0.730,0.270
,1775.625,RECLINE,0.5247,0.0000,1.0000,266.8,266.8,0.000,0.602,0.000,0.00,0.729,0.271
,1775.629,RECLINE,0.5247,0.0000,1.0000,266.8,266.8,0.000,0.604,0.000,0.00,0.728,0.272
,1775.633,RECLINE,0.5247,0.0000,1.0000,266.8,266.8,0.000,0.605,0.000,0.00,0.728,0.272
,1775.638,RECLINE,0.5247,0.0000,1.0000,266.8,252.0,0.000,0.607,0.000,0.00,0.727,0.273
,1775.642,RECLINE,0.5829,0.0000,1.0000,245.2,237.2,0.000,0.609,0.000,0.00,0.000,0.274
,1775.656,RECLINE,0.5829,0.0000,1.0000,245.2,237.2,0.000,0.615,0.000,0.00,0.723,0.277
,1775.660,RECLINE,0.5829,0.0000,1.0000,245.2,237.2,0.000,0.616,0.000,0.00,0.723,0.277
,1775.664,RECLINE,0.5829,0.0000,1.0000,245.2,237.2,0.000,0.618,0.000,0.00,0.722,0.278
,1775.672,RECLINE,0.5829,0.0000,1.0000,245.2,237.2,0.000,0.621,0.000,0.00,0.721,0.279
,1775.687,RECLINE,0.5829,0.0000,1.0000,245.2,237.2,0.000,0.627,0.000,0.00,0.718,0.282
,1775.692,RECLINE,0.5829,0.0000,1.0000,245.2,237.2,0.000,0.629,0.000,0.00,0.717,0.283
,1775.696,RECLINE,0.5829,0.0000,1.0000,245.2,237.2,0.000,0.631,0.000,0.00,0.716,0.284
,1775.701,RECLINE,0.5829,0.0000,1.0000,245.2,237.2,0.000,0.633,0.000,0.00,0.715,0.285
,1775.718,UPRIGHT,0.5992,0.0000,1.0000,238.7,165.2,0.000,0.534,0.000,0.00,0.062,0.240
,1775.724,UPRIGHT,0.5992,0.0000,1.0000,238.7,165.2,0.000,0.535,0.000,0.00,0.759,0.241
,1775.733,UPRIGHT,0.5992,0.0000,1.0000,238.7,165.2,0.000,0.539,0.000,0.00,0.758,0.242
,1775.738,UPRIGHT,0.5992,0.0000,1.0000,238.7,165.2,0.000,0.540,0.000,0.00,0.757,0.243
,1775.742,UPRIGHT,0.5992,0.0000,1.0000,238.7,165.2,0.000,0.541,0.000,0.00,0.756,0.244
,1775.746,UPRIGHT,0.5992,0.0000,1.0000,238.7,165.2,0.000,0.543,0.000,0.00,0.756,0.244
,1775.751,UPRIGHT,0.5992,0.0000,1.0000,238.7,165.2,0.000,0.545,0.000,0.00,0.755,0.245
,1775.764,UPRIGHT,0.5992,0.0000,1.0000,238.7,165.2,0.000,0.549,0.000,0.00,0.753,0.247
,1775.768,RECLINE,0.6380,0.0000,1.0000,216.0,165.2,0.000,0.550,0.000,0.00,0.000,0.248
,1775.772,RECLINE,0.6380,0.0000,1.0000,216.0,165.2,0.000,0.552,0.000,0.00,0.752,0.248
,1775.780,RECLINE,0.6380,0.0000,1.0000,216.0,165.2,0.000,0.554,0.000,0.00,0.751,0.249
,1775.784,RECLINE,0.6380,0.0000,1.0000,216.0,165.2,0.000,0.555,0.000,0.00,0.750,0.250
,1775.788,RECLINE,0.6380,0.0000,1.0000,216.0,165.2,0.000,0.557,0.000,0.00,0.749,0.251
,1775.795,UPRIGHT,0.6380,0.0000,1.0000,216.0,35.6,0.000,0.000,0.000,0.00,1.000,0.000
,1775.799,UPRIGHT,0.6380,0.0000,1.0000,216.0,35.6,0.000,0.000,0.000,0.00,1.000,0.000
,1775.811,UPRIGHT,0.6380,0.0000,1.0000,216.0,35.6,0.000,0.000,0.000,0.00,1.000,0.000
,1775.816,UPRIGHT,0.6380,0.0000,1.0000,216.0,35.6,0.000,0.000,0.000,0.00,1.000,0.000
,1775.826,UPRIGHT,0.6380,0.0000,1.0000,216.0,35.6,0.000,0.000,0.000,0.00,1.000,0.000
,1775.831,UPRIGHT,0.6380,0.0000,1.0000,216.0,35.6,0.000,0.000,0.000,0.00,1.000,0.000
,1775.842,UPRIGHT,0.6380,0.0000,1.0000,216.0,35.6,0.000,0.000,0.000,0.00,1.000,0.000
,1775.847,UPRIGHT,0.6380,0.0000,1.0000,216.0,35.6,0.000,0.000,0.000,0.00,1.000,0.000
,1775.852,UPRIGHT,0.6380,0.0000,1.0000,216.0,0.0,0.000,0.000,0.000,0.00,1.000,0.000
,1775.858,UPRIGHT,0.6380,0.0000,1.0000,216.0,0.0,0.000,0.000,0.000,0.00,1.000,0.000
,1775.873,UPRIGHT,0.6380,0.0000,1.0000,216.0,0.0,0.000,0.000,0.000,0.00,1.000,0.000
,1775.880,UPRIGHT,0.6380,0.0000,1.0000,216.0,0.0,0.000,0.000,0.000,0.00,1.000,0.000
,1775.885,UPRIGHT,0.6380,0.0000,1.0000,216.0,0.0,0.000,0.000,0.000,0.00,1.000,0.000
,1775.905,UPRIGHT,0.7447,0.0000,1.0000,200.0,0.0,0.000,0.000,0.000,0.00,0.000,0.000
,1775.909,UPRIGHT,0.7447,0.0000,1.0000,200.0,0.0,0.000,0.000,0.000,0.00,1.000,0.000
,1775.914,UPRIGHT,0.7447,0.0000,1.0000,200.0,0.0,0.000,0.000,0.000,0.00,1.000,0.000
,1775.920,UPRIGHT,0.7447,0.0000,1.0000,200.0,0.0,0.000,0.000,0.000,0.00,1.000,0.000
,1775.924,UPRIGHT,0.7447,0.0000,1.0000,200.0,0.0,0.000,0.000,0.000,0.00,1.000,0.000
,1775.936,UPRIGHT,0.7447,0.0000,1.0000,200.0,0.0,0.000,0.000,0.000,0.00,1.000,0.000
,1775.940,UPRIGHT,0.7447,0.0000,1.0000,200.0,0.0,0.000,0.000,0.000,0.00,1.000,0.000
,1775.944,UPRIGHT,0.7447,0.0000,1.0000,200.0,0.0,0.000,0.000,0.000,0.00,1.000,0.000
,1775.948,UPRIGHT,0.7447,0.0000,1.0000,200.0,0.0,0.000,0.000,0.000,0.00,1.000,0.000
,1775.968,UPRIGHT,0.7293,0.0000,1.0000,229.7,0.0,0.000,0.000,0.000,0.00,0.000,0.000
,1775.974,UPRIGHT,0.7293,0.0000,1.0000,229.7,0.0,0.000,0.000,0.000,0.00,1.000,0.000
,1775.979,UPRIGHT,0.7293,0.0000,1.0000,229.7,0.0,0.000,0.000,0.000,0.00,1.000,0.000
,1775.983,UPRIGHT,0.7293,0.0000,1.0000,229.7,0.0,0.000,0.000,0.000,0.00,1.000,0.000
,1775.987,UPRIGHT,0.7293,0.0000,1.0000,229.7,0.0,0.000,0.000,0.000,0.00,1.000,0.000
,1775.999,UPRIGHT,0.7293,0.0000,1.0000,229.7,0.0,0.000,0.000,0.000,0.00,1.000,0.000
,1776.003,UPRIGHT,0.7293,0.0000,1.0000,229.7,0.0,0.000,0.000,0.000,0.00,1.000,0.000
,1776.007,UPRIGHT,0.7293,0.0000,1.0000,229.7,-5.6,0.000,0.000,0.000,0.00,1.000,0.000
,1776.014,UPRIGHT,0.6490,0.0000,1.0000,238.7,-11.3,0.000,0.000,0.000,0.00,0.000,0.000
,1776.018,UPRIGHT,0.6490,0.0000,1.0000,238.7,-11.3,0.000,0.000,0.000,0.00,1.000,0.000
,1776.022,UPRIGHT,0.6490,0.0000,1.0000,238.7,-11.3,0.000,0.000,0.000,0.00,1.000,0.000
,1776.027,UPRIGHT,0.6490,0.0000,1.0000,238.7,-11.3,0.000,0.000,0.000,0.00,1.000,0.000
,1776.031,UPRIGHT,0.6490,0.0000,1.0000,238.7,-11.3,0.000,0.000,0.000,0.00,1.000,0.000
,1776.035,UPRIGHT,0.6490,0.0000,1.0000,238.7,-11.3,0.000,0.000,0.000,0.00,1.000,0.000
,1776.045,UPRIGHT,0.6490,0.0000,1.0000,238.7,-11.3,0.000,0.000,0.000,0.00,1.000,0.000
,1776.049,UPRIGHT,0.6490,0.0000,1.0000,238.7,-11.3,0.000,0.000,0.000,0.00,1.000,0.000
,1776.053,UPRIGHT,0.6490,0.0000,1.0000,238.7,-16.5,0.000,0.000,0.000,0.00,1.000,0.000
,1776.061,UPRIGHT,0.6490,0.0000,1.0000,238.7,-21.6,0.000,0.000,0.000,0.00,1.000,0.000
,1776.065,UPRIGHT,0.6490,0.0000,1.0000,238.7,-21.6,0.000,0.000,0.000,0.00,1.000,0.000
,1776.069,UPRIGHT,0.6490,0.0000,1.0000,238.7,-21.6,0.000,0.000,0.000,0.00,1.000,0.000
,1776.077,UPRIGHT,0.6490,0.0000,1.0000,238.7,-21.6,0.000,0.000,0.000,0.00,1.000,0.000
,1776.081,UPRIGHT,0.6490,0.0000,1.0000,238.7,-21.6,0.000,0.000,0.000,0.00,1.000,0.000
,1776.085,UPRIGHT,0.6490,0.0000,1.0000,238.7,-21.6,0.000,0.000,0.000,0.00,1.000,0.000
,1776.092,UPRIGHT,0.6490,0.0000,1.0000,238.7,-21.6,0.000,0.000,0.000,0.00,1.000,0.000
,1776.107,UPRIGHT,0.6490,0.0000,1.0000,238.7,-24.9,0.000,0.000,0.000,0.00,1.000,0.000
,1776.113,UPRIGHT,0.6490,0.0000,1.0000,238.7,-28.1,0.000,0.000,0.000,0.00,1.000,0.000
,1776.117,UPRIGHT,0.6490,0.0000,1.0000,238.7,-28.1,0.000,0.000,0.000,0.00,1.000,0.000
,1776.123,UPRIGHT,0.6490,0.0000,1.0000,238.7,-28.1,0.000,0.000,0.000,0.00,1.000,0.000
,1776.139,UPRIGHT,0.7668,0.0000,1.0000,200.0,-28.1,0.000,0.000,0.000,0.00,0.000,0.000
,1776.145,UPRIGHT,0.7668,0.0000,1.0000,200.0,-28.1,0.000,0.000,0.000,0.00,1.000,0.000
,1776.150,UPRIGHT,0.7668,0.0000,1.0000,200.0,-28.1,0.000,0.000,0.000,0.00,1.000,0.000
,1776.154,UPRIGHT,0.7668,0.0000,1.0000,200.0,-28.1,0.000,0.000,0.000,0.00,1.000,0.000
,1776.169,UPRIGHT,0.7668,0.0000,1.0000,200.0,-28.1,0.000,0.000,0.000,0.00,1.000,0.000
,1776.175,UPRIGHT,0.7668,0.0000,1.0000,200.0,-28.1,0.000,0.000,0.000,0.00,1.000,0.000
,1776.179,UPRIGHT,0.7668,0.0000,1.0000,200.0,-28.1,0.000,0.000,0.000,0.00,1.000,0.000
,1776.185,UPRIGHT,0.7668,0.0000,1.0000,200.0,-28.1,0.000,0.000,0.000,0.00,1.000,0.000
,1776.201,UPRIGHT,0.7668,0.0000,1.0000,200.0,-28.1,0.000,0.000,0.000,0.00,1.000,0.000
,1776.207,UPRIGHT,0.7743,0.0000,1.0000,200.0,-28.1,0.000,0.000,0.000,0.00,0.405,0.000
,1776.216,UPRIGHT,0.7743,0.0000,1.0000,200.0,-28.1,0.000,0.000,0.000,0.00,1.000,0.000
,1776.220,UPRIGHT,0.7743,0.0000,1.0000,200.0,-28.1,0.000,0.000,0.000,0.00,1.000,0.000
,1776.225,UPRIGHT,0.7743,0.0000,1.0000,200.0,-28.1,0.000,0.000,0.000,0.00,1.000,0.000
,1776.232,UPRIGHT,0.7743,0.0000,1.0000,200.0,-28.1,0.000,0.000,0.000,0.00,1.000,0.000
,1776.237,UPRIGHT,0.7743,0.0000,1.0000,200.0,-28.1,0.000,0.000,0.000,0.00,1.000,0.000
,1776.241,UPRIGHT,0.7743,0.0000,1.0000,200.0,-28.1,0.000,0.000,0.000,0.00,1.000,0.000
,1776.247,UPRIGHT,0.7743,0.0000,1.0000,200.0,-28.1,0.000,0.000,0.000,0.00,1.000,0.000
,1776.251,UPRIGHT,0.7743,0.0000,1.0000,200.0,-28.1,0.000,0.000,0.000,0.00,1.000,0.000
,1776.255,UPRIGHT,0.7743,0.0000,1.0000,200.0,-28.1,0.000,0.000,0.000,0.00,1.000,0.000
,1776.263,UPRIGHT,0.7884,0.0000,1.0000,200.0,-28.1,0.000,0.000,0.000,0.00,0.530,0.000
,1776.267,UPRIGHT,0.7884,0.0000,1.0000,200.0,-28.1,0.000,0.000,0.000,0.00,1.000,0.000
,1776.271,UPRIGHT,0.7884,0.0000,1.0000,200.0,-28.1,0.000,0.000,0.000,0.00,1.000,0.000
,1776.278,UPRIGHT,0.7884,0.0000,1.0000,200.0,-28.1,0.000,0.000,0.000,0.00,1.000,0.000
,1776.282,UPRIGHT,0.7884,0.0000,1.0000,200.0,-28.1,0.000,0.000,0.000,0.00,1.000,0.000
,1776.286,UPRIGHT,0.7884,0.0000,1.0000,200.0,-28.1,0.000,0.000,0.000,0.00,1.000,0.000
,1776.294,UPRIGHT,0.7884,0.0000,1.0000,200.0,-28.1,0.000,0.000,0.000,0.00,1.000,0.000
,1776.298,UPRIGHT,0.7884,0.0000,1.0000,200.0,-32.6,0.000,0.000,0.000,0.00,1.000,0.000
,1776.302,UPRIGHT,0.7884,0.0000,1.0000,200.0,-37.2,0.000,0.000,0.000,0.00,1.000,0.000
,1776.310,UPRIGHT,0.7884,0.0000,1.0000,200.0,-37.2,0.000,0.000,0.000,0.00,1.000,0.000
,1776.314,UPRIGHT,0.7884,0.0000,1.0000,200.0,-37.2,0.000,0.000,0.000,0.00,1.000,0.000
,1776.318,UPRIGHT,0.7884,0.0000,1.0000,200.0,-37.2,0.000,0.000,0.000,0.00,1.000,0.000
,1776.326,UPRIGHT,0.7875,0.0000,1.0000,200.0,-37.2,0.000,0.000,0.000,0.00,0.750,0.000
,1776.330,UPRIGHT,0.7875,0.0000,1.0000,200.0,-37.2,0.000,0.000,0.000,0.00,1.000,0.000
,1776.334,UPRIGHT,0.7875,0.0000,1.0000,200.0,-37.2,0.000,0.000,0.000,0.00,1.000,0.000
,1776.341,UPRIGHT,0.7875,0.0000,1.0000,200.0,-37.2,0.000,0.000,0.000,0.00,1.000,0.000
,1776.357,UPRIGHT,0.7875,0.0000,1.0000,200.0,-50.8,0.000,0.000,0.000,0.00,1.000,0.000
,1776.363,UPRIGHT,0.7875,0.0000,1.0000,200.0,-50.8,0.000,0.000,0.000,0.00,1.000,0.000
,1776.368,UPRIGHT,0.7875,0.0000,1.0000,200.0,-50.8,0.000,0.000,0.000,0.00,1.000,0.000
,1776.388,UPRIGHT,0.7875,0.0000,1.0000,200.0,-50.8,0.000,0.000,0.000,0.00,1.000,0.000
,1776.393,UPRIGHT,0.7875,0.0000,1.0000,200.0,-50.8,0.000,0.000,0.000,0.00,1.000,0.000
,1776.397,UPRIGHT,0.7875,0.0000,1.0000,200.0,-50.8,0.000,0.000,0.000,0.00,1.000,0.000
,1776.404,UPRIGHT,0.7875,0.0000,1.0000,200.0,-50.8,0.000,0.000,0.000,0.00,1.000,0.000
,1776.407,UPRIGHT,0.7875,0.0000,1.0000,200.0,-50.8,0.000,0.000,0.000,0.00,1.000,0.000
,1776.412,UPRIGHT,0.7875,0.0000,1.0000,200.0,-50.8,0.000,0.000,0.000,0.00,1.000,0.000
,1776.416,UPRIGHT,0.7875,0.0000,1.0000,200.0,-50.8,0.000,0.000,0.000,0.00,1.000,0.000
,1776.421,UPRIGHT,0.7875,0.0000,1.0000,200.0,-50.8,0.000,0.000,0.000,0.00,1.000,0.000
,1776.425,UPRIGHT,0.7875,0.0000,1.0000,200.0,-50.8,0.000,0.000,0.000,0.00,1.000,0.000
,1776.430,UPRIGHT,0.7875,0.0000,1.0000,200.0,-50.8,0.000,0.000,0.000,0.00,1.000,0.000
,1776.434,UPRIGHT,0.7875,0.0000,1.0000,200.0,-50.8,0.000,0.000,0.000,0.00,1.000,0.000
,1776.450,UPRIGHT,0.7875,0.0000,1.0000,200.0,-50.8,0.000,0.000,0.000,0.00,1.000,0.000
,1776.455,UPRIGHT,0.7703,0.0000,1.0000,200.0,-50.8,0.000,0.000,0.000,0.00,0.522,0.000
,1776.459,UPRIGHT,0.7703,0.0000,1.0000,200.0,-50.8,0.000,0.000,0.000,0.00,1.000,0.000
,1776.464,UPRIGHT,0.7703,0.0000,1.0000,200.0,-50.8,0.000,0.000,0.000,0.00,1.000,0.000
,1776.481,UPRIGHT,0.7703,0.0000,1.0000,200.0,-50.8,0.000,0.000,0.000,0.00,1.000,0.000
,1776.485,UPRIGHT,0.7703,0.0000,1.0000,200.0,-50.8,0.000,0.000,0.000,0.00,1.000,0.000
,1776.497,UPRIGHT,0.7703,0.0000,1.0000,200.0,-50.8,0.000,0.000,0.000,0.00,1.000,0.000
,1776.513,UPRIGHT,0.7703,0.0000,1.0000,200.0,-50.8,0.000,0.000,0.000,0.00,1.000,0.000
,1776.517,UPRIGHT,0.7676,0.0000,1.0000,200.0,-50.8,0.000,0.000,0.000,0.00,0.691,0.000
,1776.529,UPRIGHT,0.7676,0.0000,1.0000,200.0,-50.8,0.000,0.000,0.000,0.00,1.000,0.000
,1776.533,UPRIGHT,0.7676,0.0000,1.0000,200.0,-50.8,0.000,0.000,0.000,0.00,1.000,0.000
,1776.537,UPRIGHT,0.7676,0.0000,1.0000,200.0,-50.8,0.000,0.000,0.000,0.00,1.000,0.000
,1776.544,UPRIGHT,0.7676,0.0000,1.0000,200.0,-50.8,0.000,0.000,0.000,0.00,1.000,0.000
,1776.549,UPRIGHT,0.7676,0.0000,1.0000,200.0,-50.8,0.000,0.000,0.000,0.00,1.000,0.000
,1776.554,UPRIGHT,0.7676,0.0000,1.0000,200.0,-50.8,0.000,0.000,0.000,0.00,1.000,0.000
,1776.560,UPRIGHT,0.7676,0.0000,1.0000,200.0,-50.8,0.000,0.000,0.000,0.00,1.000,0.000
,1776.564,UPRIGHT,0.7676,0.0000,1.0000,200.0,-50.8,0.000,0.000,0.000,0.00,1.000,0.000
,1776.568,UPRIGHT,0.7676,0.0000,1.0000,200.0,-50.8,0.000,0.000,0.000,0.00,1.000,0.000
,1776.575,UPRIGHT,0.7676,0.0000,1.0000,200.0,-50.8,0.000,0.000,0.000,0.00,1.000,0.000
,1776.580,UPRIGHT,0.7090,0.0000,1.0000,221.3,-50.8,0.000,0.000,0.000,0.00,0.000,0.000
,1776.584,UPRIGHT,0.7090,0.0000,1.0000,221.3,-50.8,0.000,0.000,0.000,0.00,1.000,0.000
,1776.590,UPRIGHT,0.7090,0.0000,1.0000,221.3,-50.8,0.000,0.000,0.000,0.00,1.000,0.000
,1776.606,UPRIGHT,0.7090,0.0000,1.0000,221.3,-50.8,0.000,0.000,0.000,0.00,1.000,0.000
,1776.610,UPRIGHT,0.7090,0.0000,1.0000,221.3,-50.8,0.000,0.000,0.000,0.00,1.000,0.000
,1776.615,UPRIGHT,0.7090,0.0000,1.0000,221.3,-50.8,0.000,0.000,0.000,0.00,1.000,0.000
,1776.619,UPRIGHT,0.7090,0.0000,1.0000,221.3,-50.8,0.000,0.000,0.000,0.00,1.000,0.000
,1776.624,UPRIGHT,0.7090,0.0000,1.0000,221.3,-50.8,0.000,0.000,0.000,0.00,1.000,0.000
,1776.637,UPRIGHT,0.7090,0.0000,1.0000,221.3,-50.8,0.000,0.000,0.000,0.00,1.000,0.000
,1776.652,UPRIGHT,0.7090,0.0000,1.0000,221.3,-50.8,0.000,0.000,0.000,0.00,1.000,0.000
,1776.656,UPRIGHT,0.7090,0.0000,1.0000,221.3,-50.8,0.000,0.000,0.000,0.00,1.000,0.000
,1776.660,UPRIGHT,0.7090,0.0000,1.0000,221.3,-50.8,0.000,0.000,0.000,0.00,1.000,0.000
,1776.665,UPRIGHT,0.7090,0.0000,1.0000,221.3,-50.8,0.000,0.000,0.000,0.00,1.000,0.000
,1776.670,UPRIGHT,0.7090,0.0000,1.0000,221.3,-50.8,0.000,0.000,0.000,0.00,1.000,0.000
,1776.674,UPRIGHT,0.7090,0.0000,1.0000,221.3,-50.8,0.000,0.000,0.000,0.00,1.000,0.000
,1776.678,UPRIGHT,0.7090,0.0000,1.0000,221.3,-50.8,0.000,0.000,0.000,0.00,1.000,0.000
,1776.683,UPRIGHT,0.7090,0.0000,1.0000,221.3,-50.8,0.000,0.000,0.000,0.00,1.000,0.000
,1776.687,UPRIGHT,0.7090,0.0000,1.0000,221.3,-50.8,0.000,0.000,0.000,0.00,1.000,0.000
,1776.691,UPRIGHT,0.7090,0.0000,1.0000,221.3,-50.8,0.000,0.000,0.000,0.00,1.000,0.000
,1776.696,UPRIGHT,0.7090,0.0000,1.0000,221.3,-50.8,0.000,0.000,0.000,0.00,1.000,0.000
,1776.700,UPRIGHT,0.7103,0.0000,1.0000,238.7,-50.8,0.000,0.000,0.000,0.00,0.096,0.000
,1776.713,UPRIGHT,0.7103,0.0000,1.0000,238.7,-50.8,0.000,0.000,0.000,0.00,1.000,0.000
,1776.717,UPRIGHT,0.7103,0.0000,1.0000,238.7,-50.8,0.000,0.000,0.000,0.00,1.000,0.000
,1776.721,UPRIGHT,0.7103,0.0000,1.0000,238.7,-50.8,0.000,0.000,0.000,0.00,1.000,0.000
,1776.729,UPRIGHT,0.7103,0.0000,1.0000,238.7,-50.8,0.000,0.000,0.000,0.00,1.000,0.000
,1776.733,UPRIGHT,0.7103,0.0000,1.0000,238.7,-50.8,0.000,0.000,0.000,0.00,1.000,0.000
,1776.744,UPRIGHT,0.7103,0.0000,1.0000,238.7,-50.8,0.000,0.000,0.000,0.00,1.000,0.000
,1776.749,UPRIGHT,0.7103,0.0000,1.0000,238.7,-50.8,0.000,0.000,0.000,0.00,1.000,0.000
,1776.753,UPRIGHT,0.7103,0.0000,1.0000,238.7,-50.8,0.000,0.000,0.000,0.00,1.000,0.000
,1776.760,UPRIGHT,0.7103,0.0000,1.0000,238.7,-50.8,0.000,0.000,0.000,0.00,1.000,0.000
,1776.764,UPRIGHT,0.8452,0.0000,1.0000,200.0,-50.8,0.000,0.000,0.000,0.00,0.000,0.000
,1776.768,UPRIGHT,0.8452,0.0000,1.0000,200.0,-50.8,0.000,0.000,0.000,0.00,1.000,0.000
,1776.775,UPRIGHT,0.8452,0.0000,1.0000,200.0,-50.8,0.000,0.000,0.000,0.00,1.000,0.000
,1776.779,UPRIGHT,0.8452,0.0000,1.0000,200.0,-50.8,0.000,0.000,0.000,0.00,1.000,0.000
,1776.783,UPRIGHT,0.8452,0.0000,1.0000,200.0,-50.8,0.000,0.000,0.000,0.00,1.000,0.000
,1776.787,UPRIGHT,0.8452,0.0000,1.0000,200.0,-50.8,0.000,0.000,0.000,0.00,1.000,0.000
,1776.792,UPRIGHT,0.8452,0.0000,1.0000,200.0,-50.8,0.000,0.000,0.000,0.00,1.000,0.000
,1776.796,UPRIGHT,0.8452,0.0000,1.0000,200.0,-50.8,0.000,0.000,0.000,0.00,1.000,0.000
,1776.800,UPRIGHT,0.8452,0.0000,1.0000,200.0,-50.8,0.000,0.000,0.000,0.00,1.000,0.000
,1776.806,UPRIGHT,0.8452,0.0000,1.0000,200.0,-50.8,0.000,0.000,0.000,0.00,1.000,0.000
,1776.810,UPRIGHT,0.8452,0.0000,1.0000,200.0,-50.8,0.000,0.000,0.000,0.00,1.000,0.000
,1776.814,UPRIGHT,0.8452,0.0000,1.0000,200.0,-50.8,0.000,0.000,0.000,0.00,1.000,0.000
,1776.822,UPRIGHT,0.8452,0.0000,1.0000,200.0,-50.8,0.000,0.000,0.000,0.00,1.000,0.000
,1776.826,UPRIGHT,0.8505,0.0000,1.0000,200.0,-50.8,0.000,0.000,0.000,0.00,0.647,0.000
,1776.830,UPRIGHT,0.8505,0.0000,1.0000,200.0,-50.8,0.000,0.000,0.000,0.00,1.000,0.000
,1776.837,UPRIGHT,0.8505,0.0000,1.0000,200.0,-50.8,0.000,0.000,0.000,0.00,1.000,0.000
,1776.841,UPRIGHT,0.8505,0.0000,1.0000,200.0,-66.8,0.000,0.000,0.000,0.00,1.000,0.000
,1776.853,UPRIGHT,0.8505,0.0000,1.0000,200.0,-66.8,0.000,0.000,0.000,0.00,1.000,0.000
,1776.857,UPRIGHT,0.8505,0.0000,1.0000,200.0,-66.8,0.000,0.000,0.000,0.00,1.000,0.000
,1776.868,UPRIGHT,0.8505,0.0000,1.0000,200.0,-66.8,0.000,0.000,0.000,0.00,1.000,0.000
,1776.872,UPRIGHT,0.8505,0.0000,1.0000,200.0,-66.8,0.000,0.000,0.000,0.00,1.000,0.000
,1776.884,UPRIGHT,0.8505,0.0000,1.0000,200.0,-66.8,0.000,0.000,0.000,0.00,1.000,0.000
,1776.888,UPRIGHT,0.7879,0.0000,1.0000,200.0,-66.8,0.000,0.000,0.000,0.00,0.000,0.000
,1776.899,UPRIGHT,0.7879,0.0000,1.0000,200.0,-66.8,0.000,0.000,0.000,0.00,1.000,0.000
,1776.903,UPRIGHT,0.7879,0.0000,1.0000,200.0,-66.8,0.000,0.000,0.000,0.00,1.000,0.000
,1776.907,UPRIGHT,0.7879,0.0000,1.0000,200.0,-66.8,0.000,0.000,0.000,0.00,1.000,0.000
,1776.915,UPRIGHT,0.7879,0.0000,1.0000,200.0,-66.8,0.000,0.000,0.000,0.00,1.000,0.000
,1776.919,UPRIGHT,0.7879,0.0000,1.0000,200.0,-66.8,0.000,0.000,0.000,0.00,1.000,0.000
,1776.923,UPRIGHT,0.7879,0.0000,1.0000,200.0,-66.8,0.000,0.000,0.000,0.00,1.000,0.000
,1776.931,UPRIGHT,0.7879,0.0000,1.0000,200.0,-66.8,0.000,0.000,0.000,0.00,1.000,0.000
,1776.935,UPRIGHT,0.7879,0.0000,1.0000,200.0,-66.8,0.000,0.000,0.000,0.00,1.000,0.000
,1776.939,UPRIGHT,0.7879,0.0000,1.0000,200.0,-66.8,0.000,0.000,0.000,0.00,1.000,0.000
,1776.946,UPRIGHT,0.7879,0.0000,1.0000,200.0,-66.8,0.000,0.000,0.000,0.00,1.000,0.000
,1776.950,UPRIGHT,0.7879,0.0000,1.0000,200.0,-66.8,0.000,0.000,0.000,0.00,1.000,0.000
,1776.954,UPRIGHT,0.7879,0.0000,1.0000,200.0,-66.8,0.000,0.000,0.000,0.00,1.000,0.000
,1776.962,UPRIGHT,0.7879,0.0000,1.0000,200.0,-66.8,0.000,0.000,0.000,0.00,1.000,0.000
,1776.966,UPRIGHT,0.7879,0.0000,1.0000,200.0,-66.8,0.000,0.000,0.000,0.00,1.000,0.000
,1776.970,UPRIGHT,0.7879,0.0000,1.0000,200.0,-66.8,0.000,0.000,0.000,0.00,1.000,0.000
,1776.975,UPRIGHT,0.7879,0.0000,1.0000,200.0,-66.8,0.000,0.000,0.000,0.00,1.000,0.000
,1776.979,UPRIGHT,0.7879,0.0000,1.0000,200.0,-66.8,0.000,0.000,0.000,0.00,1.000,0.000
,1776.984,UPRIGHT,0.7879,0.0000,1.0000,200.0,-66.8,0.000,0.000,0.000,0.00,1.000,0.000
,1776.992,UPRIGHT,0.7879,0.0000,1.0000,200.0,-66.8,0.000,0.000,0.000,0.00,1.000,0.000
,1777.008,UPRIGHT,0.8201,0.0000,1.0000,200.0,-66.8,0.000,0.000,0.000,0.00,0.000,0.000
,1777.012,UPRIGHT,0.8201,0.0000,1.0000,200.0,-66.8,0.000,0.000,0.000,0.00,1.000,0.000
,1777.016,UPRIGHT,0.8201,0.0000,1.0000,200.0,-66.8,0.000,0.000,0.000,0.00,1.000,0.000
,1777.023,UPRIGHT,0.8201,0.0000,1.0000,200.0,-66.8,0.000,0.000,0.000,0.00,1.000,0.000
,1777.027,UPRIGHT,0.8201,0.0000,1.0000,200.0,-66.8,0.000,0.000,0.000,0.00,1.000,0.000
,1777.031,UPRIGHT,0.8201,0.0000,1.0000,200.0,-66.8,0.000,0.000,0.000,0.00,1.000,0.000
,1777.039,UPRIGHT,0.8201,0.0000,1.0000,200.0,-66.8,0.000,0.000,0.000,0.00,1.000,0.000
,1777.043,UPRIGHT,0.8201,0.0000,1.0000,200.0,-66.8,0.000,0.000,0.000,0.00,1.000,0.000
,1777.047,UPRIGHT,0.8201,0.0000,1.0000,200.0,-66.8,0.000,0.000,0.000,0.00,1.000,0.000
,1777.055,UPRIGHT,0.8201,0.0000,1.0000,200.0,-66.8,0.000,0.000,0.000,0.00,1.000,0.000
,1777.059,UPRIGHT,0.8201,0.0000,1.0000,200.0,-66.8,0.000,0.000,0.000,0.00,1.000,0.000
,1777.063,UPRIGHT,0.8201,0.0000,1.0000,200.0,-66.8,0.000,0.000,0.000,0.00,1.000,0.000
,1777.070,UPRIGHT,0.8201,0.0000,1.0000,200.0,-66.8,0.000,0.000,0.000,0.00,1.000,0.000
,1777.074,UPRIGHT,0.9043,0.0000,1.0000,200.0,-66.8,0.000,0.000,0.000,0.00,0.000,0.000
,1777.086,UPRIGHT,0.9043,0.0000,1.0000,200.0,-66.8,0.000,0.000,0.000,0.00,1.000,0.000
,1777.101,UPRIGHT,0.9043,0.0000,1.0000,200.0,-66.8,0.000,0.000,0.000,0.00,1.000,0.000
,1777.107,UPRIGHT,0.9043,0.0000,1.0000,200.0,-66.8,0.000,0.000,0.000,0.00,1.000,0.000
,1777.116,UPRIGHT,0.9043,0.0000,1.0000,200.0,-66.8,0.000,0.000,0.000,0.00,1.000,0.000
,1777.121,UPRIGHT,0.9043,0.0000,1.0000,200.0,-66.8,0.000,0.000,0.000,0.00,1.000,0.000
,1777.125,UPRIGHT,0.9043,0.0000,1.0000,200.0,-66.8,0.000,0.000,0.000,0.00,1.000,0.000
,1777.129,UPRIGHT,0.9043,0.0000,1.0000,200.0,-66.8,0.000,0.000,0.000,0.00,1.000,0.000
,1777.148,UPRIGHT,0.7901,0.0000,1.0000,201.6,-66.8,0.000,0.000,0.000,0.00,0.000,0.000
,1777.155,UPRIGHT,0.7901,0.0000,1.0000,201.6,-66.8,0.000,0.000,0.000,0.00,1.000,0.000
,1777.160,UPRIGHT,0.7901,0.0000,1.0000,201.6,-66.8,0.000,0.000,0.000,0.00,1.000,0.000
,1777.165,UPRIGHT,0.7901,0.0000,1.0000,201.6,-66.8,0.000,0.000,0.000,0.00,1.000,0.000
,1777.169,UPRIGHT,0.7901,0.0000,1.0000,201.6,-66.8,0.000,0.000,0.000,0.00,1.000,0.000
,1777.173,UPRIGHT,0.7901,0.0000,1.0000,201.6,-66.8,0.000,0.000,0.000,0.00,1.000,0.000
,1777.179,UPRIGHT,0.7901,0.0000,1.0000,201.6,-66.8,0.000,0.000,0.000,0.00,1.000,0.000
,1777.183,UPRIGHT,0.7901,0.0000,1.0000,201.6,-66.8,0.000,0.000,0.000,0.00,1.000,0.000
,1777.194,UPRIGHT,0.7901,0.0000,1.0000,201.6,-66.8,0.000,0.000,0.000,0.00,1.000,0.000
,1777.199,UPRIGHT,0.7557,0.0000,1.0000,201.6,-66.8,0.000,0.000,0.000,0.00,0.000,0.000
,1777.203,UPRIGHT,0.7557,0.0000,1.0000,201.6,-66.8,0.000,0.000,0.000,0.00,1.000,0.000
,1777.210,UPRIGHT,0.7557,0.0000,1.0000,201.6,-66.8,0.000,0.000,0.000,0.00,1.000,0.000
,1777.214,UPRIGHT,0.7557,0.0000,1.0000,201.6,-66.8,0.000,0.000,0.000,0.00,1.000,0.000
,1777.218,UPRIGHT,0.7557,0.0000,1.0000,201.6,-66.8,0.000,0.000,0.000,0.00,1.000,0.000
,1777.222,UPRIGHT,0.7557,0.0000,1.0000,201.6,-66.8,0.000,0.000,0.000,0.00,1.000,0.000
,1777.240,UPRIGHT,0.7557,0.0000,1.0000,201.6,-66.8,0.000,0.000,0.000,0.00,1.000,0.000
,1777.244,UPRIGHT,0.7557,0.0000,1.0000,201.6,-66.8,0.000,0.000,0.000,0.00,1.000,0.000
,1777.249,UPRIGHT,0.7557,0.0000,1.0000,201.6,-66.8,0.000,0.000,0.000,0.00,1.000,0.000
,1777.255,UPRIGHT,0.7557,0.0000,1.0000,201.6,-66.8,0.000,0.000,0.000,0.00,1.000,0.000
,1777.259,UPRIGHT,0.7557,0.0000,1.0000,201.6,-66.8,0.000,0.000,0.000,0.00,1.000,0.000
,1777.264,UPRIGHT,0.7557,0.0000,1.0000,201.6,-66.8,0.000,0.000,0.000,0.00,1.000,0.000
,1777.268,UPRIGHT,0.7557,0.0000,1.0000,201.6,-66.8,0.000,0.000,0.000,0.00,1.000,0.000
,1777.272,UPRIGHT,0.7557,0.0000,1.0000,201.6,-66.8,0.000,0.000,0.000,0.00,1.000,0.000
,1777.276,UPRIGHT,0.7557,0.0000,1.0000,201.6,-66.8,0.000,0.000,0.000,0.00,1.000,0.000
,1777.280,UPRIGHT,0.7557,0.0000,1.0000,201.6,-66.8,0.000,0.000,0.000,0.00,1.000,0.000
,1777.284,UPRIGHT,0.7557,0.0000,1.0000,201.6,-66.8,0.000,0.000,0.000,0.00,1.000,0.000
,1777.302,UPRIGHT,0.7557,0.0000,1.0000,201.6,-66.8,0.000,0.000,0.000,0.00,1.000,0.000
,1777.307,UPRIGHT,0.7557,0.0000,1.0000,201.6,-66.8,0.000,0.000,0.000,0.00,1.000,0.000
,1777.311,UPRIGHT,0.7557,0.0000,1.0000,201.6,-66.8,0.000,0.000,0.000,0.00,1.000,0.000
,1777.316,UPRIGHT,0.7557,0.0000,1.0000,201.6,-66.8,0.000,0.000,0.000,0.00,1.000,0.000
,1777.333,UPRIGHT,0.7676,0.0000,1.0000,203.9,-66.8,0.000,0.000,0.000,0.00,0.000,0.000
,1777.337,UPRIGHT,0.7676,0.0000,1.0000,203.9,-66.8,0.000,0.000,0.000,0.00,1.000,0.000
,1777.348,UPRIGHT,0.7676,0.0000,1.0000,203.9,-66.8,0.000,0.000,0.000,0.00,1.000,0.000
,1777.353,UPRIGHT,0.7676,0.0000,1.0000,203.9,-66.8,0.000,0.000,0.000,0.00,1.000,0.000
,1777.357,UPRIGHT,0.7676,0.0000,1.0000,203.9,-66.8,0.000,0.000,0.000,0.00,1.000,0.000
,1777.364,UPRIGHT,0.7676,0.0000,1.0000,203.9,-66.8,0.000,0.000,0.000,0.00,1.000,0.000
,1777.368,UPRIGHT,0.7676,0.0000,1.0000,203.9,-66.8,0.000,0.000,0.000,0.00,1.000,0.000
,1777.372,UPRIGHT,0.7676,0.0000,1.0000,203.9,-66.8,0.000,0.000,0.000,0.00,1.000,0.000
,1777.380,UPRIGHT,0.7676,0.0000,1.0000,203.9,-66.8,0.000,0.000,0.000,0.00,1.000,0.000
,1777.384,UPRIGHT,0.7324,0.0000,1.0000,206.2,-66.8,0.000,0.000,0.000,0.00,0.000,0.000
,1777.388,UPRIGHT,0.7324,0.0000,1.0000,206.2,-66.8,0.000,0.000,0.000,0.00,1.000,0.000
,1777.395,UPRIGHT,0.7324,0.0000,1.0000,206.2,-66.8,0.000,0.000,0.000,0.00,1.000,0.000
,1777.399,UPRIGHT,0.7324,0.0000,1.0000,206.2,-66.8,0.000,0.000,0.000,0.00,1.000,0.000
,1777.403,UPRIGHT,0.7324,0.0000,1.0000,206.2,-66.8,0.000,0.000,0.000,0.00,1.000,0.000
,1777.411,UPRIGHT,0.7324,0.0000,1.0000,206.2,-66.8,0.000,0.000,0.000,0.00,1.000,0.000
,1777.415,UPRIGHT,0.7324,0.0000,1.0000,206.2,-66.8,0.000,0.000,0.000,0.00,1.000,0.000
,1777.419,UPRIGHT,0.7324,0.0000,1.0000,206.2,-66.8,0.000,0.000,0.000,0.00,1.000,0.000
,1777.426,UPRIGHT,0.7324,0.0000,1.0000,206.2,-66.8,0.000,0.000,0.000,0.00,1.000,0.000
,1777.430,UPRIGHT,0.7324,0.0000,1.0000,206.2,-66.8,0.000,0.000,0.000,0.00,1.000,0.000
,1777.434,UPRIGHT,0.7324,0.0000,1.0000,206.2,-66.8,0.000,0.000,0.000,0.00,1.000,0.000
,1777.441,UPRIGHT,0.7324,0.0000,1.0000,206.2,-66.8,0.000,0.000,0.000,0.00,1.000,0.000
,1777.457,UPRIGHT,0.7328,0.0000,1.0000,211.0,-66.8,0.000,0.000,0.000,0.00,0.361,0.000
,1777.462,UPRIGHT,0.7328,0.0000,1.0000,211.0,-66.8,0.000,0.000,0.000,0.00,1.000,0.000
,1777.466,UPRIGHT,0.7328,0.0000,1.0000,211.0,-66.8,0.000,0.000,0.000,0.00,1.000,0.000
,1777.472,UPRIGHT,0.7328,0.0000,1.0000,211.0,-66.8,0.000,0.000,0.000,0.00,1.000,0.000
,1777.476,UPRIGHT,0.7328,0.0000,1.0000,211.0,-66.8,0.000,0.000,0.000,0.00,1.000,0.000
,1777.480,UPRIGHT,0.7328,0.0000,1.0000,211.0,-66.8,0.000,0.000,0.000,0.00,1.000,0.000
,1777.488,UPRIGHT,0.7328,0.0000,1.0000,211.0,-66.8,0.000,0.000,0.000,0.00,1.000,0.000
,1777.492,UPRIGHT,0.7328,0.0000,1.0000,211.0,-66.8,0.000,0.000,0.000,0.00,1.000,0.000
,1777.496,UPRIGHT,0.7328,0.0000,1.0000,211.0,-66.8,0.000,0.000,0.000,0.00,1.000,0.000
,1777.504,UPRIGHT,0.7328,0.0000,1.0000,211.0,-66.8,0.000,0.000,0.000,0.00,1.000,0.000
,1777.508,UPRIGHT,0.7328,0.0000,1.0000,211.0,-66.8,0.000,0.000,0.000,0.00,1.000,0.000
,1777.520,UPRIGHT,0.7328,0.0000,1.0000,211.0,-66.8,0.000,0.000,0.000,0.00,1.000,0.000
,1777.524,UPRIGHT,0.7328,0.0000,1.0000,211.0,-66.8,0.000,0.000,0.000,0.00,1.000,0.000
,1777.528,UPRIGHT,0.7328,0.0000,1.0000,211.0,-66.8,0.000,0.000,0.000,0.00,1.000,0.000
,1777.533,UPRIGHT,0.7328,0.0000,1.0000,211.0,-66.8,0.000,0.000,0.000,0.00,1.000,0.000
,1777.551,UPRIGHT,0.7328,0.0000,1.0000,211.0,-65.2,0.000,0.000,0.000,0.00,1.000,0.000
,1777.557,UPRIGHT,0.7328,0.0000,1.0000,211.0,-65.2,0.000,0.000,0.000,0.00,1.000,0.000
,1777.561,UPRIGHT,0.7328,0.0000,1.0000,211.0,-65.2,0.000,0.000,0.000,0.00,1.000,0.000
,1777.566,UPRIGHT,0.7328,0.0000,1.0000,211.0,-65.2,0.000,0.000,0.000,0.00,1.000,0.000
,1777.582,UPRIGHT,0.7315,0.0000,1.0000,211.0,-65.2,0.000,0.000,0.000,0.00,0.184,0.000
,1777.588,UPRIGHT,0.7315,0.0000,1.0000,211.0,-65.2,0.000,0.000,0.000,0.00,1.000,0.000
,1777.598,UPRIGHT,0.7315,0.0000,1.0000,211.0,-65.2,0.000,0.000,0.000,0.00,1.000,0.000
,1777.602,UPRIGHT,0.7315,0.0000,1.0000,211.0,-65.2,0.000,0.000,0.000,0.00,1.000,0.000
,1777.613,UPRIGHT,0.7315,0.0000,1.0000,211.0,-65.2,0.000,0.000,0.000,0.00,1.000,0.000
,1777.618,UPRIGHT,0.7315,0.0000,1.0000,211.0,-65.2,0.000,0.000,0.000,0.00,1.000,0.000
,1777.622,UPRIGHT,0.7315,0.0000,1.0000,211.0,-65.2,0.000,0.000,0.000,0.00,1.000,0.000
,1777.629,UPRIGHT,0.8267,0.0000,1.0000,201.6,-65.2,0.000,0.000,0.000,0.00,0.000,0.000
,1777.633,UPRIGHT,0.8267,0.0000,1.0000,201.6,-65.2,0.000,0.000,0.000,0.00,1.000,0.000
,1777.637,UPRIGHT,0.8267,0.0000,1.0000,201.6,-65.2,0.000,0.000,0.000,0.00,1.000,0.000
,1777.644,UPRIGHT,0.8267,0.0000,1.0000,201.6,-65.2,0.000,0.000,0.000,0.00,1.000,0.000
,1777.648,UPRIGHT,0.8267,0.0000,1.0000,201.6,-65.2,0.000,0.000,0.000,0.00,1.000,0.000
,1777.652,UPRIGHT,0.8267,0.0000,1.0000,201.6,-65.2,0.000,0.000,0.000,0.00,1.000,0.000
,1777.656,UPRIGHT,0.8267,0.0000,1.0000,201.6,-65.2,0.000,0.000,0.000,0.00,1.000,0.000
,1777.676,UPRIGHT,0.8267,0.0000,1.0000,201.6,-65.2,0.000,0.000,0.000,0.00,1.000,0.000
,1777.681,UPRIGHT,0.8267,0.0000,1.0000,201.6,-65.2,0.000,0.000,0.000,0.00,1.000,0.000
,1777.685,UPRIGHT,0.8267,0.0000,1.0000,201.6,-65.2,0.000,0.000,0.000,0.00,1.000,0.000
,1777.691,UPRIGHT,0.8267,0.0000,1.0000,201.6,-65.2,0.000,0.000,0.000,0.00,1.000,0.000
,1777.695,UPRIGHT,0.8739,0.0000,1.0000,200.0,-65.2,0.000,0.000,0.000,0.00,0.155,0.000
,1777.699,UPRIGHT,0.8739,0.0000,1.0000,200.0,-65.2,0.000,0.000,0.000,0.00,1.000,0.000
,1777.703,UPRIGHT,0.8739,0.0000,1.0000,200.0,-65.2,0.000,0.000,0.000,0.00,1.000,0.000
,1777.708,UPRIGHT,0.8739,0.0000,1.0000,200.0,-65.2,0.000,0.000,0.000,0.00,1.000,0.000
,1777.713,UPRIGHT,0.8739,0.0000,1.0000,200.0,-65.2,0.000,0.000,0.000,0.00,1.000,0.000
,1777.717,UPRIGHT,0.8739,0.0000,1.0000,200.0,-65.2,0.000,0.000,0.000,0.00,1.000,0.000
,1777.721,UPRIGHT,0.8739,0.0000,1.0000,200.0,-65.2,0.000,0.000,0.000,0.00,1.000,0.000
,1777.738,UPRIGHT,0.8739,0.0000,1.0000,200.0,-65.2,0.000,0.000,0.000,0.00,1.000,0.000
,1777.742,UPRIGHT,0.8739,0.0000,1.0000,200.0,-65.2,0.000,0.000,0.000,0.00,1.000,0.000
,1777.746,UPRIGHT,0.8739,0.0000,1.0000,200.0,-65.2,0.000,0.000,0.000,0.00,1.000,0.000
,1777.750,UPRIGHT,0.8739,0.0000,1.0000,200.0,-65.2,0.000,0.000,0.000,0.00,1.000,0.000
,1777.754,UPRIGHT,0.8739,0.0000,1.0000,200.0,-65.2,0.000,0.000,0.000,0.00,1.000,0.000
,1777.758,UPRIGHT,0.8739,0.0000,1.0000,200.0,-65.2,0.000,0.000,0.000,0.00,1.000,0.000
,1777.768,UPRIGHT,0.8739,0.0000,1.0000,200.0,-65.2,0.000,0.000,0.000,0.00,1.000,0.000
,1777.773,UPRIGHT,0.8739,0.0000,1.0000,200.0,-65.2,0.000,0.000,0.000,0.00,1.000,0.000
,1777.777,UPRIGHT,0.8739,0.0000,1.0000,200.0,-65.2,0.000,0.000,0.000,0.00,1.000,0.000
,1777.781,UPRIGHT,0.8739,0.0000,1.0000,200.0,-65.2,0.000,0.000,0.000,0.00,1.000,0.000
,1777.800,UPRIGHT,0.8739,0.0000,1.0000,200.0,-65.2,0.000,0.000,0.000,0.00,1.000,0.000
,1777.804,UPRIGHT,0.8739,0.0000,1.0000,200.0,-65.2,0.000,0.000,0.000,0.00,1.000,0.000
,1777.816,UPRIGHT,0.8739,0.0000,1.0000,200.0,-65.2,0.000,0.000,0.000,0.00,1.000,0.000
,1777.820,UPRIGHT,0.8779,0.0000,1.0000,200.0,-65.2,0.000,0.000,0.000,0.00,0.757,0.000
,1777.824,UPRIGHT,0.8779,0.0000,1.0000,200.0,-65.2,0.000,0.000,0.000,0.00,1.000,0.000
,1777.829,UPRIGHT,0.8779,0.0000,1.0000,200.0,-65.2,0.000,0.000,0.000,0.00,1.000,0.000
,1777.833,UPRIGHT,0.8779,0.0000,1.0000,200.0,-65.2,0.000,0.000,0.000,0.00,1.000,0.000
,1777.837,UPRIGHT,0.8779,0.0000,1.0000,200.0,-65.2,0.000,0.000,0.000,0.00,1.000,0.000
,1777.846,UPRIGHT,0.8779,0.0000,1.0000,200.0,-65.2,0.000,0.000,0.000,0.00,1.000,0.000
,1777.850,UPRIGHT,0.8779,0.0000,1.0000,200.0,-65.2,0.000,0.000,0.000,0.00,1.000,0.000
,1777.861,UPRIGHT,0.8779,0.0000,1.0000,200.0,-65.2,0.000,0.000,0.000,0.00,1.000,0.000
,1777.865,UPRIGHT,0.8779,0.0000,1.0000,200.0,-65.2,0.000,0.000,0.000,0.00,1.000,0.000
,1777.877,UPRIGHT,0.8779,0.0000,1.0000,200.0,-65.2,0.000,0.000,0.000,0.00,1.000,0.000
,1777.883,UPRIGHT,0.7218,0.0000,1.0000,238.7,-65.2,0.000,0.000,0.000,0.00,0.000,0.000
,1777.892,UPRIGHT,0.7218,0.0000,1.0000,238.7,-65.2,0.000,0.000,0.000,0.00,1.000,0.000
,1777.897,UPRIGHT,0.7218,0.0000,1.0000,238.7,-65.2,0.000,0.000,0.000,0.00,1.000,0.000
,1777.901,UPRIGHT,0.7218,0.0000,1.0000,238.7,-65.2,0.000,0.000,0.000,0.00,1.000,0.000
,1777.908,UPRIGHT,0.7218,0.0000,1.0000,238.7,-65.2,0.000,0.000,0.000,0.00,1.000,0.000
,1777.924,UPRIGHT,0.7218,0.0000,1.0000,238.7,-65.2,0.000,0.000,0.000,0.00,1.000,0.000
,1777.930,UPRIGHT,0.7218,0.0000,1.0000,238.7,-65.2,0.000,0.000,0.000,0.00,1.000,0.000
,1777.936,UPRIGHT,0.7218,0.0000,1.0000,238.7,-65.2,0.000,0.000,0.000,0.00,1.000,0.000
,1777.955,UPRIGHT,0.8602,0.0000,1.0000,200.0,-65.2,0.000,0.000,0.000,0.00,0.000,0.000
,1777.964,UPRIGHT,0.8602,0.0000,1.0000,200.0,-65.2,0.000,0.000,0.000,0.00,1.000,0.000
,1777.969,UPRIGHT,0.8602,0.0000,1.0000,200.0,-65.2,0.000,0.000,0.000,0.00,1.000,0.000
,1777.987,UPRIGHT,0.8602,0.0000,1.0000,200.0,-65.2,0.000,0.000,0.000,0.00,1.000,0.000
,1777.993,UPRIGHT,0.8602,0.0000,1.0000,200.0,-65.2,0.000,0.000,0.000,0.00,1.000,0.000
,1777.998,UPRIGHT,0.8602,0.0000,1.0000,200.0,-65.2,0.000,0.000,0.000,0.00,1.000,0.000
,1778.017,UPRIGHT,0.8205,0.0000,1.0000,206.2,-65.2,0.000,0.000,0.000,0.00,0.000,0.000
,1778.022,UPRIGHT,0.8205,0.0000,1.0000,206.2,-65.2,0.000,0.000,0.000,0.00,1.000,0.000
,1778.032,UPRIGHT,0.8205,0.0000,1.0000,206.2,-65.2,0.000,0.000,0.000,0.00,1.000,0.000
,1778.036,UPRIGHT,0.8205,0.0000,1.0000,206.2,-65.2,0.000,0.000,0.000,0.00,1.000,0.000
,1778.048,UPRIGHT,0.8205,0.0000,1.0000,206.2,-65.2,0.000,0.000,0.000,0.00,1.000,0.000
,1778.053,UPRIGHT,0.8205,0.0000,1.0000,206.2,-65.2,0.000,0.000,0.000,0.00,1.000,0.000
,1778.064,UPRIGHT,0.8205,0.0000,1.0000,206.2,-65.2,0.000,0.000,0.000,0.00,1.000,0.000
,1778.069,UPRIGHT,0.8205,0.0000,1.0000,206.2,-65.2,0.000,0.000,0.000,0.00,1.000,0.000
,1778.073,UPRIGHT,0.8205,0.0000,1.0000,206.2,-65.2,0.000,0.000,0.000,0.00,1.000,0.000
,1778.079,UPRIGHT,0.8205,0.0000,1.0000,206.2,-65.2,0.000,0.000,0.000,0.00,1.000,0.000
,1778.084,UPRIGHT,0.8205,0.0000,1.0000,206.2,-65.2,0.000,0.000,0.000,0.00,1.000,0.000
,1778.095,UPRIGHT,0.8205,0.0000,1.0000,206.2,-65.2,0.000,0.000,0.000,0.00,1.000,0.000
,1778.100,UPRIGHT,0.8205,0.0000,1.0000,206.2,-65.2,0.000,0.000,0.000,0.00,1.000,0.000
,1778.111,UPRIGHT,0.8205,0.0000,1.0000,206.2,-65.2,0.000,0.000,0.000,0.00,1.000,0.000
,1778.116,UPRIGHT,0.8205,0.0000,1.0000,206.2,-65.2,0.000,0.000,0.000,0.00,1.000,0.000
,1778.126,UPRIGHT,0.8598,0.0000,1.0000,200.0,-65.2,0.000,0.000,0.000,0.00,0.000,0.000
,1778.131,UPRIGHT,0.8598,0.0000,1.0000,200.0,-65.2,0.000,0.000,0.000,0.00,1.000,0.000
,1778.141,UPRIGHT,0.8598,0.0000,1.0000,200.0,-65.2,0.000,0.000,0.000,0.00,1.000,0.000
,1778.146,UPRIGHT,0.8598,0.0000,1.0000,200.0,-65.2,0.000,0.000,0.000,0.00,1.000,0.000
,1778.150,UPRIGHT,0.8598,0.0000,1.0000,200.0,-65.2,0.000,0.000,0.000,0.00,1.000,0.000
,1778.157,UPRIGHT,0.8598,0.0000,1.0000,200.0,-65.2,0.000,0.000,0.000,0.00,1.000,0.000
,1778.173,UPRIGHT,0.8598,0.0000,1.0000,200.0,-65.2,0.000,0.000,0.000,0.00,1.000,0.000
,1778.179,UPRIGHT,0.8598,0.0000,1.0000,200.0,-65.2,0.000,0.000,0.000,0.00,1.000,0.000
,1778.183,UPRIGHT,0.8598,0.0000,1.0000,200.0,-65.2,0.000,0.000,0.000,0.00,1.000,0.000
,1778.189,UPRIGHT,0.7654,0.0000,1.0000,232.6,-65.2,0.000,0.000,0.000,0.00,0.000,0.000
,1778.193,UPRIGHT,0.7654,0.0000,1.0000,232.6,-65.2,0.000,0.000,0.000,0.00,1.000,0.000
,1778.197,UPRIGHT,0.7654,0.0000,1.0000,232.6,-65.2,0.000,0.000,0.000,0.00,1.000,0.000
,1778.201,UPRIGHT,0.7654,0.0000,1.0000,232.6,-65.2,0.000,0.000,0.000,0.00,1.000,0.000
,1778.206,UPRIGHT,0.7654,0.0000,1.0000,232.6,-65.2,0.000,0.000,0.000,0.00,1.000,0.000
,1778.220,UPRIGHT,0.7654,0.0000,1.0000,232.6,-65.2,0.000,0.000,0.000,0.00,1.000,0.000
,1778.224,UPRIGHT,0.7654,0.0000,1.0000,232.6,-65.2,0.000,0.000,0.000,0.00,1.000,0.000
,1778.228,UPRIGHT,0.7654,0.0000,1.0000,232.6,-65.2,0.000,0.000,0.000,0.00,1.000,0.000
,1778.233,UPRIGHT,0.7654,0.0000,1.0000,232.6,-65.2,0.000,0.000,0.000,0.00,1.000,0.000
,1778.252,UPRIGHT,0.8796,0.0000,1.0000,200.0,-65.2,0.000,0.000,0.000,0.00,0.000,0.000
,1778.259,UPRIGHT,0.8796,0.0000,1.0000,200.0,-65.2,0.000,0.000,0.000,0.00,1.000,0.000
,1778.264,UPRIGHT,0.8796,0.0000,1.0000,200.0,-65.2,0.000,0.000,0.000,0.00,1.000,0.000
,1778.268,UPRIGHT,0.8796,0.0000,1.0000,200.0,-65.2,0.000,0.000,0.000,0.00,1.000,0.000
,1778.272,UPRIGHT,0.8796,0.0000,1.0000,200.0,-65.2,0.000,0.000,0.000,0.00,1.000,0.000
,1778.277,UPRIGHT,0.8796,0.0000,1.0000,200.0,-65.2,0.000,0.000,0.000,0.00,1.000,0.000
,1778.281,UPRIGHT,0.8796,0.0000,1.0000,200.0,-65.2,0.000,0.000,0.000,0.00,1.000,0.000
,1778.285,UPRIGHT,0.8796,0.0000,1.0000,200.0,-65.2,0.000,0.000,0.000,0.00,1.000,0.000
,1778.299,UPRIGHT,0.8796,0.0000,1.0000,200.0,-65.2,0.000,0.000,0.000,0.00,1.000,0.000
,1778.303,UPRIGHT,0.8796,0.0000,1.0000,200.0,-65.2,0.000,0.000,0.000,0.00,1.000,0.000
,1778.307,UPRIGHT,0.8796,0.0000,1.0000,200.0,-65.2,0.000,0.000,0.000,0.00,1.000,0.000
,1778.311,UPRIGHT,0.8796,0.0000,1.0000,200.0,-65.2,0.000,0.000,0.000,0.00,1.000,0.000
,1778.316,UPRIGHT,0.7800,0.0000,1.0000,216.0,-65.2,0.000,0.000,0.000,0.00,0.000,0.000
,1778.320,UPRIGHT,0.7800,0.0000,1.0000,216.0,-65.2,0.000,0.000,0.000,0.00,1.000,0.000
,1778.330,UPRIGHT,0.7800,0.0000,1.0000,216.0,-65.2,0.000,0.000,0.000,0.00,1.000,0.000
,1778.334,UPRIGHT,0.7800,0.0000,1.0000,216.0,-65.2,0.000,0.000,0.000,0.00,1.000,0.000
,1778.338,UPRIGHT,0.7800,0.0000,1.0000,216.0,-65.2,0.000,0.000,0.000,0.00,1.000,0.000
,1778.345,UPRIGHT,0.7800,0.0000,1.0000,216.0,-65.2,0.000,0.000,0.000,0.00,1.000,0.000
,1778.350,UPRIGHT,0.7800,0.0000,1.0000,216.0,-65.2,0.000,0.000,0.000,0.00,1.000,0.000
,1778.361,UPRIGHT,0.7800,0.0000,1.0000,216.0,-65.2,0.000,0.000,0.000,0.00,1.000,0.000
,1778.365,UPRIGHT,0.7800,0.0000,1.0000,216.0,-65.2,0.000,0.000,0.000,0.00,1.000,0.000
,1778.376,UPRIGHT,0.7800,0.0000,1.0000,216.0,-65.2,0.000,0.000,0.000,0.00,1.000,0.000
,1778.381,UPRIGHT,0.7800,0.0000,1.0000,216.0,-65.2,0.000,0.000,0.000,0.00,1.000,0.000
,1778.391,UPRIGHT,0.7800,0.0000,1.0000,216.0,-63.0,0.000,0.000,0.000,0.00,1.000,0.000
,1778.395,UPRIGHT,0.7800,0.0000,1.0000,216.0,-63.0,0.000,0.000,0.000,0.00,1.000,0.000
,1778.400,UPRIGHT,0.7800,0.0000,1.0000,216.0,-63.0,0.000,0.000,0.000,0.00,1.000,0.000
,1778.407,UPRIGHT,0.7800,0.0000,1.0000,216.0,-63.0,0.000,0.000,0.000,0.00,1.000,0.000
,1778.422,UPRIGHT,0.7800,0.0000,1.0000,216.0,-63.0,0.000,0.000,0.000,0.00,1.000,0.000
,1778.428,UPRIGHT,0.7800,0.0000,1.0000,216.0,-63.0,0.000,0.000,0.000,0.00,1.000,0.000
,1778.434,UPRIGHT,0.7800,0.0000,1.0000,216.0,-63.0,0.000,0.000,0.000,0.00,1.000,0.000
,1778.454,UPRIGHT,0.7884,0.0000,1.0000,208.6,-61.8,0.000,0.000,0.000,0.00,0.640,0.000
,1778.461,UPRIGHT,0.7884,0.0000,1.0000,208.6,-60.6,0.000,0.000,0.000,0.00,1.000,0.000
,1778.466,UPRIGHT,0.7884,0.0000,1.0000,208.6,-60.6,0.000,0.000,0.000,0.00,1.000,0.000
,1778.484,UPRIGHT,0.7884,0.0000,1.0000,208.6,-60.6,0.000,0.000,0.000,0.00,1.000,0.000
,1778.492,UPRIGHT,0.7884,0.0000,1.0000,208.6,-60.6,0.000,0.000,0.000,0.00,1.000,0.000
,1778.498,UPRIGHT,0.7884,0.0000,1.0000,208.6,-60.6,0.000,0.000,0.000,0.00,1.000,0.000
,1778.515,UPRIGHT,0.7500,0.0000,1.0000,218.6,-60.6,0.000,0.000,0.000,0.00,0.000,0.000
,1778.522,UPRIGHT,0.7500,0.0000,1.0000,218.6,-60.6,0.000,0.000,0.000,0.00,1.000,0.000
,1778.527,UPRIGHT,0.7500,0.0000,1.0000,218.6,-60.6,0.000,0.000,0.000,0.00,1.000,0.000
,1778.531,UPRIGHT,0.7500,0.0000,1.0000,218.6,-60.6,0.000,0.000,0.000,0.00,1.000,0.000
,1778.535,UPRIGHT,0.7500,0.0000,1.0000,218.6,-60.6,0.000,0.000,0.000,0.00,1.000,0.000
,1778.545,UPRIGHT,0.7500,0.0000,1.0000,218.6,-60.6,0.000,0.000,0.000,0.00,1.000,0.000
,1778.550,UPRIGHT,0.7500,0.0000,1.0000,218.6,-60.6,0.000,0.000,0.000,0.00,1.000,0.000
,1778.554,UPRIGHT,0.7500,0.0000,1.0000,218.6,-60.6,0.000,0.000,0.000,0.00,1.000,0.000
,1778.560,UPRIGHT,0.7610,0.0000,1.0000,206.2,-60.6,0.000,0.000,0.000,0.00,0.000,0.000
,1778.565,UPRIGHT,0.7610,0.0000,1.0000,206.2,-60.6,0.000,0.000,0.000,0.00,1.000,0.000
,1778.569,UPRIGHT,0.7610,0.0000,1.0000,206.2,-60.6,0.000,0.000,0.000,0.00,1.000,0.000
,1778.576,UPRIGHT,0.7610,0.0000,1.0000,206.2,-60.6,0.000,0.000,0.000,0.00,1.000,0.000
,1778.580,UPRIGHT,0.7610,0.0000,1.0000,206.2,-60.6,0.000,0.000,0.000,0.00,1.000,0.000
,1778.584,UPRIGHT,0.7610,0.0000,1.0000,206.2,-60.6,0.000,0.000,0.000,0.00,1.000,0.000
,1778.592,UPRIGHT,0.7610,0.0000,1.0000,206.2,-60.6,0.000,0.000,0.000,0.00,1.000,0.000
,1778.596,UPRIGHT,0.7610,0.0000,1.0000,206.2,-60.6,0.000,0.000,0.000,0.00,1.000,0.000
,1778.601,UPRIGHT,0.7610,0.0000,1.0000,206.2,-60.6,0.000,0.000,0.000,0.00,1.000,0.000
,1778.605,UPRIGHT,0.7610,0.0000,1.0000,206.2,-60.6,0.000,0.000,0.000,0.00,1.000,0.000
,1778.623,UPRIGHT,0.7610,0.0000,1.0000,206.2,-60.6,0.000,0.000,0.000,0.00,1.000,0.000
,1778.627,UPRIGHT,0.7610,0.0000,1.0000,206.2,-60.6,0.000,0.000,0.000,0.00,1.000,0.000
,1778.632,UPRIGHT,0.7610,0.0000,1.0000,206.2,-60.6,0.000,0.000,0.000,0.00,1.000,0.000
,1778.636,UPRIGHT,0.7610,0.0000,1.0000,206.2,-60.6,0.000,0.000,0.000,0.00,1.000,0.000
,1778.640,UPRIGHT,0.7610,0.0000,1.0000,206.2,-60.6,0.000,0.000,0.000,0.00,1.000,0.000
,1778.645,UPRIGHT,0.7610,0.0000,1.0000,206.2,-60.6,0.000,0.000,0.000,0.00,1.000,0.000
,1778.649,UPRIGHT,0.7610,0.0000,1.0000,206.2,-60.6,0.000,0.000,0.000,0.00,1.000,0.000
,1778.670,UPRIGHT,0.7610,0.0000,1.0000,206.2,-60.6,0.000,0.000,0.000,0.00,1.000,0.000
,1778.674,UPRIGHT,0.7610,0.0000,1.0000,206.2,-60.6,0.000,0.000,0.000,0.00,1.000,0.000
,1778.685,UPRIGHT,0.7368,0.0000,1.0000,208.6,-60.6,0.000,0.000,0.000,0.00,0.000,0.000
,1778.689,UPRIGHT,0.7368,0.0000,1.0000,208.6,-60.6,0.000,0.000,0.000,0.00,1.000,0.000
,1778.700,UPRIGHT,0.7368,0.0000,1.0000,208.6,-60.6,0.000,0.000,0.000,0.00,1.000,0.000
,1778.704,UPRIGHT,0.7368,0.0000,1.0000,208.6,-60.6,0.000,0.000,0.000,0.00,1.000,0.000
,1778.709,UPRIGHT,0.7368,0.0000,1.0000,208.6,-60.6,0.000,0.000,0.000,0.00,1.000,0.000
,1778.713,UPRIGHT,0.7368,0.0000,1.0000,208.6,-60.6,0.000,0.000,0.000,0.00,1.000,0.000
,1778.717,UPRIGHT,0.7368,0.0000,1.0000,208.6,-60.6,0.000,0.000,0.000,0.00,1.000,0.000
,1778.721,UPRIGHT,0.7368,0.0000,1.0000,208.6,-60.6,0.000,0.000,0.000,0.00,1.000,0.000
,1778.725,UPRIGHT,0.7368,0.0000,1.0000,208.6,-60.6,0.000,0.000,0.000,0.00,1.000,0.000
,1778.730,UPRIGHT,0.7368,0.0000,1.0000,208.6,-60.6,0.000,0.000,0.000,0.00,1.000,0.000
,1778.734,UPRIGHT,0.7368,0.0000,1.0000,208.6,-60.6,0.000,0.000,0.000,0.00,1.000,0.000
,1778.738,UPRIGHT,0.7368,0.0000,1.0000,208.6,-60.6,0.000,0.000,0.000,0.00,1.000,0.000
,1778.746,UPRIGHT,0.7368,0.0000,1.0000,208.6,-60.6,0.000,0.000,0.000,0.00,1.000,0.000
,1778.751,UPRIGHT,0.7526,0.0000,1.0000,211.0,-60.6,0.000,0.000,0.000,0.00,0.000,0.000
,1778.762,UPRIGHT,0.7526,0.0000,1.0000,211.0,-60.6,0.000,0.000,0.000,0.00,1.000,0.000
,1778.767,UPRIGHT,0.7526,0.0000,1.0000,211.0,-60.6,0.000,0.000,0.000,0.00,1.000,0.000
,1778.771,UPRIGHT,0.7526,0.0000,1.0000,211.0,-60.6,0.000,0.000,0.000,0.00,1.000,0.000
,1778.778,UPRIGHT,0.7526,0.0000,1.0000,211.0,-60.6,0.000,0.000,0.000,0.00,1.000,0.000
,1778.782,UPRIGHT,0.7526,0.0000,1.0000,211.0,-60.6,0.000,0.000,0.000,0.00,1.000,0.000
,1778.786,UPRIGHT,0.7526,0.0000,1.0000,211.0,-60.6,0.000,0.000,0.000,0.00,1.000,0.000
,1778.793,UPRIGHT,0.7526,0.0000,1.0000,211.0,-60.6,0.000,0.000,0.000,0.00,1.000,0.000
,1778.797,UPRIGHT,0.7526,0.0000,1.0000,211.0,-60.6,0.000,0.000,0.000,0.00,1.000,0.000
,1778.801,UPRIGHT,0.7526,0.0000,1.0000,211.0,-60.6,0.000,0.000,0.000,0.00,1.000,0.000
,1778.806,UPRIGHT,0.7526,0.0000,1.0000,211.0,-60.6,0.000,0.000,0.000,0.00,1.000,0.000
,1778.824,UPRIGHT,0.7584,0.0000,1.0000,221.3,-60.6,0.000,0.000,0.000,0.00,0.243,0.000
,1778.829,UPRIGHT,0.7584,0.0000,1.0000,221.3,-60.6,0.000,0.000,0.000,0.00,1.000,0.000
,1778.833,UPRIGHT,0.7584,0.0000,1.0000,221.3,-60.6,0.000,0.000,0.000,0.00,1.000,0.000
,1778.839,UPRIGHT,0.7584,0.0000,1.0000,221.3,-60.6,0.000,0.000,0.000,0.00,1.000,0.000
,1778.843,UPRIGHT,0.7584,0.0000,1.0000,221.3,-60.6,0.000,0.000,0.000,0.00,1.000,0.000
,1778.848,UPRIGHT,0.7584,0.0000,1.0000,221.3,-60.6,0.000,0.000,0.000,0.00,1.000,0.000
,1778.855,UPRIGHT,0.7584,0.0000,1.0000,221.3,-60.6,0.000,0.000,0.000,0.00,1.000,0.000
,1778.859,UPRIGHT,0.7584,0.0000,1.0000,221.3,-60.6,0.000,0.000,0.000,0.00,1.000,0.000
,1778.864,UPRIGHT,0.7584,0.0000,1.0000,221.3,-60.6,0.000,0.000,0.000,0.00,1.000,0.000
,1778.868,UPRIGHT,0.7584,0.0000,1.0000,221.3,-60.6,0.000,0.000,0.000,0.00,1.000,0.000
,1778.872,UPRIGHT,0.7654,0.0000,1.0000,221.3,-60.6,0.000,0.000,0.000,0.00,0.427,0.000
,1778.876,UPRIGHT,0.7654,0.0000,1.0000,221.3,-60.6,0.000,0.000,0.000,0.00,1.000,0.000
,1778.880,UPRIGHT,0.7654,0.0000,1.0000,221.3,-60.6,0.000,0.000,0.000,0.00,1.000,0.000
,1778.885,UPRIGHT,0.7654,0.0000,1.0000,221.3,-60.6,0.000,0.000,0.000,0.00,1.000,0.000
,1778.901,UPRIGHT,0.7654,0.0000,1.0000,221.3,-60.6,0.000,0.000,0.000,0.00,1.000,0.000
,1778.905,UPRIGHT,0.7654,0.0000,1.0000,221.3,-58.3,0.000,0.000,0.000,0.00,1.000,0.000
,1778.909,UPRIGHT,0.7654,0.0000,1.0000,221.3,-58.3,0.000,0.000,0.000,0.00,1.000,0.000
,1778.917,UPRIGHT,0.7654,0.0000,1.0000,221.3,-58.3,0.000,0.000,0.000,0.00,1.000,0.000
,1778.933,UPRIGHT,0.7654,0.0000,1.0000,221.3,-58.3,0.000,0.000,0.000,0.00,1.000,0.000
,1778.939,UPRIGHT,0.7654,0.0000,1.0000,221.3,-58.3,0.000,0.000,0.000,0.00,1.000,0.000
,1778.948,UPRIGHT,0.7654,0.0000,1.0000,221.3,-58.3,0.000,0.000,0.000,0.00,1.000,0.000
,1778.952,UPRIGHT,0.7654,0.0000,1.0000,221.3,-58.3,0.000,0.000,0.000,0.00,1.000,0.000
,1778.956,UPRIGHT,0.7654,0.0000,1.0000,221.3,-58.3,0.000,0.000,0.000,0.00,1.000,0.000
,1778.964,UPRIGHT,0.7654,0.0000,1.0000,221.3,-58.3,0.000,0.000,0.000,0.00,1.000,0.000
,1778.968,UPRIGHT,0.7654,0.0000,1.0000,221.3,-58.3,0.000,0.000,0.000,0.00,1.000,0.000
,1778.972,UPRIGHT,0.7654,0.0000,1.0000,221.3,-58.3,0.000,0.000,0.000,0.00,1.000,0.000
,1778.980,UPRIGHT,0.7654,0.0000,1.0000,221.3,-58.3,0.000,0.000,0.000,0.00,1.000,0.000
,1778.984,UPRIGHT,0.7654,0.0000,1.0000,221.3,-58.3,0.000,0.000,0.000,0.00,1.000,0.000
,1778.988,UPRIGHT,0.7654,0.0000,1.0000,221.3,-58.3,0.000,0.000,0.000,0.00,1.000,0.000
,1778.995,UPRIGHT,0.7654,0.0000,1.0000,221.3,-58.3,0.000,0.000,0.000,0.00,1.000,0.000
,1778.999,UPRIGHT,0.8276,0.0000,1.0000,211.0,-58.3,0.000,0.000,0.000,0.00,0.000,0.000
,1779.003,UPRIGHT,0.8276,0.0000,1.0000,211.0,-58.3,0.000,0.000,0.000,0.00,1.000,0.000
,1779.011,UPRIGHT,0.8276,0.0000,1.0000,211.0,-58.3,0.000,0.000,0.000,0.00,1.000,0.000
,1779.018,UPRIGHT,0.8276,0.0000,1.0000,211.0,-58.3,0.000,0.000,0.000,0.00,1.000,0.000
,1779.022,UPRIGHT,0.8276,0.0000,1.0000,211.0,-57.1,0.000,0.000,0.000,0.00,1.000,0.000
,1779.042,UPRIGHT,0.8276,0.0000,1.0000,211.0,-55.8,0.000,0.000,0.000,0.00,1.000,0.000
,1779.046,UPRIGHT,0.8276,0.0000,1.0000,211.0,-55.8,0.000,0.000,0.000,0.00,1.000,0.000
,1779.051,UPRIGHT,0.8276,0.0000,1.0000,211.0,-55.8,0.000,0.000,0.000,0.00,1.000,0.000
,1779.058,UPRIGHT,0.8276,0.0000,1.0000,211.0,-55.8,0.000,0.000,0.000,0.00,1.000,0.000
,1779.062,UPRIGHT,0.8492,0.0000,1.0000,200.0,-55.8,0.000,0.000,0.000,0.00,0.375,0.000
,1779.067,UPRIGHT,0.8492,0.0000,1.0000,200.0,-55.8,0.000,0.000,0.000,0.00,1.000,0.000
,1779.073,UPRIGHT,0.8492,0.0000,1.0000,200.0,-55.8,0.000,0.000,0.000,0.00,1.000,0.000
,1779.088,UPRIGHT,0.8492,0.0000,1.0000,200.0,-55.8,0.000,0.000,0.000,0.00,1.000,0.000
,1779.093,UPRIGHT,0.8492,0.0000,1.0000,200.0,-55.8,0.000,0.000,0.000,0.00,1.000,0.000
,1779.098,UPRIGHT,0.8492,0.0000,1.0000,200.0,-55.8,0.000,0.000,0.000,0.00,1.000,0.000
,1779.104,UPRIGHT,0.8492,0.0000,1.0000,200.0,-55.8,0.000,0.000,0.000,0.00,1.000,0.000
,1779.108,UPRIGHT,0.8492,0.0000,1.0000,200.0,-55.8,0.000,0.000,0.000,0.00,1.000,0.000
,1779.112,UPRIGHT,0.8492,0.0000,1.0000,200.0,-58.3,0.000,0.000,0.000,0.00,1.000,0.000
,1779.116,UPRIGHT,0.8492,0.0000,1.0000,200.0,-58.3,0.000,0.000,0.000,0.00,1.000,0.000
,1779.120,UPRIGHT,0.8285,0.0000,1.0000,208.6,-58.3,0.000,0.000,0.000,0.00,0.346,0.000
,1779.126,UPRIGHT,0.8285,0.0000,1.0000,208.6,-58.3,0.000,0.000,0.000,0.00,1.000,0.000
,1779.131,UPRIGHT,0.8285,0.0000,1.0000,208.6,-58.3,0.000,0.000,0.000,0.00,1.000,0.000
,1779.135,UPRIGHT,0.8285,0.0000,1.0000,208.6,-58.3,0.000,0.000,0.000,0.00,1.000,0.000
,1779.150,UPRIGHT,0.8285,0.0000,1.0000,208.6,-58.3,0.000,0.000,0.000,0.00,1.000,0.000
,1779.155,UPRIGHT,0.8285,0.0000,1.0000,208.6,-58.3,0.000,0.000,0.000,0.00,1.000,0.000
,1779.159,UPRIGHT,0.8285,0.0000,1.0000,208.6,-58.3,0.000,0.000,0.000,0.00,1.000,0.000
,1779.164,UPRIGHT,0.8285,0.0000,1.0000,208.6,-58.3,0.000,0.000,0.000,0.00,1.000,0.000
,1779.168,UPRIGHT,0.8285,0.0000,1.0000,208.6,-58.3,0.000,0.000,0.000,0.00,1.000,0.000
,1779.172,UPRIGHT,0.8285,0.0000,1.0000,208.6,-58.3,0.000,0.000,0.000,0.00,1.000,0.000
,1779.176,UPRIGHT,0.8285,0.0000,1.0000,208.6,-58.3,0.000,0.000,0.000,0.00,1.000,0.000
,1779.181,UPRIGHT,0.8285,0.0000,1.0000,208.6,-58.3,0.000,0.000,0.000,0.00,1.000,0.000
,1779.197,UPRIGHT,0.8285,0.0000,1.0000,208.6,-58.3,0.000,0.000,0.000,0.00,1.000,0.000
,1779.202,UPRIGHT,0.8285,0.0000,1.0000,208.6,-58.3,0.000,0.000,0.000,0.00,1.000,0.000
,1779.212,UPRIGHT,0.8285,0.0000,1.0000,208.6,-58.3,0.000,0.000,0.000,0.00,1.000,0.000
,1779.216,UPRIGHT,0.8285,0.0000,1.0000,208.6,-58.3,0.000,0.000,0.000,0.00,1.000,0.000
,1779.220,UPRIGHT,0.8285,0.0000,1.0000,208.6,-58.3,0.000,0.000,0.000,0.00,1.000,0.000
,1779.229,UPRIGHT,0.8285,0.0000,1.0000,208.6,-58.3,0.000,0.000,0.000,0.00,1.000,0.000
,1779.235,UPRIGHT,0.8285,0.0000,1.0000,208.6,-58.3,0.000,0.000,0.000,0.00,1.000,0.000
,1779.239,UPRIGHT,0.8285,0.0000,1.0000,208.6,-58.3,0.000,0.000,0.000,0.00,1.000,0.000
,1779.244,UPRIGHT,0.8532,0.0000,1.0000,200.0,-58.3,0.000,0.000,0.000,0.00,0.148,0.000
,1779.249,UPRIGHT,0.8532,0.0000,1.0000,200.0,-58.3,0.000,0.000,0.000,0.00,1.000,0.000
,1779.254,UPRIGHT,0.8532,0.0000,1.0000,200.0,-58.3,0.000,0.000,0.000,0.00,1.000,0.000
,1779.258,UPRIGHT,0.8532,0.0000,1.0000,200.0,-58.3,0.000,0.000,0.000,0.00,1.000,0.000
,1779.264,UPRIGHT,0.8532,0.0000,1.0000,200.0,-58.3,0.000,0.000,0.000,0.00,1.000,0.000
,1779.269,UPRIGHT,0.8532,0.0000,1.0000,200.0,-58.3,0.000,0.000,0.000,0.00,1.000,0.000
,1779.273,UPRIGHT,0.8532,0.0000,1.0000,200.0,-58.3,0.000,0.000,0.000,0.00,1.000,0.000
,1779.278,UPRIGHT,0.8532,0.0000,1.0000,200.0,-58.3,0.000,0.000,0.000,0.00,1.000,0.000
,1779.283,UPRIGHT,0.8532,0.0000,1.0000,200.0,-58.3,0.000,0.000,0.000,0.00,1.000,0.000
,1779.287,UPRIGHT,0.8532,0.0000,1.0000,200.0,-58.3,0.000,0.000,0.000,0.00,1.000,0.000
,1779.291,UPRIGHT,0.8532,0.0000,1.0000,200.0,-58.3,0.000,0.000,0.000,0.00,1.000,0.000
,1779.296,UPRIGHT,0.8532,0.0000,1.0000,200.0,-58.3,0.000,0.000,0.000,0.00,1.000,0.000
,1779.300,UPRIGHT,0.8532,0.0000,1.0000,200.0,-58.3,0.000,0.000,0.000,0.00,1.000,0.000
,1779.304,UPRIGHT,0.8532,0.0000,1.0000,200.0,-58.3,0.000,0.000,0.000,0.00,1.000,0.000
,1779.309,UPRIGHT,0.5547,0.0000,1.0000,232.6,-58.3,0.000,0.000,0.000,0.00,0.000,0.000
,1779.313,UPRIGHT,0.5547,0.0000,1.0000,232.6,-58.3,0.000,0.000,0.000,0.00,1.000,0.000
,1779.317,UPRIGHT,0.5547,0.0000,1.0000,232.6,-58.3,0.000,0.000,0.000,0.00,1.000,0.000
,1779.323,UPRIGHT,0.5547,0.0000,1.0000,232.6,-58.3,0.000,0.000,0.000,0.00,1.000,0.000
,1779.338,UPRIGHT,0.5547,0.0000,1.0000,232.6,-58.3,0.000,0.000,0.000,0.00,1.000,0.000
,1779.342,UPRIGHT,0.5547,0.0000,1.0000,232.6,-58.3,0.000,0.000,0.000,0.00,1.000,0.000
,1779.354,UPRIGHT,0.5547,0.0000,1.0000,232.6,-58.3,0.000,0.000,0.000,0.00,1.000,0.000
,1779.358,UPRIGHT,0.5547,0.0000,1.0000,232.6,-58.3,0.000,0.000,0.000,0.00,1.000,0.000
,1779.362,UPRIGHT,0.5547,0.0000,1.0000,232.6,-58.3,0.000,0.000,0.000,0.00,1.000,0.000
,1779.367,UPRIGHT,0.5547,0.0000,1.0000,232.6,-58.3,0.000,0.000,0.000,0.00,1.000,0.000
,1779.384,UPRIGHT,0.6252,0.0000,1.0000,245.2,-55.8,0.000,0.000,0.000,0.00,0.000,0.000
,1779.391,UPRIGHT,0.6252,0.0000,1.0000,245.2,-55.8,0.000,0.000,0.000,0.00,1.000,0.000
,1779.396,UPRIGHT,0.6252,0.0000,1.0000,245.2,-55.8,0.000,0.000,0.000,0.00,1.000,0.000
,1779.400,UPRIGHT,0.6252,0.0000,1.0000,245.2,-55.8,0.000,0.000,0.000,0.00,1.000,0.000
,1779.404,UPRIGHT,0.6252,0.0000,1.0000,245.2,-55.8,0.000,0.000,0.000,0.00,1.000,0.000
,1779.415,UPRIGHT,0.6252,0.0000,1.0000,245.2,-55.8,0.000,0.000,0.000,0.00,1.000,0.000
,1779.419,UPRIGHT,0.6252,0.0000,1.0000,245.2,-55.8,0.000,0.000,0.000,0.00,1.000,0.000
,1779.423,UPRIGHT,0.6252,0.0000,1.0000,245.2,-55.8,0.000,0.000,0.000,0.00,1.000,0.000
,1779.431,UPRIGHT,0.6252,0.0000,1.0000,245.2,-55.8,0.000,0.000,0.000,0.00,1.000,0.000
,1779.435,UPRIGHT,0.4228,0.0000,1.0000,362.9,-55.8,0.000,0.000,0.000,0.00,0.000,0.000
,1779.439,UPRIGHT,0.4228,0.0000,1.0000,362.9,-55.8,0.000,0.000,0.000,0.00,1.000,0.000
,1779.446,UPRIGHT,0.4228,0.0000,1.0000,362.9,-55.8,0.000,0.000,0.000,0.00,1.000,0.000
,1779.451,UPRIGHT,0.4228,0.0000,1.0000,362.9,-55.8,0.000,0.000,0.000,0.00,1.000,0.000
,1779.455,UPRIGHT,0.4228,0.0000,1.0000,362.9,-55.8,0.000,0.000,0.000,0.00,1.000,0.000
,1779.461,UPRIGHT,0.4228,0.0000,1.0000,362.9,-55.8,0.000,0.000,0.000,0.00,1.000,0.000
,1779.465,UPRIGHT,0.4228,0.0000,1.0000,362.9,-55.8,0.000,0.000,0.000,0.00,1.000,0.000
,1779.470,UPRIGHT,0.4228,0.0000,1.0000,362.9,-55.8,0.000,0.000,0.000,0.00,1.000,0.000
,1779.477,UPRIGHT,0.4228,0.0000,1.0000,362.9,-55.8,0.000,0.000,0.000,0.00,1.000,0.000
,1779.482,UPRIGHT,0.4228,0.0000,1.0000,362.9,-55.8,0.000,0.000,0.000,0.00,1.000,0.000
,1779.486,UPRIGHT,0.4228,0.0000,1.0000,362.9,-55.8,0.000,0.000,0.000,0.00,1.000,0.000
,1779.493,UPRIGHT,0.4228,0.0000,1.0000,362.9,-55.8,0.000,0.000,0.000,0.00,1.000,0.000
,1779.497,UPRIGHT,0.4228,0.0000,1.0000,362.9,-55.8,0.000,0.000,0.000,0.00,1.000,0.000
,1779.508,UPRIGHT,0.4228,0.0000,1.0000,362.9,-55.8,0.000,0.000,0.000,0.00,1.000,0.000
,1779.523,UPRIGHT,0.4228,0.0000,1.0000,362.9,-55.8,0.000,0.000,0.000,0.00,1.000,0.000
,1779.529,UPRIGHT,0.4228,0.0000,1.0000,362.9,-55.8,0.000,0.000,0.000,0.00,1.000,0.000
,1779.534,UPRIGHT,0.4228,0.0000,1.0000,362.9,-55.8,0.000,0.000,0.000,0.00,1.000,0.000
,1779.555,UPRIGHT,0.7813,0.0000,1.0000,200.0,-55.8,0.000,0.000,0.000,0.00,0.000,0.000
,1779.559,UPRIGHT,0.7813,0.0000,1.0000,200.0,-55.8,0.000,0.000,0.000,0.00,1.000,0.000
,1779.563,UPRIGHT,0.7813,0.0000,1.0000,200.0,-55.8,0.000,0.000,0.000,0.00,1.000,0.000
,1779.567,UPRIGHT,0.7813,0.0000,1.0000,200.0,-55.8,0.000,0.000,0.000,0.00,1.000,0.000
,1779.586,UPRIGHT,0.7813,0.0000,1.0000,200.0,-55.8,0.000,0.000,0.000,0.00,1.000,0.000
,1779.592,UPRIGHT,0.7813,0.0000,1.0000,200.0,-55.8,0.000,0.000,0.000,0.00,1.000,0.000
,1779.596,UPRIGHT,0.7813,0.0000,1.0000,200.0,-55.8,0.000,0.000,0.000,0.00,1.000,0.000
,1779.600,UPRIGHT,0.7813,0.0000,1.0000,200.0,-55.8,0.000,0.000,0.000,0.00,1.000,0.000
,1779.605,UPRIGHT,0.7813,0.0000,1.0000,200.0,-55.8,0.000,0.000,0.000,0.00,1.000,0.000
,1779.609,UPRIGHT,0.7813,0.0000,1.0000,200.0,-55.8,0.000,0.000,0.000,0.00,1.000,0.000
,1779.617,UPRIGHT,0.7813,0.0000,1.0000,200.0,-55.8,0.000,0.000,0.000,0.00,1.000,0.000
,1779.621,UPRIGHT,0.8355,0.0000,1.0000,200.0,-55.8,0.000,0.000,0.000,0.00,0.000,0.000
,1779.632,UPRIGHT,0.8355,0.0000,1.0000,200.0,-57.1,0.000,0.000,0.000,0.00,1.000,0.000
,1779.636,UPRIGHT,0.8355,0.0000,1.0000,200.0,-58.3,0.000,0.000,0.000,0.00,1.000,0.000
,1779.640,UPRIGHT,0.8355,0.0000,1.0000,200.0,-58.3,0.000,0.000,0.000,0.00,1.000,0.000
,1779.648,UPRIGHT,0.8355,0.0000,1.0000,200.0,-58.3,0.000,0.000,0.000,0.00,1.000,0.000
,1779.652,UPRIGHT,0.8355,0.0000,1.0000,200.0,-58.3,0.000,0.000,0.000,0.00,1.000,0.000
,1779.656,UPRIGHT,0.8355,0.0000,1.0000,200.0,-58.3,0.000,0.000,0.000,0.00,1.000,0.000
,1779.663,UPRIGHT,0.8355,0.0000,1.0000,200.0,-58.3,0.000,0.000,0.000,0.00,1.000,0.000
,1779.667,UPRIGHT,0.8355,0.0000,1.0000,200.0,-58.3,0.000,0.000,0.000,0.00,1.000,0.000
,1779.671,UPRIGHT,0.8355,0.0000,1.0000,200.0,-58.3,0.000,0.000,0.000,0.00,1.000,0.000
,1779.679,UPRIGHT,0.8355,0.0000,1.0000,200.0,-58.3,0.000,0.000,0.000,0.00,1.000,0.000
,1779.683,UPRIGHT,0.7015,0.0000,1.0000,226.8,-58.3,0.000,0.000,0.000,0.00,0.000,0.000
,1779.687,UPRIGHT,0.7015,0.0000,1.0000,226.8,-58.3,0.000,0.000,0.000,0.00,1.000,0.000
,1779.694,UPRIGHT,0.7015,0.0000,1.0000,226.8,-58.3,0.000,0.000,0.000,0.00,1.000,0.000
,1779.698,UPRIGHT,0.7015,0.0000,1.0000,226.8,-57.1,0.000,0.000,0.000,0.00,1.000,0.000
,1779.702,UPRIGHT,0.7015,0.0000,1.0000,226.8,-55.8,0.000,0.000,0.000,0.00,1.000,0.000
,1779.707,UPRIGHT,0.7015,0.0000,1.0000,226.8,-55.8,0.000,0.000,0.000,0.00,1.000,0.000
,1779.725,UPRIGHT,0.7015,0.0000,1.0000,226.8,-55.8,0.000,0.000,0.000,0.00,1.000,0.000
,1779.730,UPRIGHT,0.7015,0.0000,1.0000,226.8,-55.8,0.000,0.000,0.000,0.00,1.000,0.000
,1779.734,UPRIGHT,0.7015,0.0000,1.0000,226.8,-55.8,0.000,0.000,0.000,0.00,1.000,0.000
,1779.738,UPRIGHT,0.7015,0.0000,1.0000,226.8,-55.8,0.000,0.000,0.000,0.00,1.000,0.000
,1779.743,UPRIGHT,0.7015,0.0000,1.0000,226.8,-55.8,0.000,0.000,0.000,0.00,1.000,0.000
,1779.747,UPRIGHT,0.7015,0.0000,1.0000,226.8,-55.8,0.000,0.000,0.000,0.00,1.000,0.000
,1779.751,UPRIGHT,0.7015,0.0000,1.0000,226.8,-55.8,0.000,0.000,0.000,0.00,1.000,0.000
,1779.756,UPRIGHT,0.7015,0.0000,1.0000,226.8,-55.8,0.000,0.000,0.000,0.00,1.000,0.000
,1779.773,UPRIGHT,0.7015,0.0000,1.0000,226.8,-55.8,0.000,0.000,0.000,0.00,1.000,0.000
,1779.777,UPRIGHT,0.7015,0.0000,1.0000,226.8,-55.8,0.000,0.000,0.000,0.00,1.000,0.000
,1779.782,UPRIGHT,0.7015,0.0000,1.0000,226.8,-55.8,0.000,0.000,0.000,0.00,1.000,0.000
,1779.788,UPRIGHT,0.7015,0.0000,1.0000,226.8,-55.8,0.000,0.000,0.000,0.00,1.000,0.000
,1779.804,UPRIGHT,0.7015,0.0000,1.0000,226.8,-55.8,0.000,0.000,0.000,0.00,1.000,0.000
,1779.811,UPRIGHT,0.5370,0.0000,1.0000,324.0,-55.8,0.000,0.000,0.000,0.00,0.000,0.000
,1779.816,UPRIGHT,0.5370,0.0000,1.0000,324.0,-55.8,0.000,0.000,0.000,0.00,1.000,0.000
,1779.836,UPRIGHT,0.5370,0.0000,1.0000,324.0,-55.8,0.000,0.000,0.000,0.00,1.000,0.000
,1779.844,UPRIGHT,0.5370,0.0000,1.0000,324.0,-55.8,0.000,0.000,0.000,0.00,1.000,0.000
,1779.849,UPRIGHT,0.5370,0.0000,1.0000,324.0,-55.8,0.000,0.000,0.000,0.00,1.000,0.000
,1779.867,UPRIGHT,0.7271,0.0000,1.0000,226.8,-55.8,0.000,0.000,0.000,0.00,0.000,0.000
,1779.874,UPRIGHT,0.7271,0.0000,1.0000,226.8,-55.8,0.000,0.000,0.000,0.00,1.000,0.000
,1779.878,UPRIGHT,0.7271,0.0000,1.0000,226.8,-55.8,0.000,0.000,0.000,0.00,1.000,0.000
,1779.883,UPRIGHT,0.7271,0.0000,1.0000,226.8,-55.8,0.000,0.000,0.000,0.00,1.000,0.000
,1779.887,UPRIGHT,0.7271,0.0000,1.0000,226.8,-55.8,0.000,0.000,0.000,0.00,1.000,0.000
,1779.898,UPRIGHT,0.7271,0.0000,1.0000,226.8,-55.8,0.000,0.000,0.000,0.00,1.000,0.000
,1779.902,UPRIGHT,0.7271,0.0000,1.0000,226.8,-45.6,0.000,0.000,0.000,0.00,1.000,0.000
,1779.906,UPRIGHT,0.7271,0.0000,1.0000,226.8,-45.6,0.000,0.000,0.000,0.00,1.000,0.000
,1779.910,UPRIGHT,0.7271,0.0000,1.0000,226.8,-45.6,0.000,0.000,0.000,0.00,1.000,0.000
,1779.915,UPRIGHT,0.7271,0.0000,1.0000,226.8,-45.6,0.000,0.000,0.000,0.00,1.000,0.000
,1779.919,UPRIGHT,0.7271,0.0000,1.0000,226.8,-45.6,0.000,0.000,0.000,0.00,1.000,0.000
,1779.929,UPRIGHT,0.7271,0.0000,1.0000,226.8,-45.6,0.000,0.000,0.000,0.00,1.000,0.000
,1779.933,UPRIGHT,0.4312,0.0000,1.0000,403.2,-45.6,0.000,0.000,0.000,0.00,0.000,0.000
,1779.945,UPRIGHT,0.4312,0.0000,1.0000,403.2,-45.6,0.000,0.000,0.000,0.00,1.000,0.000
,1779.949,UPRIGHT,0.4312,0.0000,1.0000,403.2,-45.6,0.000,0.000,0.000,0.00,1.000,0.000
,1779.960,UPRIGHT,0.4312,0.0000,1.0000,403.2,-45.6,0.000,0.000,0.000,0.00,1.000,0.000
,1779.964,UPRIGHT,0.4312,0.0000,1.0000,403.2,-45.6,0.000,0.000,0.000,0.00,1.000,0.000
,1779.976,UPRIGHT,0.4312,0.0000,1.0000,403.2,-45.6,0.000,0.000,0.000,0.00,1.000,0.000
,1779.980,UPRIGHT,0.4312,0.0000,1.0000,403.2,-45.6,0.000,0.000,0.000,0.00,1.000,0.000
,1779.984,UPRIGHT,0.4312,0.0000,1.0000,403.2,-45.6,0.000,0.000,0.000,0.00,1.000,0.000
,1779.991,UPRIGHT,0.4312,0.0000,1.0000,403.2,-45.6,0.000,0.000,0.000,0.00,1.000,0.000
,1780.007,UPRIGHT,0.6781,0.0000,1.0000,226.8,-45.6,0.000,0.000,0.000,0.00,0.000,0.000
,1780.011,UPRIGHT,0.6781,0.0000,1.0000,226.8,-45.6,0.000,0.000,0.000,0.00,1.000,0.000
,1780.016,UPRIGHT,0.6781,0.0000,1.0000,226.8,-45.6,0.000,0.000,0.000,0.00,1.000,0.000
,1780.023,UPRIGHT,0.6781,0.0000,1.0000,226.8,-45.6,0.000,0.000,0.000,0.00,1.000,0.000
,1780.026,UPRIGHT,0.6781,0.0000,1.0000,226.8,-45.6,0.000,0.000,0.000,0.00,1.000,0.000
,1780.031,UPRIGHT,0.6781,0.0000,1.0000,226.8,-45.6,0.000,0.000,0.000,0.00,1.000,0.000
,1780.038,UPRIGHT,0.6781,0.0000,1.0000,226.8,-45.6,0.000,0.000,0.000,0.00,1.000,0.000
,1780.053,UPRIGHT,0.6781,0.0000,1.0000,226.8,-45.6,0.000,0.000,0.000,0.00,1.000,0.000
,1780.058,UPRIGHT,0.6781,0.0000,1.0000,226.8,-45.6,0.000,0.000,0.000,0.00,1.000,0.000
,1780.063,UPRIGHT,0.6781,0.0000,1.0000,226.8,-45.6,0.000,0.000,0.000,0.00,1.000,0.000
,1780.067,UPRIGHT,0.6781,0.0000,1.0000,226.8,-45.6,0.000,0.000,0.000,0.00,1.000,0.000
,1780.085,UPRIGHT,0.6781,0.0000,1.0000,226.8,-40.0,0.000,0.000,0.000,0.00,1.000,0.000
,1780.091,UPRIGHT,0.6781,0.0000,1.0000,226.8,-40.0,0.000,0.000,0.000,0.00,1.000,0.000
,1780.095,UPRIGHT,0.6781,0.0000,1.0000,226.8,-40.0,0.000,0.000,0.000,0.00,1.000,0.000
,1780.099,UPRIGHT,0.6781,0.0000,1.0000,226.8,-40.0,0.000,0.000,0.000,0.00,1.000,0.000
,1780.116,UPRIGHT,0.6781,0.0000,1.0000,226.8,-40.0,0.000,0.000,0.000,0.00,1.000,0.000
,1780.122,UPRIGHT,0.6486,0.0000,1.0000,252.0,-40.0,0.000,0.000,0.000,0.00,0.000,0.000
,1780.132,UPRIGHT,0.6486,0.0000,1.0000,252.0,-40.0,0.000,0.000,0.000,0.00,1.000,0.000
,1780.137,UPRIGHT,0.6486,0.0000,1.0000,252.0,-40.0,0.000,0.000,0.000,0.00,1.000,0.000
,1780.142,UPRIGHT,0.6486,0.0000,1.0000,252.0,-40.0,0.000,0.000,0.000,0.00,1.000,0.000
,1780.146,UPRIGHT,0.6486,0.0000,1.0000,252.0,-40.0,0.000,0.000,0.000,0.00,1.000,0.000
,1780.163,UPRIGHT,0.6486,0.0000,1.0000,252.0,-40.0,0.000,0.000,0.000,0.00,1.000,0.000
,1780.170,UPRIGHT,0.6486,0.0000,1.0000,252.0,-40.0,0.000,0.000,0.000,0.00,1.000,0.000
,1780.175,UPRIGHT,0.6486,0.0000,1.0000,252.0,-40.0,0.000,0.000,0.000,0.00,1.000,0.000
,1780.194,UPRIGHT,0.6314,0.0000,1.0000,255.5,-40.0,0.000,0.000,0.000,0.00,0.000,0.000
,1780.202,UPRIGHT,0.6314,0.0000,1.0000,255.5,-40.0,0.000,0.000,0.000,0.00,1.000,0.000
,1780.207,UPRIGHT,0.6314,0.0000,1.0000,255.5,-40.0,0.000,0.000,0.000,0.00,1.000,0.000
,1780.226,UPRIGHT,0.6314,0.0000,1.0000,255.5,-40.0,0.000,0.000,0.000,0.00,1.000,0.000
,1780.234,UPRIGHT,0.6314,0.0000,1.0000,255.5,-40.0,0.000,0.000,0.000,0.00,1.000,0.000
,1780.240,UPRIGHT,0.6314,0.0000,1.0000,255.5,-40.0,0.000,0.000,0.000,0.00,1.000,0.000
,1780.244,UPRIGHT,0.6340,0.0000,1.0000,252.0,-40.0,0.000,0.000,0.000,0.00,0.000,0.000
,1780.249,UPRIGHT,0.6340,0.0000,1.0000,252.0,-40.0,0.000,0.000,0.000,0.00,1.000,0.000
,1780.253,UPRIGHT,0.6340,0.0000,1.0000,252.0,-40.0,0.000,0.000,0.000,0.00,1.000,0.000
,1780.257,UPRIGHT,0.6340,0.0000,1.0000,252.0,-40.0,0.000,0.000,0.000,0.00,1.000,0.000
,1780.262,UPRIGHT,0.6340,0.0000,1.0000,252.0,-40.0,0.000,0.000,0.000,0.00,1.000,0.000
,1780.266,UPRIGHT,0.6340,0.0000,1.0000,252.0,-40.0,0.000,0.000,0.000,0.00,1.000,0.000
,1780.271,UPRIGHT,0.6340,0.0000,1.0000,252.0,-40.0,0.000,0.000,0.000,0.00,1.000,0.000
,1780.275,UPRIGHT,0.6340,0.0000,1.0000,252.0,-40.0,0.000,0.000,0.000,0.00,1.000,0.000
,1780.279,UPRIGHT,0.6340,0.0000,1.0000,252.0,-40.0,0.000,0.000,0.000,0.00,1.000,0.000
,1780.284,UPRIGHT,0.6340,0.0000,1.0000,252.0,-40.0,0.000,0.000,0.000,0.00,1.000,0.000
,1780.288,UPRIGHT,0.6340,0.0000,1.0000,252.0,-40.0,0.000,0.000,0.000,0.00,1.000,0.000
,1780.292,UPRIGHT,0.6340,0.0000,1.0000,252.0,-40.0,0.000,0.000,0.000,0.00,1.000,0.000
,1780.303,UPRIGHT,0.6340,0.0000,1.0000,252.0,-40.0,0.000,0.000,0.000,0.00,1.000,0.000
,1780.307,UPRIGHT,0.6437,0.0000,1.0000,238.7,-40.0,0.000,0.000,0.000,0.00,0.206,0.000
,1780.312,UPRIGHT,0.6437,0.0000,1.0000,238.7,-40.0,0.000,0.000,0.000,0.00,1.000,0.000
,1780.316,UPRIGHT,0.6437,0.0000,1.0000,238.7,-40.0,0.000,0.000,0.000,0.00,1.000,0.000
,1780.320,UPRIGHT,0.6437,0.0000,1.0000,238.7,-40.0,0.000,0.000,0.000,0.00,1.000,0.000
,1780.324,UPRIGHT,0.6437,0.0000,1.0000,238.7,-40.0,0.000,0.000,0.000,0.00,1.000,0.000
,1780.334,UPRIGHT,0.6437,0.0000,1.0000,238.7,-40.0,0.000,0.000,0.000,0.00,1.000,0.000
,1780.338,UPRIGHT,0.6437,0.0000,1.0000,238.7,-40.0,0.000,0.000,0.000,0.00,1.000,0.000
,1780.343,UPRIGHT,0.6437,0.0000,1.0000,238.7,-40.0,0.000,0.000,0.000,0.00,1.000,0.000
,1780.346,UPRIGHT,0.6437,0.0000,1.0000,238.7,-40.0,0.000,0.000,0.000,0.00,1.000,0.000
,1780.351,UPRIGHT,0.6437,0.0000,1.0000,238.7,-40.0,0.000,0.000,0.000,0.00,1.000,0.000
,1780.355,UPRIGHT,0.6437,0.0000,1.0000,238.7,-40.0,0.000,0.000,0.000,0.00,1.000,0.000
,1780.366,UPRIGHT,0.6437,0.0000,1.0000,238.7,-40.0,0.000,0.000,0.000,0.00,1.000,0.000
,1780.370,UPRIGHT,0.6437,0.0000,1.0000,238.7,-40.0,0.000,0.000,0.000,0.00,1.000,0.000
,1780.381,UPRIGHT,0.6437,0.0000,1.0000,238.7,-37.1,0.000,0.000,0.000,0.00,1.000,0.000
,1780.385,UPRIGHT,0.6437,0.0000,1.0000,238.7,-34.2,0.000,0.000,0.000,0.00,1.000,0.000
,1780.390,UPRIGHT,0.6437,0.0000,1.0000,238.7,-34.2,0.000,0.000,0.000,0.00,1.000,0.000
,1780.398,UPRIGHT,0.6437,0.0000,1.0000,238.7,-34.2,0.000,0.000,0.000,0.00,1.000,0.000
,1780.402,UPRIGHT,0.6437,0.0000,1.0000,238.7,-34.2,0.000,0.000,0.000,0.00,1.000,0.000
,1780.406,UPRIGHT,0.6437,0.0000,1.0000,238.7,-34.2,0.000,0.000,0.000,0.00,1.000,0.000
,1780.410,UPRIGHT,0.6437,0.0000,1.0000,238.7,-34.2,0.000,0.000,0.000,0.00,1.000,0.000
,1780.414,UPRIGHT,0.6437,0.0000,1.0000,238.7,-34.2,0.000,0.000,0.000,0.00,1.000,0.000
,1780.418,UPRIGHT,0.6437,0.0000,1.0000,238.7,-34.2,0.000,0.000,0.000,0.00,1.000,0.000
,1780.428,UPRIGHT,0.6437,0.0000,1.0000,238.7,-34.2,0.000,0.000,0.000,0.00,1.000,0.000
,1780.432,UPRIGHT,0.6367,0.0000,1.0000,255.5,-34.2,0.000,0.000,0.000,0.00,0.383,0.000
,1780.437,UPRIGHT,0.6367,0.0000,1.0000,255.5,-34.2,0.000,0.000,0.000,0.00,1.000,0.000
,1780.444,UPRIGHT,0.6367,0.0000,1.0000,255.5,-31.1,0.000,0.000,0.000,0.00,1.000,0.000
,1780.448,UPRIGHT,0.6367,0.0000,1.0000,255.5,-28.1,0.000,0.000,0.000,0.00,1.000,0.000
,1780.452,UPRIGHT,0.6367,0.0000,1.0000,255.5,-28.1,0.000,0.000,0.000,0.00,1.000,0.000
,1780.460,UPRIGHT,0.6367,0.0000,1.0000,255.5,-28.1,0.000,0.000,0.000,0.00,1.000,0.000
,1780.464,UPRIGHT,0.6367,0.0000,1.0000,255.5,-28.1,0.000,0.000,0.000,0.00,1.000,0.000
,1780.468,UPRIGHT,0.6367,0.0000,1.0000,255.5,-28.1,0.000,0.000,0.000,0.00,1.000,0.000
,1780.475,UPRIGHT,0.6367,0.0000,1.0000,255.5,-28.1,0.000,0.000,0.000,0.00,1.000,0.000
,1780.490,UPRIGHT,0.6367,0.0000,1.0000,255.5,-28.1,0.000,0.000,0.000,0.00,1.000,0.000
,1780.495,UPRIGHT,0.6138,0.0000,1.0000,252.0,-28.1,0.000,0.000,0.000,0.00,0.000,0.000
,1780.499,UPRIGHT,0.6138,0.0000,1.0000,252.0,-28.1,0.000,0.000,0.000,0.00,1.000,0.000
,1780.503,UPRIGHT,0.6138,0.0000,1.0000,252.0,-28.1,0.000,0.000,0.000,0.00,1.000,0.000
,1780.521,UPRIGHT,0.6138,0.0000,1.0000,252.0,-28.1,0.000,0.000,0.000,0.00,1.000,0.000
,1780.526,UPRIGHT,0.6138,0.0000,1.0000,252.0,-28.1,0.000,0.000,0.000,0.00,1.000,0.000
,1780.531,UPRIGHT,0.6138,0.0000,1.0000,252.0,-28.1,0.000,0.000,0.000,0.00,1.000,0.000
,1780.535,UPRIGHT,0.6138,0.0000,1.0000,252.0,-28.1,0.000,0.000,0.000,0.00,1.000,0.000
,1780.552,UPRIGHT,0.6138,0.0000,1.0000,252.0,-28.1,0.000,0.000,0.000,0.00,1.000,0.000
,1780.558,UPRIGHT,0.6287,0.0000,1.0000,252.0,-28.1,0.000,0.000,0.000,0.00,0.000,0.000
,1780.562,UPRIGHT,0.6287,0.0000,1.0000,252.0,-28.1,0.000,0.000,0.000,0.00,1.000,0.000
,1780.566,UPRIGHT,0.6287,0.0000,1.0000,252.0,-28.1,0.000,0.000,0.000,0.00,1.000,0.000
,1780.583,UPRIGHT,0.6287,0.0000,1.0000,252.0,-28.1,0.000,0.000,0.000,0.00,1.000,0.000
,1780.589,UPRIGHT,0.6287,0.0000,1.0000,252.0,-28.1,0.000,0.000,0.000,0.00,1.000,0.000
,1780.594,UPRIGHT,0.6287,0.0000,1.0000,252.0,-28.1,0.000,0.000,0.000,0.00,1.000,0.000
,1780.598,UPRIGHT,0.6287,0.0000,1.0000,252.0,-28.1,0.000,0.000,0.000,0.00,1.000,0.000
,1780.603,UPRIGHT,0.6287,0.0000,1.0000,252.0,-28.1,0.000,0.000,0.000,0.00,1.000,0.000
,1780.615,UPRIGHT,0.6287,0.0000,1.0000,252.0,-28.1,0.000,0.000,0.000,0.00,1.000,0.000
,1780.620,UPRIGHT,0.6287,0.0000,1.0000,252.0,-28.1,0.000,0.000,0.000,0.00,1.000,0.000
,1780.624,UPRIGHT,0.6287,0.0000,1.0000,252.0,-28.1,0.000,0.000,0.000,0.00,1.000,0.000
,1780.630,UPRIGHT,0.6287,0.0000,1.0000,252.0,-28.1,0.000,0.000,0.000,0.00,1.000,0.000
,1780.634,UPRIGHT,0.6287,0.0000,1.0000,252.0,-28.1,0.000,0.000,0.000,0.00,1.000,0.000
,1780.638,UPRIGHT,0.6287,0.0000,1.0000,252.0,-28.1,0.000,0.000,0.000,0.00,1.000,0.000
,1780.645,UPRIGHT,0.6287,0.0000,1.0000,252.0,-28.1,0.000,0.000,0.000,0.00,1.000,0.000
,1780.650,UPRIGHT,0.6287,0.0000,1.0000,252.0,-28.1,0.000,0.000,0.000,0.00,1.000,0.000
,1780.654,UPRIGHT,0.6287,0.0000,1.0000,252.0,-28.1,0.000,0.000,0.000,0.00,1.000,0.000
,1780.661,UPRIGHT,0.6287,0.0000,1.0000,252.0,-28.1,0.000,0.000,0.000,0.00,1.000,0.000
,1780.665,UPRIGHT,0.6287,0.0000,1.0000,252.0,-28.1,0.000,0.000,0.000,0.00,1.000,0.000
,1780.669,UPRIGHT,0.6287,0.0000,1.0000,252.0,-28.1,0.000,0.000,0.000,0.00,1.000,0.000
,1780.673,UPRIGHT,0.6287,0.0000,1.0000,252.0,-28.1,0.000,0.000,0.000,0.00,1.000,0.000
,1780.693,UPRIGHT,0.6931,0.0000,1.0000,226.8,-28.1,0.000,0.000,0.000,0.00,0.000,0.000
,1780.698,UPRIGHT,0.6931,0.0000,1.0000,226.8,-28.1,0.000,0.000,0.000,0.00,1.000,0.000
,1780.703,UPRIGHT,0.6931,0.0000,1.0000,226.8,-28.1,0.000,0.000,0.000,0.00,1.000,0.000
,1780.707,UPRIGHT,0.6931,0.0000,1.0000,226.8,-28.1,0.000,0.000,0.000,0.00,1.000,0.000
,1780.725,UPRIGHT,0.6931,0.0000,1.0000,226.8,-28.1,0.000,0.000,0.000,0.00,1.000,0.000
,1780.729,UPRIGHT,0.6931,0.0000,1.0000,226.8,-28.1,0.000,0.000,0.000,0.00,1.000,0.000
,1780.740,UPRIGHT,0.6931,0.0000,1.0000,226.8,-28.1,0.000,0.000,0.000,0.00,1.000,0.000
,1780.744,UPRIGHT,0.7967,0.0000,1.0000,216.0,-28.1,0.000,0.000,0.000,0.00,0.000,0.000
,1780.748,UPRIGHT,0.7967,0.0000,1.0000,216.0,-28.1,0.000,0.000,0.000,0.00,1.000,0.000
,1780.752,UPRIGHT,0.7967,0.0000,1.0000,216.0,-28.1,0.000,0.000,0.000,0.00,1.000,0.000
,1780.756,UPRIGHT,0.7967,0.0000,1.0000,216.0,-28.1,0.000,0.000,0.000,0.00,1.000,0.000
,1780.761,UPRIGHT,0.7967,0.0000,1.0000,216.0,-28.1,0.000,0.000,0.000,0.00,1.000,0.000
,1780.765,UPRIGHT,0.7967,0.0000,1.0000,216.0,-28.1,0.000,0.000,0.000,0.00,1.000,0.000
,1780.770,UPRIGHT,0.7967,0.0000,1.0000,216.0,-28.1,0.000,0.000,0.000,0.00,1.000,0.000
,1780.774,UPRIGHT,0.7967,0.0000,1.0000,216.0,-28.1,0.000,0.000,0.000,0.00,1.000,0.000
,1780.786,UPRIGHT,0.7967,0.0000,1.0000,216.0,-28.1,0.000,0.000,0.000,0.00,1.000,0.000
,1780.791,UPRIGHT,0.7967,0.0000,1.0000,216.0,-28.1,0.000,0.000,0.000,0.00,1.000,0.000
,1780.795,UPRIGHT,0.7967,0.0000,1.0000,216.0,-28.1,0.000,0.000,0.000,0.00,1.000,0.000
,1780.800,UPRIGHT,0.7967,0.0000,1.0000,216.0,-28.1,0.000,0.000,0.000,0.00,1.000,0.000
,1780.804,UPRIGHT,0.7134,0.0000,1.0000,245.2,-28.1,0.000,0.000,0.000,0.00,0.000,0.000
,1780.809,UPRIGHT,0.7134,0.0000,1.0000,245.2,-28.1,0.000,0.000,0.000,0.00,1.000,0.000
,1780.813,UPRIGHT,0.7134,0.0000,1.0000,245.2,-28.1,0.000,0.000,0.000,0.00,1.000,0.000
,1780.817,UPRIGHT,0.7134,0.0000,1.0000,245.2,-28.1,0.000,0.000,0.000,0.00,1.000,0.000
,1780.822,UPRIGHT,0.7134,0.0000,1.0000,245.2,-28.1,0.000,0.000,0.000,0.00,1.000,0.000
,1780.826,UPRIGHT,0.7134,0.0000,1.0000,245.2,-28.1,0.000,0.000,0.000,0.00,1.000,0.000
,1780.831,UPRIGHT,0.7134,0.0000,1.0000,245.2,-28.1,0.000,0.000,0.000,0.00,1.000,0.000
,1780.849,UPRIGHT,0.7134,0.0000,1.0000,245.2,-28.1,0.000,0.000,0.000,0.00,1.000,0.000
,1780.853,UPRIGHT,0.7134,0.0000,1.0000,245.2,-28.1,0.000,0.000,0.000,0.00,1.000,0.000
,1780.858,UPRIGHT,0.7134,0.0000,1.0000,245.2,-28.1,0.000,0.000,0.000,0.00,1.000,0.000
,1780.862,UPRIGHT,0.7134,0.0000,1.0000,245.2,-28.1,0.000,0.000,0.000,0.00,1.000,0.000
,1780.867,UPRIGHT,0.3545,0.3415,0.6585,292.6,-24.9,0.000,0.000,0.000,0.00,0.000,0.000
,1780.871,UPRIGHT,0.3545,0.3415,0.6585,292.6,-21.6,0.001,0.000,0.000,0.00,0.999,0.001
,1780.875,UPRIGHT,0.3545,0.3415,0.6585,292.6,-21.6,0.002,0.000,0.000,0.00,0.998,0.002
,1780.879,UPRIGHT,0.3545,0.3415,0.6585,292.6,-21.6,0.004,0.000,0.000,0.00,0.997,0.003
,1780.884,UPRIGHT,0.3545,0.3415,0.6585,292.6,-21.6,0.005,0.000,0.000,0.00,0.995,0.005
,1780.888,UPRIGHT,0.3545,0.3415,0.6585,292.6,-21.6,0.006,0.000,0.000,0.00,0.994,0.006
,1780.895,UPRIGHT,0.3545,0.3415,0.6585,292.6,-21.6,0.008,0.000,0.000,0.00,0.992,0.008
,1780.900,UPRIGHT,0.3545,0.3415,0.6585,292.6,-21.6,0.010,0.000,0.000,0.00,0.991,0.009
,1780.904,UPRIGHT,0.3545,0.3415,0.6585,292.6,-21.6,0.011,0.000,0.000,0.00,0.990,0.010
,1780.908,UPRIGHT,0.3545,0.3415,0.6585,292.6,-21.6,0.012,0.000,0.000,0.00,0.989,0.011
,1780.914,UPRIGHT,0.3545,0.3415,0.6585,292.6,-21.6,0.014,0.000,0.000,0.00,0.987,0.013
,1780.928,UPRIGHT,0.3545,0.3415,0.6585,292.6,-21.6,0.018,0.000,0.000,0.00,0.983,0.017
,1780.932,UPRIGHT,0.3545,0.3415,0.6585,292.6,-14.8,0.019,0.000,0.000,0.00,0.982,0.018
,1780.936,UPRIGHT,0.3545,0.3415,0.6585,292.6,-14.8,0.020,0.000,0.000,0.00,0.981,0.019
,1780.943,UPRIGHT,0.3545,0.3415,0.6585,292.6,-14.8,0.022,0.000,0.000,0.00,0.979,0.021
,1780.948,UPRIGHT,0.3545,0.3415,0.6585,292.6,-14.8,0.023,0.000,0.000,0.00,0.978,0.022
,1780.952,UPRIGHT,0.3545,0.3415,0.6585,292.6,-14.8,0.025,0.000,0.000,0.00,0.977,0.023
,1780.958,UPRIGHT,0.3545,0.3415,0.6585,292.6,-14.8,0.026,0.000,0.000,0.00,0.975,0.025
,1780.962,UPRIGHT,0.3545,0.3415,0.6585,292.6,-14.8,0.028,0.000,0.000,0.00,0.974,0.026
,1780.967,UPRIGHT,0.3545,0.3415,0.6585,292.6,-14.8,0.029,0.000,0.000,0.00,0.973,0.027
,1780.971,UPRIGHT,0.3545,0.3415,0.6585,292.6,-14.8,0.030,0.000,0.000,0.00,0.971,0.029
,1780.990,UPRIGHT,0.3545,0.3415,0.6585,292.6,-14.8,0.036,0.000,0.000,0.00,0.966,0.034
,1780.994,UPRIGHT,0.4533,0.3171,0.6829,200.0,-14.8,0.037,0.000,0.000,0.00,0.000,0.035
,1780.998,UPRIGHT,0.4533,0.3171,0.6829,200.0,-14.8,0.038,0.000,0.000,0.00,0.964,0.036
,1781.005,UPRIGHT,0.4533,0.3171,0.6829,200.0,-14.8,0.040,0.000,0.000,0.00,0.962,0.038
,1781.010,UPRIGHT,0.4533,0.3171,0.6829,200.0,-14.8,0.041,0.000,0.000,0.00,0.961,0.039
,1781.014,UPRIGHT,0.4533,0.3171,0.6829,200.0,-14.8,0.042,0.000,0.000,0.00,0.960,0.040
,1781.018,UPRIGHT,0.4533,0.3171,0.6829,200.0,-14.8,0.044,0.000,0.000,0.00,0.959,0.041
,1781.022,UPRIGHT,0.4533,0.3171,0.6829,200.0,-14.8,0.045,0.000,0.000,0.00,0.957,0.043
,1781.026,UPRIGHT,0.4533,0.3171,0.6829,200.0,-14.8,0.046,0.000,0.000,0.00,0.956,0.044
,1781.035,UPRIGHT,0.4533,0.3171,0.6829,200.0,-14.8,0.048,0.000,0.000,0.00,0.954,0.046
,1781.039,UPRIGHT,0.4533,0.3171,0.6829,200.0,-14.8,0.050,0.000,0.000,0.00,0.953,0.047
,1781.051,UPRIGHT,0.4533,0.3171,0.6829,200.0,-14.8,0.053,0.000,0.000,0.00,0.950,0.050
,1781.055,UPRIGHT,0.6755,0.0000,1.0000,259.2,-14.8,0.000,0.000,0.000,0.00,0.000,0.000
,1781.060,UPRIGHT,0.6755,0.0000,1.0000,259.2,-14.8,0.000,0.000,0.000,0.00,1.000,0.000
,1781.064,UPRIGHT,0.6755,0.0000,1.0000,259.2,-14.8,0.000,0.000,0.000,0.00,1.000,0.000
,1781.068,UPRIGHT,0.6755,0.0000,1.0000,259.2,-14.8,0.000,0.000,0.000,0.00,1.000,0.000
,1781.072,UPRIGHT,0.6755,0.0000,1.0000,259.2,-14.8,0.000,0.000,0.000,0.00,1.000,0.000
,1781.083,UPRIGHT,0.6755,0.0000,1.0000,259.2,-14.8,0.000,0.000,0.000,0.00,1.000,0.000
,1781.087,UPRIGHT,0.6755,0.0000,1.0000,259.2,-14.8,0.000,0.000,0.000,0.00,1.000,0.000
,1781.091,UPRIGHT,0.6755,0.0000,1.0000,259.2,-14.8,0.000,0.000,0.000,0.00,1.000,0.000
,1781.098,UPRIGHT,0.6755,0.0000,1.0000,259.2,-14.8,0.000,0.000,0.000,0.00,1.000,0.000
,1781.102,UPRIGHT,0.6755,0.0000,1.0000,259.2,-14.8,0.000,0.000,0.000,0.00,1.000,0.000
,1781.106,UPRIGHT,0.6755,0.0000,1.0000,259.2,-14.8,0.000,0.000,0.000,0.00,1.000,0.000
,1781.114,UPRIGHT,0.6755,0.0000,1.0000,259.2,-14.8,0.000,0.000,0.000,0.00,1.000,0.000
,1781.119,UPRIGHT,0.4559,0.0000,1.0000,348.9,-14.8,0.000,0.000,0.000,0.00,0.000,0.000
,1781.123,UPRIGHT,0.4559,0.0000,1.0000,348.9,-14.8,0.000,0.000,0.000,0.00,1.000,0.000
,1781.127,UPRIGHT,0.4559,0.0000,1.0000,348.9,-14.8,0.000,0.000,0.000,0.00,1.000,0.000
,1781.132,UPRIGHT,0.4559,0.0000,1.0000,348.9,-14.8,0.000,0.000,0.000,0.00,1.000,0.000
,1781.136,UPRIGHT,0.4559,0.0000,1.0000,348.9,-14.8,0.000,0.000,0.000,0.00,1.000,0.000
,1781.145,UPRIGHT,0.4559,0.0000,1.0000,348.9,-14.8,0.000,0.000,0.000,0.00,1.000,0.000
,1781.149,UPRIGHT,0.4559,0.0000,1.0000,348.9,-14.8,0.000,0.000,0.000,0.00,1.000,0.000
,1781.153,UPRIGHT,0.4559,0.0000,1.0000,348.9,-14.8,0.000,0.000,0.000,0.00,1.000,0.000
,1781.160,UPRIGHT,0.4559,0.0000,1.0000,348.9,-14.8,0.000,0.000,0.000,0.00,1.000,0.000
,1781.165,UPRIGHT,0.4559,0.0000,1.0000,348.9,-14.8,0.000,0.000,0.000,0.00,1.000,0.000
,1781.169,UPRIGHT,0.4559,0.0000,1.0000,348.9,-14.8,0.000,0.000,0.000,0.00,1.000,0.000
,1781.173,UPRIGHT,0.4559,0.0000,1.0000,348.9,-14.8,0.000,0.000,0.000,0.00,1.000,0.000
,1781.192,UPRIGHT,0.4559,0.0000,1.0000,348.9,-14.8,0.000,0.000,0.000,0.00,1.000,0.000
,1781.197,UPRIGHT,0.4559,0.0000,1.0000,348.9,-14.8,0.000,0.000,0.000,0.00,1.000,0.000
,1781.208,UPRIGHT,0.4559,0.0000,1.0000,348.9,-14.8,0.000,0.000,0.000,0.00,1.000,0.000
,1781.212,UPRIGHT,0.4559,0.0000,1.0000,348.9,-14.8,0.000,0.000,0.000,0.00,1.000,0.000
,1781.216,UPRIGHT,0.4559,0.0000,1.0000,348.9,-14.8,0.000,0.000,0.000,0.00,1.000,0.000
,1781.224,UPRIGHT,0.4559,0.0000,1.0000,348.9,-14.8,0.000,0.000,0.000,0.00,1.000,0.000
,1781.240,UPRIGHT,0.4559,0.0000,1.0000,348.9,-14.8,0.000,0.000,0.000,0.00,1.000,0.000
,1781.247,UPRIGHT,0.5578,0.0000,1.0000,292.6,-14.8,0.000,0.000,0.000,0.00,0.000,0.000
,1781.253,UPRIGHT,0.5578,0.0000,1.0000,292.6,-14.8,0.000,0.000,0.000,0.00,1.000,0.000
,1781.272,UPRIGHT,0.5578,0.0000,1.0000,292.6,-14.8,0.000,0.000,0.000,0.00,1.000,0.000
,1781.279,UPRIGHT,0.5578,0.0000,1.0000,292.6,-14.8,0.000,0.000,0.000,0.00,1.000,0.000
,1781.284,UPRIGHT,0.5578,0.0000,1.0000,292.6,-14.8,0.000,0.000,0.000,0.00,1.000,0.000
,1781.304,UPRIGHT,0.2257,0.0000,0.6829,504.0,-14.8,0.000,0.000,0.000,0.00,0.000,0.000
,1781.312,UPRIGHT,0.2257,0.0000,0.6829,504.0,-14.8,0.000,0.000,0.000,0.00,1.000,0.000
,1781.318,UPRIGHT,0.2257,0.0000,0.6829,504.0,-14.8,0.000,0.000,0.000,0.00,1.000,0.000
,1781.334,UPRIGHT,0.2257,0.0000,0.6829,504.0,-14.8,0.000,0.000,0.000,0.00,1.000,0.000
,1781.340,UPRIGHT,0.2257,0.0000,0.6829,504.0,-14.8,0.000,0.000,0.000,0.00,1.000,0.000
,1781.345,UPRIGHT,0.2257,0.0000,0.6829,504.0,-14.8,0.000,0.000,0.000,0.00,1.000,0.000
,1781.349,UPRIGHT,0.2257,0.0000,0.6829,504.0,-14.8,0.000,0.000,0.000,0.00,1.000,0.000
,1781.353,UPRIGHT,0.2257,0.0000,0.6829,504.0,-14.8,0.000,0.000,0.000,0.00,1.000,0.000
,1781.357,UPRIGHT,0.2257,0.0000,0.6829,504.0,-14.8,0.000,0.000,0.000,0.00,1.000,0.000
,1781.362,UPRIGHT,0.2257,0.0000,0.6829,504.0,-14.8,0.000,0.000,0.000,0.00,1.000,0.000
,1781.367,UPRIGHT,0.7460,0.0000,1.0000,200.0,-14.8,0.000,0.000,0.000,0.00,0.000,0.000
,1781.381,UPRIGHT,0.7460,0.0000,1.0000,200.0,-14.8,0.000,0.000,0.000,0.00,1.000,0.000
,1781.385,UPRIGHT,0.7460,0.0000,1.0000,200.0,-14.8,0.000,0.000,0.000,0.00,1.000,0.000
,1781.389,UPRIGHT,0.7460,0.0000,1.0000,200.0,-14.8,0.000,0.000,0.000,0.00,1.000,0.000
,1781.396,UPRIGHT,0.7460,0.0000,1.0000,200.0,-14.8,0.000,0.000,0.000,0.00,1.000,0.000
,1781.400,UPRIGHT,0.7460,0.0000,1.0000,200.0,-14.8,0.000,0.000,0.000,0.00,1.000,0.000
,1781.404,UPRIGHT,0.7460,0.0000,1.0000,200.0,-14.8,0.000,0.000,0.000,0.00,1.000,0.000
,1781.412,UPRIGHT,0.7460,0.0000,1.0000,200.0,-14.8,0.000,0.000,0.000,0.00,1.000,0.000
,1781.416,UPRIGHT,0.7460,0.0000,1.0000,200.0,-14.8,0.000,0.000,0.000,0.00,1.000,0.000
,1781.421,UPRIGHT,0.7460,0.0000,1.0000,200.0,-14.8,0.000,0.000,0.000,0.00,1.000,0.000
,1781.425,UPRIGHT,0.7460,0.0000,1.0000,200.0,-14.8,0.000,0.000,0.000,0.00,1.000,0.000
,1781.443,UPRIGHT,0.7460,0.0000,1.0000,200.0,-14.8,0.000,0.000,0.000,0.00,1.000,0.000
,1781.449,UPRIGHT,0.7460,0.0000,1.0000,200.0,-14.8,0.000,0.000,0.000,0.00,1.000,0.000
,1781.458,UPRIGHT,0.7460,0.0000,1.0000,200.0,-14.8,0.000,0.000,0.000,0.00,1.000,0.000
,1781.463,UPRIGHT,0.7460,0.0000,1.0000,200.0,-14.8,0.000,0.000,0.000,0.00,1.000,0.000
,1781.467,UPRIGHT,0.7460,0.0000,1.0000,200.0,-14.8,0.000,0.000,0.000,0.00,1.000,0.000
,1781.473,UPRIGHT,0.7460,0.0000,1.0000,200.0,-14.8,0.000,0.000,0.000,0.00,1.000,0.000
,1781.489,UPRIGHT,0.7460,0.0000,1.0000,200.0,-14.8,0.000,0.000,0.000,0.00,1.000,0.000
,1781.496,UPRIGHT,0.7451,0.0000,1.0000,200.0,-14.8,0.000,0.000,0.000,0.00,0.559,0.000
,1781.500,UPRIGHT,0.7451,0.0000,1.0000,200.0,-14.8,0.000,0.000,0.000,0.00,1.000,0.000
,1781.505,UPRIGHT,0.7451,0.0000,1.0000,200.0,-14.8,0.000,0.000,0.000,0.00,1.000,0.000
,1781.521,UPRIGHT,0.7451,0.0000,1.0000,200.0,-14.8,0.000,0.000,0.000,0.00,1.000,0.000
,1781.527,UPRIGHT,0.7451,0.0000,1.0000,200.0,-14.8,0.000,0.000,0.000,0.00,1.000,0.000
,1781.531,UPRIGHT,0.7451,0.0000,1.0000,200.0,-14.8,0.000,0.000,0.000,0.00,1.000,0.000
,1781.535,UPRIGHT,0.7451,0.0000,1.0000,200.0,-14.8,0.000,0.000,0.000,0.00,1.000,0.000
,1781.539,UPRIGHT,0.7451,0.0000,1.0000,200.0,-14.8,0.000,0.000,0.000,0.00,1.000,0.000
,1781.553,UPRIGHT,0.7451,0.0000,1.0000,200.0,-14.8,0.000,0.000,0.000,0.00,1.000,0.000
,1781.558,UPRIGHT,0.6473,0.0000,1.0000,245.2,-14.8,0.000,0.000,0.000,0.00,0.000,0.000
,1781.568,UPRIGHT,0.6473,0.0000,1.0000,245.2,-14.8,0.000,0.000,0.000,0.00,1.000,0.000
,1781.572,UPRIGHT,0.6473,0.0000,1.0000,245.2,-14.8,0.000,0.000,0.000,0.00,1.000,0.000
,1781.577,UPRIGHT,0.6473,0.0000,1.0000,245.2,-14.8,0.000,0.000,0.000,0.00,1.000,0.000
,1781.581,UPRIGHT,0.6473,0.0000,1.0000,245.2,-14.8,0.000,0.000,0.000,0.00,1.000,0.000
,1781.585,UPRIGHT,0.6473,0.0000,1.0000,245.2,-14.8,0.000,0.000,0.000,0.00,1.000,0.000
,1781.589,UPRIGHT,0.6473,0.0000,1.0000,245.2,-14.8,0.000,0.000,0.000,0.00,1.000,0.000
,1781.599,UPRIGHT,0.6473,0.0000,1.0000,245.2,-14.8,0.000,0.000,0.000,0.00,1.000,0.000
,1781.604,UPRIGHT,0.6473,0.0000,1.0000,245.2,-14.8,0.000,0.000,0.000,0.00,1.000,0.000
,1781.615,UPRIGHT,0.6473,0.0000,1.0000,245.2,-14.8,0.000,0.000,0.000,0.00,1.000,0.000
,1781.619,UPRIGHT,0.6389,0.0000,1.0000,255.5,-14.8,0.000,0.000,0.000,0.00,0.023,0.000
,1781.630,UPRIGHT,0.6389,0.0000,1.0000,255.5,-14.8,0.000,0.000,0.000,0.00,1.000,0.000
,1781.634,UPRIGHT,0.6389,0.0000,1.0000,255.5,-14.8,0.000,0.000,0.000,0.00,1.000,0.000
,1781.646,UPRIGHT,0.6389,0.0000,1.0000,255.5,-14.8,0.000,0.000,0.000,0.00,1.000,0.000
,1781.650,UPRIGHT,0.6389,0.0000,1.0000,255.5,-14.8,0.000,0.000,0.000,0.00,1.000,0.000
,1781.654,UPRIGHT,0.6389,0.0000,1.0000,255.5,-14.8,0.000,0.000,0.000,0.00,1.000,0.000
,1781.661,UPRIGHT,0.6389,0.0000,1.0000,255.5,-14.8,0.000,0.000,0.000,0.00,1.000,0.000
,1781.666,UPRIGHT,0.6389,0.0000,1.0000,255.5,-14.8,0.000,0.000,0.000,0.00,1.000,0.000
,1781.670,UPRIGHT,0.6389,0.0000,1.0000,255.5,-14.8,0.000,0.000,0.000,0.00,1.000,0.000
,1781.674,UPRIGHT,0.6389,0.0000,1.0000,255.5,-14.8,0.000,0.000,0.000,0.00,1.000,0.000
,1781.678,UPRIGHT,0.6124,0.0000,1.0000,270.8,-14.8,0.000,0.000,0.000,0.00,0.103,0.000
,1781.683,UPRIGHT,0.6124,0.0000,1.0000,270.8,-14.8,0.000,0.000,0.000,0.00,1.000,0.000
,1781.692,UPRIGHT,0.6124,0.0000,1.0000,270.8,-14.8,0.000,0.000,0.000,0.00,1.000,0.000
,1781.696,UPRIGHT,0.6124,0.0000,1.0000,270.8,-14.8,0.000,0.000,0.000,0.00,1.000,0.000
,1781.701,UPRIGHT,0.6124,0.0000,1.0000,270.8,-14.8,0.000,0.000,0.000,0.00,1.000,0.000
,1781.705,UPRIGHT,0.6124,0.0000,1.0000,270.8,-14.8,0.000,0.000,0.000,0.00,1.000,0.000
,1781.709,UPRIGHT,0.6124,0.0000,1.0000,270.8,-14.8,0.000,0.000,0.000,0.00,1.000,0.000
,1781.714,UPRIGHT,0.6124,0.0000,1.0000,270.8,-14.8,0.000,0.000,0.000,0.00,1.000,0.000
,1781.718,UPRIGHT,0.6124,0.0000,1.0000,270.8,-14.8,0.000,0.000,0.000,0.00,1.000,0.000
,1781.724,UPRIGHT,0.6124,0.0000,1.0000,270.8,-14.8,0.000,0.000,0.000,0.00,1.000,0.000
,1781.728,UPRIGHT,0.6124,0.0000,1.0000,270.8,-14.8,0.000,0.000,0.000,0.00,1.000,0.000
,1781.732,UPRIGHT,0.6124,0.0000,1.0000,270.8,-14.8,0.000,0.000,0.000,0.00,1.000,0.000
,1781.740,UPRIGHT,0.6124,0.0000,1.0000,270.8,-14.8,0.000,0.000,0.000,0.00,1.000,0.000
,1781.744,UPRIGHT,0.6124,0.0000,1.0000,270.8,-14.8,0.000,0.000,0.000,0.00,1.000,0.000
,1781.748,UPRIGHT,0.6124,0.0000,1.0000,270.8,-14.8,0.000,0.000,0.000,0.00,1.000,0.000
,1781.755,UPRIGHT,0.6124,0.0000,1.0000,270.8,-14.8,0.000,0.000,0.000,0.00,1.000,0.000
,1781.759,UPRIGHT,0.6124,0.0000,1.0000,270.8,-14.8,0.000,0.000,0.000,0.00,1.000,0.000
,1781.763,UPRIGHT,0.6124,0.0000,1.0000,270.8,-14.8,0.000,0.000,0.000,0.00,1.000,0.000
,1781.767,UPRIGHT,0.6124,0.0000,1.0000,270.8,-11.3,0.000,0.000,0.000,0.00,1.000,0.000
,1781.786,UPRIGHT,0.6124,0.0000,1.0000,270.8,-11.3,0.000,0.000,0.000,0.00,1.000,0.000
,1781.792,UPRIGHT,0.6124,0.0000,1.0000,270.8,-11.3,0.000,0.000,0.000,0.00,1.000,0.000
,1781.797,UPRIGHT,0.6124,0.0000,1.0000,270.8,-11.3,0.000,0.000,0.000,0.00,1.000,0.000
,1781.802,UPRIGHT,0.5908,0.0000,1.0000,312.8,-11.3,0.000,0.000,0.000,0.00,0.000,0.000
,1781.806,UPRIGHT,0.5908,0.0000,1.0000,312.8,-11.3,0.000,0.000,0.000,0.00,1.000,0.000
,1781.810,UPRIGHT,0.5908,0.0000,1.0000,312.8,-11.3,0.000,0.000,0.000,0.00,1.000,0.000
,1781.815,UPRIGHT,0.5908,0.0000,1.0000,312.8,-11.3,0.000,0.000,0.000,0.00,1.000,0.000
,1781.820,UPRIGHT,0.5908,0.0000,1.0000,312.8,-11.3,0.000,0.000,0.000,0.00,1.000,0.000
,1781.833,UPRIGHT,0.5908,0.0000,1.0000,312.8,-11.3,0.000,0.000,0.000,0.00,1.000,0.000
,1781.837,UPRIGHT,0.5908,0.0000,1.0000,312.8,-7.6,0.000,0.000,0.000,0.00,1.000,0.000
,1781.849,UPRIGHT,0.5908,0.0000,1.0000,312.8,-7.6,0.000,0.000,0.000,0.00,1.000,0.000
,1781.853,UPRIGHT,0.5908,0.0000,1.0000,312.8,-7.6,0.000,0.000,0.000,0.00,1.000,0.000
,1781.865,UPRIGHT,0.5908,0.0000,1.0000,312.8,-7.6,0.000,0.000,0.000,0.00,1.000,0.000
,1781.870,UPRIGHT,0.5573,0.0000,1.0000,324.0,-7.6,0.000,0.000,0.000,0.00,0.000,0.000
,1781.880,UPRIGHT,0.5573,0.0000,1.0000,324.0,-7.6,0.000,0.000,0.000,0.00,1.000,0.000
,1781.884,UPRIGHT,0.5573,0.0000,1.0000,324.0,-7.6,0.000,0.000,0.000,0.00,1.000,0.000
,1781.895,UPRIGHT,0.5573,0.0000,1.0000,324.0,-7.6,0.000,0.000,0.000,0.00,1.000,0.000
,1781.899,UPRIGHT,0.5573,0.0000,1.0000,324.0,-7.6,0.000,0.000,0.000,0.00,1.000,0.000
,1781.903,UPRIGHT,0.5573,0.0000,1.0000,324.0,-7.6,0.000,0.000,0.000,0.00,1.000,0.000
,1781.911,UPRIGHT,0.5573,0.0000,1.0000,324.0,-7.6,0.000,0.000,0.000,0.00,1.000,0.000
,1781.915,UPRIGHT,0.5573,0.0000,1.0000,324.0,-1.8,0.000,0.000,0.000,0.00,1.000,0.000
,1781.919,UPRIGHT,0.5573,0.0000,1.0000,324.0,4.0,0.000,0.000,0.000,0.00,1.000,0.000
,1781.926,UPRIGHT,0.5573,0.0000,1.0000,324.0,4.0,0.000,0.000,0.000,0.00,1.000,0.000
,1781.930,UPRIGHT,0.5511,0.0000,1.0000,324.0,4.0,0.000,0.000,0.000,0.00,0.000,0.000
,1781.934,UPRIGHT,0.5511,0.0000,1.0000,324.0,4.0,0.000,0.000,0.000,0.00,1.000,0.000
,1781.942,UPRIGHT,0.5511,0.0000,1.0000,324.0,4.0,0.000,0.000,0.000,0.00,1.000,0.000
,1781.957,UPRIGHT,0.5511,0.0000,1.0000,324.0,4.0,0.000,0.000,0.000,0.00,1.000,0.000
,1781.963,UPRIGHT,0.5511,0.0000,1.0000,324.0,4.0,0.000,0.000,0.000,0.00,1.000,0.000
,1781.968,UPRIGHT,0.5511,0.0000,1.0000,324.0,4.0,0.000,0.000,0.000,0.00,1.000,0.000
,1781.988,UPRIGHT,0.5511,0.0000,1.0000,324.0,4.0,0.000,0.000,0.000,0.00,1.000,0.000
,1781.994,UPRIGHT,0.4215,0.0000,1.0000,386.0,4.0,0.000,0.000,0.000,0.00,0.000,0.000
,1781.999,UPRIGHT,0.4215,0.0000,1.0000,386.0,4.0,0.000,0.000,0.000,0.00,1.000,0.000
,1782.004,UPRIGHT,0.4215,0.0000,1.0000,386.0,4.0,0.000,0.000,0.000,0.00,1.000,0.000
,1782.009,UPRIGHT,0.4215,0.0000,1.0000,386.0,4.0,0.000,0.000,0.000,0.00,1.000,0.000
,1782.013,UPRIGHT,0.4215,0.0000,1.0000,386.0,4.0,0.000,0.000,0.000,0.00,1.000,0.000
,1782.020,UPRIGHT,0.4215,0.0000,1.0000,386.0,4.0,0.000,0.000,0.000,0.00,1.000,0.000
,1782.024,UPRIGHT,0.4215,0.0000,1.0000,386.0,4.0,0.000,0.000,0.000,0.00,1.000,0.000
,1782.028,UPRIGHT,0.4215,0.0000,1.0000,386.0,4.0,0.000,0.000,0.000,0.00,1.000,0.000
,1782.032,UPRIGHT,0.4215,0.0000,1.0000,386.0,4.0,0.000,0.000,0.000,0.00,1.000,0.000
,1782.037,UPRIGHT,0.4215,0.0000,1.0000,386.0,4.0,0.000,0.000,0.000,0.00,1.000,0.000
,1782.050,UPRIGHT,0.4215,0.0000,1.0000,386.0,4.0,0.000,0.000,0.000,0.00,1.000,0.000
,1782.055,UPRIGHT,0.4215,0.0000,1.0000,386.0,25.8,0.000,0.000,0.000,0.00,1.000,0.000
,1782.059,UPRIGHT,0.4215,0.0000,1.0000,386.0,25.8,0.000,0.000,0.000,0.00,1.000,0.000
,1782.063,UPRIGHT,0.4215,0.0000,1.0000,386.0,25.8,0.000,0.000,0.000,0.00,1.000,0.000
,1782.082,UPRIGHT,0.4215,0.0000,1.0000,386.0,25.8,0.000,0.000,0.000,0.00,1.000,0.000
,1782.086,UPRIGHT,0.4215,0.0000,1.0000,386.0,25.8,0.000,0.000,0.000,0.00,1.000,0.000
,1782.098,UPRIGHT,0.4215,0.0000,1.0000,386.0,25.8,0.000,0.000,0.000,0.00,1.000,0.000
,1782.102,UPRIGHT,0.4215,0.0000,1.0000,386.0,25.8,0.000,0.000,0.000,0.00,1.000,0.000
,1782.107,UPRIGHT,0.4215,0.0000,1.0000,386.0,25.8,0.000,0.000,0.000,0.00,1.000,0.000
,1782.113,UPRIGHT,0.4215,0.0000,1.0000,386.0,25.8,0.000,0.000,0.000,0.00,1.000,0.000
,1782.118,UPRIGHT,0.4832,0.0000,1.0000,355.8,25.8,0.000,0.000,0.000,0.00,0.000,0.000
,1782.122,UPRIGHT,0.4832,0.0000,1.0000,355.8,25.8,0.000,0.000,0.000,0.00,1.000,0.000
,1782.129,UPRIGHT,0.4832,0.0000,1.0000,355.8,25.8,0.000,0.000,0.000,0.00,1.000,0.000
,1782.133,UPRIGHT,0.4832,0.0000,1.0000,355.8,25.8,0.000,0.000,0.000,0.00,1.000,0.000
,1782.137,UPRIGHT,0.4832,0.0000,1.0000,355.8,25.8,0.000,0.000,0.000,0.00,1.000,0.000
,1782.141,UPRIGHT,0.4832,0.0000,1.0000,355.8,25.8,0.000,0.000,0.000,0.00,1.000,0.000
,1782.160,UPRIGHT,0.4832,0.0000,1.0000,355.8,14.9,0.000,0.000,0.000,0.00,1.000,0.000
,1782.165,UPRIGHT,0.4832,0.0000,1.0000,355.8,14.9,0.000,0.000,0.000,0.00,1.000,0.000
,1782.169,UPRIGHT,0.4832,0.0000,1.0000,355.8,14.9,0.000,0.000,0.000,0.00,1.000,0.000
,1782.175,UPRIGHT,0.4832,0.0000,1.0000,355.8,14.9,0.000,0.000,0.000,0.00,1.000,0.000
,1782.181,UPRIGHT,0.4691,0.0000,1.0000,362.9,25.8,0.000,0.000,0.000,0.00,0.001,0.000
,1782.185,UPRIGHT,0.4691,0.0000,1.0000,362.9,25.8,0.000,0.000,0.000,0.00,1.000,0.000
,1782.191,UPRIGHT,0.4691,0.0000,1.0000,362.9,25.8,0.000,0.000,0.000,0.00,1.000,0.000
,1782.195,UPRIGHT,0.4691,0.0000,1.0000,362.9,25.8,0.000,0.000,0.000,0.00,1.000,0.000
,1782.199,UPRIGHT,0.4691,0.0000,1.0000,362.9,25.8,0.000,0.000,0.000,0.00,1.000,0.000
,1782.206,UPRIGHT,0.4691,0.0000,1.0000,362.9,25.8,0.000,0.000,0.000,0.00,1.000,0.000
,1782.210,UPRIGHT,0.4691,0.0000,1.0000,362.9,25.8,0.000,0.000,0.000,0.00,1.000,0.000
,1782.214,UPRIGHT,0.4691,0.0000,1.0000,362.9,46.0,0.000,0.000,0.000,0.00,1.000,0.000
,1782.222,UPRIGHT,0.4691,0.0000,1.0000,362.9,46.0,0.000,0.000,0.000,0.00,1.000,0.000
,1782.225,UPRIGHT,0.4691,0.0000,1.0000,362.9,46.0,0.000,0.000,0.000,0.00,1.000,0.000
,1782.230,UPRIGHT,0.4691,0.0000,1.0000,362.9,46.0,0.000,0.000,0.000,0.00,1.000,0.000
,1782.237,UPRIGHT,0.3946,0.0000,1.0000,412.4,46.0,0.000,0.000,0.000,0.00,0.000,0.000
,1782.241,UPRIGHT,0.3946,0.0000,1.0000,412.4,46.0,0.000,0.000,0.000,0.00,1.000,0.000
,1782.246,UPRIGHT,0.3946,0.0000,1.0000,412.4,46.0,0.000,0.000,0.000,0.00,1.000,0.000
,1782.250,UPRIGHT,0.3946,0.0000,1.0000,412.4,46.0,0.000,0.000,0.000,0.00,1.000,0.000
,1782.268,UPRIGHT,0.3946,0.0000,1.0000,412.4,46.0,0.000,0.000,0.000,0.00,1.000,0.000
,1782.273,UPRIGHT,0.3946,0.0000,1.0000,412.4,57.2,0.000,0.000,0.000,0.00,1.000,0.000
,1782.284,UPRIGHT,0.3946,0.0000,1.0000,412.4,57.2,0.000,0.000,0.000,0.00,1.000,0.000
,1782.288,UPRIGHT,0.3946,0.0000,1.0000,412.4,57.2,0.000,0.000,0.000,0.00,1.000,0.000
,1782.299,UPRIGHT,0.3946,0.0000,1.0000,412.4,57.2,0.000,0.000,0.000,0.00,1.000,0.000
,1782.303,UPRIGHT,0.4894,0.0000,1.0000,348.9,57.2,0.000,0.000,0.000,0.00,0.000,0.000
,1782.307,UPRIGHT,0.4894,0.0000,1.0000,348.9,57.2,0.000,0.000,0.000,0.00,1.000,0.000
,1782.314,UPRIGHT,0.4894,0.0000,1.0000,348.9,57.2,0.000,0.000,0.000,0.00,1.000,0.000
,1782.319,UPRIGHT,0.4894,0.0000,1.0000,348.9,57.2,0.000,0.000,0.000,0.00,1.000,0.000
,1782.322,UPRIGHT,0.4894,0.0000,1.0000,348.9,57.2,0.000,0.000,0.000,0.00,1.000,0.000
,1782.327,UPRIGHT,0.4894,0.0000,1.0000,348.9,57.2,0.000,0.000,0.000,0.00,1.000,0.000
,1782.331,UPRIGHT,0.4894,0.0000,1.0000,348.9,57.2,0.000,0.000,0.000,0.00,1.000,0.000
,1782.335,UPRIGHT,0.4894,0.0000,1.0000,348.9,57.2,0.000,0.000,0.000,0.00,1.000,0.000
,1782.345,UPRIGHT,0.4894,0.0000,1.0000,348.9,57.2,0.000,0.000,0.000,0.00,1.000,0.000
,1782.349,UPRIGHT,0.4894,0.0000,1.0000,348.9,57.2,0.000,0.000,0.000,0.00,1.000,0.000
,1782.353,UPRIGHT,0.4894,0.0000,1.0000,348.9,57.2,0.000,0.000,0.000,0.00,1.000,0.000
,1782.361,UPRIGHT,0.4894,0.0000,1.0000,348.9,57.2,0.000,0.000,0.000,0.00,1.000,0.000
,1782.365,UPRIGHT,0.4894,0.0000,1.0000,348.9,57.2,0.000,0.000,0.000,0.00,1.000,0.000
,1782.369,UPRIGHT,0.4894,0.0000,1.0000,348.9,57.2,0.000,0.000,0.000,0.00,1.000,0.000
,1782.374,UPRIGHT,0.4894,0.0000,1.0000,348.9,57.2,0.000,0.000,0.000,0.00,1.000,0.000
,1782.393,UPRIGHT,0.4894,0.0000,1.0000,348.9,57.2,0.000,0.000,0.000,0.00,1.000,0.000
,1782.399,UPRIGHT,0.4894,0.0000,1.0000,348.9,57.2,0.000,0.000,0.000,0.00,1.000,0.000
,1782.403,UPRIGHT,0.4894,0.0000,1.0000,348.9,57.2,0.000,0.000,0.000,0.00,1.000,0.000
,1782.424,UPRIGHT,0.5287,0.0000,1.0000,329.9,57.2,0.000,0.000,0.000,0.00,0.000,0.000
,1782.432,UPRIGHT,0.5287,0.0000,1.0000,329.9,57.2,0.000,0.000,0.000,0.00,1.000,0.000
,1782.438,UPRIGHT,0.5287,0.0000,1.0000,329.9,57.2,0.000,0.000,0.000,0.00,1.000,0.000
,1782.455,UPRIGHT,0.5287,0.0000,1.0000,329.9,57.2,0.000,0.000,0.000,0.00,1.000,0.000
,1782.459,UPRIGHT,0.5287,0.0000,1.0000,329.9,57.2,0.000,0.000,0.000,0.00,1.000,0.000
,1782.464,UPRIGHT,0.5287,0.0000,1.0000,329.9,57.2,0.000,0.000,0.000,0.00,1.000,0.000
,1782.468,UPRIGHT,0.5287,0.0000,1.0000,329.9,57.2,0.000,0.000,0.000,0.00,1.000,0.000
,1782.472,UPRIGHT,0.5287,0.0000,1.0000,329.9,57.2,0.000,0.000,0.000,0.00,1.000,0.000
,1782.476,UPRIGHT,0.5287,0.0000,1.0000,329.9,57.2,0.000,0.000,0.000,0.00,1.000,0.000
,1782.480,UPRIGHT,0.5287,0.0000,1.0000,329.9,57.2,0.000,0.000,0.000,0.00,1.000,0.000
,1782.485,UPRIGHT,0.5287,0.0000,1.0000,329.9,57.2,0.000,0.000,0.000,0.00,1.000,0.000
,1782.502,UPRIGHT,0.5366,0.0000,1.0000,329.9,57.2,0.000,0.000,0.000,0.00,0.000,0.000
,1782.508,UPRIGHT,0.5366,0.0000,1.0000,329.9,57.2,0.000,0.000,0.000,0.00,1.000,0.000
,1782.513,UPRIGHT,0.5366,0.0000,1.0000,329.9,57.2,0.000,0.000,0.000,0.00,1.000,0.000
,1782.517,UPRIGHT,0.5366,0.0000,1.0000,329.9,57.2,0.000,0.000,0.000,0.00,1.000,0.000
,1782.533,UPRIGHT,0.5366,0.0000,1.0000,329.9,57.2,0.000,0.000,0.000,0.00,1.000,0.000
,1782.538,UPRIGHT,0.5366,0.0000,1.0000,329.9,57.2,0.000,0.000,0.000,0.00,1.000,0.000
,1782.543,UPRIGHT,0.5366,0.0000,1.0000,329.9,57.2,0.000,0.000,0.000,0.00,1.000,0.000
,1782.547,UPRIGHT,0.5366,0.0000,1.0000,329.9,57.2,0.000,0.000,0.000,0.00,1.000,0.000
,1782.551,UPRIGHT,0.4449,0.0000,1.0000,394.4,57.2,0.000,0.000,0.000,0.00,0.000,0.000
,1782.564,UPRIGHT,0.4449,0.0000,1.0000,394.4,57.2,0.000,0.000,0.000,0.00,1.000,0.000
,1782.569,UPRIGHT,0.4449,0.0000,1.0000,394.4,57.2,0.000,0.000,0.000,0.00,1.000,0.000
,1782.580,UPRIGHT,0.4449,0.0000,1.0000,394.4,57.2,0.000,0.000,0.000,0.00,1.000,0.000
,1782.584,UPRIGHT,0.4449,0.0000,1.0000,394.4,57.2,0.000,0.000,0.000,0.00,1.000,0.000
,1782.595,UPRIGHT,0.4449,0.0000,1.0000,394.4,63.1,0.000,0.000,0.000,0.00,1.000,0.000
,1782.600,UPRIGHT,0.4449,0.0000,1.0000,394.4,63.1,0.000,0.000,0.000,0.00,1.000,0.000
,1782.611,UPRIGHT,0.4449,0.0000,1.0000,394.4,63.1,0.000,0.000,0.000,0.00,1.000,0.000
,1782.616,UPRIGHT,0.4449,0.0000,1.0000,394.4,63.1,0.000,0.000,0.000,0.00,1.000,0.000
,1782.620,UPRIGHT,0.4449,0.0000,1.0000,394.4,63.1,0.000,0.000,0.000,0.00,1.000,0.000
,1782.627,UPRIGHT,0.4449,0.0000,1.0000,394.4,63.1,0.000,0.000,0.000,0.00,1.000,0.000
,1782.631,UPRIGHT,0.4449,0.0000,1.0000,394.4,63.1,0.000,0.000,0.000,0.00,1.000,0.000
,1782.636,UPRIGHT,0.4449,0.0000,1.0000,394.4,63.1,0.000,0.000,0.000,0.00,1.000,0.000
,1782.640,UPRIGHT,0.4449,0.0000,1.0000,394.4,63.1,0.000,0.000,0.000,0.00,1.000,0.000
,1782.658,UPRIGHT,0.4449,0.0000,1.0000,394.4,63.1,0.000,0.000,0.000,0.00,1.000,0.000
,1782.664,UPRIGHT,0.4449,0.0000,1.0000,394.4,63.1,0.000,0.000,0.000,0.00,1.000,0.000
,1782.673,UPRIGHT,0.5904,0.0000,1.0000,235.6,63.1,0.000,0.000,0.000,0.00,0.000,0.000
,1782.677,UPRIGHT,0.5904,0.0000,1.0000,235.6,63.1,0.000,0.000,0.000,0.00,1.000,0.000
,1782.682,UPRIGHT,0.5904,0.0000,1.0000,235.6,63.1,0.000,0.000,0.000,0.00,1.000,0.000
,1782.688,UPRIGHT,0.5904,0.0000,1.0000,235.6,63.1,0.000,0.000,0.000,0.00,1.000,0.000
,1782.704,UPRIGHT,0.5904,0.0000,1.0000,235.6,63.1,0.000,0.000,0.000,0.00,1.000,0.000
,1782.711,UPRIGHT,0.5904,0.0000,1.0000,235.6,63.1,0.000,0.000,0.000,0.00,1.000,0.000
,1782.716,UPRIGHT,0.5904,0.0000,1.0000,235.6,63.1,0.000,0.000,0.000,0.00,1.000,0.000
,1782.736,UPRIGHT,0.5904,0.0000,1.0000,235.6,63.1,0.000,0.000,0.000,0.00,1.000,0.000
,1782.743,UPRIGHT,0.6953,0.0000,1.0000,245.2,63.1,0.000,0.000,0.000,0.00,0.000,0.000
,1782.748,UPRIGHT,0.6953,0.0000,1.0000,245.2,63.1,0.000,0.000,0.000,0.00,1.000,0.000
,1782.766,UPRIGHT,0.6953,0.0000,1.0000,245.2,63.1,0.000,0.000,0.000,0.00,1.000,0.000
,1782.773,UPRIGHT,0.6953,0.0000,1.0000,245.2,63.1,0.000,0.000,0.000,0.00,1.000,0.000
,1782.778,UPRIGHT,0.6953,0.0000,1.0000,245.2,63.1,0.000,0.000,0.000,0.00,1.000,0.000
,1782.783,UPRIGHT,0.6953,0.0000,1.0000,245.2,63.1,0.000,0.000,0.000,0.00,1.000,0.000
,1782.787,UPRIGHT,0.6953,0.0000,1.0000,245.2,63.1,0.000,0.000,0.000,0.00,1.000,0.000
,1782.798,UPRIGHT,0.6764,0.0000,1.0000,245.2,63.1,0.000,0.000,0.000,0.00,0.272,0.000
,1782.802,UPRIGHT,0.6764,0.0000,1.0000,245.2,63.1,0.000,0.000,0.000,0.00,1.000,0.000
,1782.806,UPRIGHT,0.6764,0.0000,1.0000,245.2,63.1,0.000,0.000,0.000,0.00,1.000,0.000
,1782.813,UPRIGHT,0.6764,0.0000,1.0000,245.2,63.1,0.000,0.000,0.000,0.00,1.000,0.000
,1782.818,UPRIGHT,0.6764,0.0000,1.0000,245.2,63.1,0.000,0.000,0.000,0.00,1.000,0.000
,1782.822,UPRIGHT,0.6764,0.0000,1.0000,245.2,63.1,0.000,0.000,0.000,0.00,1.000,0.000
,1782.829,UPRIGHT,0.6764,0.0000,1.0000,245.2,63.1,0.000,0.000,0.000,0.00,1.000,0.000
,1782.833,UPRIGHT,0.6764,0.0000,1.0000,245.2,63.1,0.000,0.000,0.000,0.00,1.000,0.000
,1782.838,UPRIGHT,0.6764,0.0000,1.0000,245.2,63.1,0.000,0.000,0.000,0.00,1.000,0.000
,1782.842,UPRIGHT,0.6764,0.0000,1.0000,245.2,63.1,0.000,0.000,0.000,0.00,1.000,0.000
,1782.847,UPRIGHT,0.6764,0.0000,1.0000,245.2,63.1,0.000,0.000,0.000,0.00,1.000,0.000
,1782.851,UPRIGHT,0.6764,0.0000,1.0000,245.2,63.1,0.000,0.000,0.000,0.00,1.000,0.000
,1782.860,UPRIGHT,0.6764,0.0000,1.0000,245.2,63.1,0.000,0.000,0.000,0.00,1.000,0.000
,1782.864,UPRIGHT,0.6764,0.0000,1.0000,245.2,63.1,0.000,0.000,0.000,0.00,1.000,0.000
,1782.868,UPRIGHT,0.6764,0.0000,1.0000,245.2,63.1,0.000,0.000,0.000,0.00,1.000,0.000
,1782.875,UPRIGHT,0.6764,0.0000,1.0000,245.2,63.1,0.000,0.000,0.000,0.00,1.000,0.000
,1782.879,UPRIGHT,0.6764,0.0000,1.0000,245.2,63.1,0.000,0.000,0.000,0.00,1.000,0.000
,1782.883,UPRIGHT,0.6764,0.0000,1.0000,245.2,63.1,0.000,0.000,0.000,0.00,1.000,0.000
,1782.891,UPRIGHT,0.6764,0.0000,1.0000,245.2,63.1,0.000,0.000,0.000,0.00,1.000,0.000
,1782.906,UPRIGHT,0.6764,0.0000,1.0000,245.2,63.1,0.000,0.000,0.000,0.00,1.000,0.000
,1782.912,UPRIGHT,0.6764,0.0000,1.0000,245.2,63.1,0.000,0.000,0.000,0.00,1.000,0.000
,1782.917,UPRIGHT,0.6764,0.0000,1.0000,245.2,63.1,0.000,0.000,0.000,0.00,1.000,0.000
,1782.937,UPRIGHT,0.6689,0.0000,1.0000,259.2,63.1,0.000,0.000,0.000,0.00,0.000,0.000
,1782.944,UPRIGHT,0.6689,0.0000,1.0000,259.2,63.1,0.000,0.000,0.000,0.00,1.000,0.000
,1782.950,UPRIGHT,0.6689,0.0000,1.0000,259.2,63.1,0.000,0.000,0.000,0.00,1.000,0.000
,1782.968,UPRIGHT,0.6689,0.0000,1.0000,259.2,63.1,0.000,0.000,0.000,0.00,1.000,0.000
,1782.975,UPRIGHT,0.6689,0.0000,1.0000,259.2,63.1,0.000,0.000,0.000,0.00,1.000,0.000
,1782.981,UPRIGHT,0.6689,0.0000,1.0000,259.2,63.1,0.000,0.000,0.000,0.00,1.000,0.000
,1782.999,UPRIGHT,0.4246,0.0000,0.8537,274.9,63.1,0.000,0.000,0.000,0.00,0.000,0.000
,1783.004,UPRIGHT,0.4246,0.0000,0.8537,274.9,63.1,0.000,0.000,0.000,0.00,1.000,0.000
,1783.015,UPRIGHT,0.4246,0.0000,0.8537,274.9,63.1,0.000,0.000,0.000,0.00,1.000,0.000
,1783.020,UPRIGHT,0.4246,0.0000,0.8537,274.9,63.1,0.000,0.000,0.000,0.00,1.000,0.000
,1783.030,UPRIGHT,0.4246,0.0000,0.8537,274.9,63.1,0.000,0.000,0.000,0.00,1.000,0.000
,1783.034,UPRIGHT,0.4246,0.0000,0.8537,274.9,63.1,0.000,0.000,0.000,0.00,1.000,0.000
,1783.046,UPRIGHT,0.6834,0.0000,1.0000,252.0,63.1,0.000,0.000,0.000,0.00,0.000,0.000
,1783.051,UPRIGHT,0.6834,0.0000,1.0000,252.0,63.1,0.000,0.000,0.000,0.00,1.000,0.000
,1783.061,UPRIGHT,0.6834,0.0000,1.0000,252.0,63.1,0.000,0.000,0.000,0.00,1.000,0.000
,1783.066,UPRIGHT,0.6834,0.0000,1.0000,252.0,63.1,0.000,0.000,0.000,0.00,1.000,0.000
,1783.070,UPRIGHT,0.6834,0.0000,1.0000,252.0,63.1,0.000,0.000,0.000,0.00,1.000,0.000
,1783.077,UPRIGHT,0.6834,0.0000,1.0000,252.0,63.1,0.000,0.000,0.000,0.00,1.000,0.000
,1783.082,UPRIGHT,0.6834,0.0000,1.0000,252.0,63.1,0.000,0.000,0.000,0.00,1.000,0.000
,1783.093,UPRIGHT,0.6834,0.0000,1.0000,252.0,63.1,0.000,0.000,0.000,0.00,1.000,0.000
,1783.098,UPRIGHT,0.6834,0.0000,1.0000,252.0,63.1,0.000,0.000,0.000,0.00,1.000,0.000
,1783.102,UPRIGHT,0.6834,0.0000,1.0000,252.0,63.1,0.000,0.000,0.000,0.00,1.000,0.000
,1783.109,UPRIGHT,0.6041,0.0000,1.0000,302.4,63.1,0.000,0.000,0.000,0.00,0.000,0.000
,1783.113,UPRIGHT,0.6041,0.0000,1.0000,302.4,63.1,0.000,0.000,0.000,0.00,1.000,0.000
,1783.117,UPRIGHT,0.6041,0.0000,1.0000,302.4,63.1,0.000,0.000,0.000,0.00,1.000,0.000
,1783.121,UPRIGHT,0.6041,0.0000,1.0000,302.4,63.1,0.000,0.000,0.000,0.00,1.000,0.000
,1783.126,UPRIGHT,0.6041,0.0000,1.0000,302.4,63.1,0.000,0.000,0.000,0.00,1.000,0.000
,1783.139,UPRIGHT,0.6041,0.0000,1.0000,302.4,63.1,0.000,0.000,0.000,0.00,1.000,0.000
,1783.144,UPRIGHT,0.6041,0.0000,1.0000,302.4,63.1,0.000,0.000,0.000,0.00,1.000,0.000
,1783.148,UPRIGHT,0.6041,0.0000,1.0000,302.4,63.1,0.000,0.000,0.000,0.00,1.000,0.000
,1783.152,UPRIGHT,0.6041,0.0000,1.0000,302.4,63.1,0.000,0.000,0.000,0.00,1.000,0.000
,1783.156,UPRIGHT,0.6041,0.0000,1.0000,302.4,63.1,0.000,0.000,0.000,0.00,1.000,0.000
,1783.160,UPRIGHT,0.6041,0.0000,1.0000,302.4,63.1,0.000,0.000,0.000,0.00,1.000,0.000
,1783.165,UPRIGHT,0.6041,0.0000,1.0000,302.4,63.1,0.000,0.000,0.000,0.00,1.000,0.000
,1783.169,UPRIGHT,0.6041,0.0000,1.0000,302.4,63.1,0.000,0.000,0.000,0.00,1.000,0.000
,1783.173,UPRIGHT,0.6041,0.0000,1.0000,302.4,63.1,0.000,0.000,0.000,0.00,1.000,0.000
,1783.186,UPRIGHT,0.6041,0.0000,1.0000,302.4,63.1,0.000,0.000,0.000,0.00,1.000,0.000
,1783.190,UPRIGHT,0.6041,0.0000,1.0000,302.4,63.1,0.000,0.000,0.000,0.00,1.000,0.000
,1783.202,UPRIGHT,0.6041,0.0000,1.0000,302.4,63.1,0.000,0.000,0.000,0.00,1.000,0.000
,1783.206,UPRIGHT,0.6041,0.0000,1.0000,302.4,63.1,0.000,0.000,0.000,0.00,1.000,0.000
,1783.217,UPRIGHT,0.6041,0.0000,1.0000,302.4,63.1,0.000,0.000,0.000,0.00,1.000,0.000
,1783.221,UPRIGHT,0.6041,0.0000,1.0000,302.4,63.1,0.000,0.000,0.000,0.00,1.000,0.000
,1783.232,UPRIGHT,0.6041,0.0000,1.0000,302.4,63.1,0.000,0.000,0.000,0.00,1.000,0.000
,1783.237,UPRIGHT,0.6852,0.0000,1.0000,252.0,63.1,0.000,0.000,0.000,0.00,0.000,0.000
,1783.241,UPRIGHT,0.6852,0.0000,1.0000,252.0,63.1,0.000,0.000,0.000,0.00,1.000,0.000
,1783.248,UPRIGHT,0.6852,0.0000,1.0000,252.0,63.1,0.000,0.000,0.000,0.00,1.000,0.000
,1783.252,UPRIGHT,0.6852,0.0000,1.0000,252.0,63.1,0.000,0.000,0.000,0.00,1.000,0.000
,1783.256,UPRIGHT,0.6852,0.0000,1.0000,252.0,63.1,0.000,0.000,0.000,0.00,1.000,0.000
,1783.263,UPRIGHT,0.6852,0.0000,1.0000,252.0,63.1,0.000,0.000,0.000,0.00,1.000,0.000
,1783.267,UPRIGHT,0.6852,0.0000,1.0000,252.0,63.1,0.000,0.000,0.000,0.00,1.000,0.000
,1783.272,UPRIGHT,0.6852,0.0000,1.0000,252.0,63.1,0.000,0.000,0.000,0.00,1.000,0.000
,1783.278,UPRIGHT,0.6852,0.0000,1.0000,252.0,49.3,0.000,0.000,0.000,0.00,1.000,0.000
,1783.283,UPRIGHT,0.6852,0.0000,1.0000,252.0,35.6,0.000,0.000,0.000,0.00,1.000,0.000
,1783.287,UPRIGHT,0.6852,0.0000,1.0000,252.0,35.6,0.000,0.000,0.000,0.00,1.000,0.000
,1783.294,UPRIGHT,0.6878,0.0000,1.0000,252.0,35.6,0.000,0.000,0.000,0.00,0.721,0.000
,1783.298,UPRIGHT,0.6878,0.0000,1.0000,252.0,35.6,0.000,0.000,0.000,0.00,1.000,0.000
,1783.302,UPRIGHT,0.6878,0.0000,1.0000,252.0,35.6,0.000,0.000,0.000,0.00,1.000,0.000
,1783.309,UPRIGHT,0.6878,0.0000,1.0000,252.0,35.6,0.000,0.000,0.000,0.00,1.000,0.000
,1783.314,UPRIGHT,0.6878,0.0000,1.0000,252.0,35.6,0.000,0.000,0.000,0.00,1.000,0.000
,1783.319,UPRIGHT,0.6878,0.0000,1.0000,252.0,35.6,0.000,0.000,0.000,0.00,1.000,0.000
,1783.325,UPRIGHT,0.6878,0.0000,1.0000,252.0,35.6,0.000,0.000,0.000,0.00,1.000,0.000
,1783.331,UPRIGHT,0.6878,0.0000,1.0000,252.0,35.6,0.000,0.000,0.000,0.00,1.000,0.000
,1783.335,UPRIGHT,0.6878,0.0000,1.0000,252.0,35.6,0.000,0.000,0.000,0.00,1.000,0.000
,1783.341,UPRIGHT,0.6878,0.0000,1.0000,252.0,35.6,0.000,0.000,0.000,0.00,1.000,0.000
,1783.345,UPRIGHT,0.6878,0.0000,1.0000,252.0,35.6,0.000,0.000,0.000,0.00,1.000,0.000
,1783.349,UPRIGHT,0.6878,0.0000,1.0000,252.0,35.6,0.000,0.000,0.000,0.00,1.000,0.000
,1783.357,UPRIGHT,0.6878,0.0000,1.0000,252.0,35.6,0.000,0.000,0.000,0.00,0.809,0.000
,1783.361,UPRIGHT,0.6878,0.0000,1.0000,252.0,35.6,0.000,0.000,0.000,0.00,1.000,0.000
,1783.365,UPRIGHT,0.6878,0.0000,1.0000,252.0,35.6,0.000,0.000,0.000,0.00,1.000,0.000
,1783.372,UPRIGHT,0.6878,0.0000,1.0000,252.0,35.6,0.000,0.000,0.000,0.00,1.000,0.000
,1783.376,UPRIGHT,0.6878,0.0000,1.0000,252.0,35.6,0.000,0.000,0.000,0.00,1.000,0.000
,1783.380,UPRIGHT,0.6878,0.0000,1.0000,252.0,35.6,0.000,0.000,0.000,0.00,1.000,0.000
,1783.387,UPRIGHT,0.6878,0.0000,1.0000,252.0,35.6,0.000,0.000,0.000,0.00,1.000,0.000
,1783.391,UPRIGHT,0.6878,0.0000,1.0000,252.0,35.6,0.000,0.000,0.000,0.00,1.000,0.000
,1783.403,UPRIGHT,0.6878,0.0000,1.0000,252.0,8.1,0.000,0.000,0.000,0.00,1.000,0.000
,1783.408,UPRIGHT,0.6878,0.0000,1.0000,252.0,8.1,0.000,0.000,0.000,0.00,1.000,0.000
,1783.412,UPRIGHT,0.6878,0.0000,1.0000,252.0,8.1,0.000,0.000,0.000,0.00,1.000,0.000
,1783.416,UPRIGHT,0.6878,0.0000,1.0000,252.0,8.1,0.000,0.000,0.000,0.00,1.000,0.000
,1783.434,UPRIGHT,0.4259,0.0000,0.8537,279.1,8.1,0.000,0.000,0.000,0.00,0.000,0.000
,1783.440,UPRIGHT,0.4259,0.0000,0.8537,279.1,8.1,0.000,0.000,0.000,0.00,1.000,0.000
,1783.450,UPRIGHT,0.4259,0.0000,0.8537,279.1,8.1,0.000,0.000,0.000,0.00,1.000,0.000
,1783.454,UPRIGHT,0.4259,0.0000,0.8537,279.1,8.1,0.000,0.000,0.000,0.00,1.000,0.000
,1783.465,UPRIGHT,0.4259,0.0000,0.8537,279.1,8.1,0.000,0.000,0.000,0.00,1.000,0.000
,1783.470,UPRIGHT,0.4259,0.0000,0.8537,279.1,8.1,0.000,0.000,0.000,0.00,1.000,0.000
,1783.474,UPRIGHT,0.4259,0.0000,0.8537,279.1,8.1,0.000,0.000,0.000,0.00,1.000,0.000
,1783.478,UPRIGHT,0.4259,0.0000,0.8537,279.1,8.1,0.000,0.000,0.000,0.00,1.000,0.000
,1783.482,UPRIGHT,0.4259,0.0000,0.8537,279.1,8.1,0.000,0.000,0.000,0.00,1.000,0.000
,1783.497,UPRIGHT,0.4259,0.0000,0.8537,279.1,8.1,0.000,0.000,0.000,0.00,1.000,0.000
,1783.501,UPRIGHT,0.4259,0.0000,0.8537,279.1,8.1,0.000,0.000,0.000,0.00,1.000,0.000
,1783.513,UPRIGHT,0.4259,0.0000,0.8537,279.1,8.1,0.000,0.000,0.000,0.00,1.000,0.000
,1783.518,UPRIGHT,0.4259,0.0000,0.8537,279.1,8.1,0.000,0.000,0.000,0.00,1.000,0.000
,1783.523,UPRIGHT,0.4259,0.0000,0.8537,279.1,8.1,0.000,0.000,0.000,0.00,1.000,0.000
,1783.527,UPRIGHT,0.4259,0.0000,0.8537,279.1,8.1,0.000,0.000,0.000,0.00,1.000,0.000
,1783.531,UPRIGHT,0.4259,0.0000,0.8537,279.1,8.1,0.000,0.000,0.000,0.00,1.000,0.000
,1783.535,UPRIGHT,0.4259,0.0000,0.8537,279.1,8.1,0.000,0.000,0.000,0.00,1.000,0.000
,1783.539,UPRIGHT,0.4259,0.0000,0.8537,279.1,8.1,0.000,0.000,0.000,0.00,1.000,0.000
,1783.560,UPRIGHT,0.6107,0.0000,1.0000,292.6,0.2,0.000,0.000,0.000,0.00,0.000,0.000
,1783.564,UPRIGHT,0.6107,0.0000,1.0000,292.6,0.2,0.000,0.000,0.000,0.00,1.000,0.000
,1783.575,UPRIGHT,0.6107,0.0000,1.0000,292.6,-7.6,0.000,0.000,0.000,0.00,1.000,0.000
,1783.580,UPRIGHT,0.6107,0.0000,1.0000,292.6,-7.6,0.000,0.000,0.000,0.00,1.000,0.000
,1783.584,UPRIGHT,0.6107,0.0000,1.0000,292.6,0.2,0.000,0.000,0.000,0.00,1.000,0.000
,1783.588,UPRIGHT,0.6107,0.0000,1.0000,292.6,8.1,0.000,0.000,0.000,0.00,1.000,0.000
,1783.606,UPRIGHT,0.6107,0.0000,1.0000,292.6,-7.6,0.000,0.000,0.000,0.00,1.000,0.000
,1783.612,UPRIGHT,0.6296,0.0000,1.0000,292.6,0.2,0.000,0.000,0.000,0.00,0.000,0.000
,1783.618,UPRIGHT,0.6296,0.0000,1.0000,292.6,8.1,0.000,0.000,0.000,0.00,1.000,0.000
,1783.637,UPRIGHT,0.6296,0.0000,1.0000,292.6,0.2,0.000,0.000,0.000,0.00,1.000,0.000
,1783.642,UPRIGHT,0.6296,0.0000,1.0000,292.6,0.2,0.000,0.000,0.000,0.00,1.000,0.000
,1783.647,UPRIGHT,0.6296,0.0000,1.0000,292.6,8.1,0.000,0.000,0.000,0.00,1.000,0.000
,1783.668,UPRIGHT,0.6296,0.0000,1.0000,292.6,-7.6,0.000,0.000,0.000,0.00,1.000,0.000
,1783.676,UPRIGHT,0.6340,0.0000,1.0000,292.6,-7.6,0.000,0.000,0.000,0.00,0.118,0.000
,1783.682,UPRIGHT,0.6340,0.0000,1.0000,292.6,-7.6,0.000,0.000,0.000,0.00,1.000,0.000
,1783.699,UPRIGHT,0.6340,0.0000,1.0000,292.6,-7.6,0.000,0.000,0.000,0.00,1.000,0.000
,1783.705,UPRIGHT,0.6340,0.0000,1.0000,292.6,-7.6,0.000,0.000,0.000,0.00,1.000,0.000
,1783.710,UPRIGHT,0.6340,0.0000,1.0000,292.6,-7.6,0.000,0.000,0.000,0.00,1.000,0.000
,1783.715,UPRIGHT,0.6340,0.0000,1.0000,292.6,-7.6,0.000,0.000,0.000,0.00,1.000,0.000
,1783.719,UPRIGHT,0.6340,0.0000,1.0000,292.6,-7.6,0.000,0.000,0.000,0.00,1.000,0.000
,1783.731,UPRIGHT,0.6340,0.0000,1.0000,292.6,-7.6,0.000,0.000,0.000,0.00,1.000,0.000
,1783.735,UPRIGHT,0.6340,0.0000,1.0000,292.6,-7.6,0.000,0.000,0.000,0.00,1.000,0.000
,1783.739,UPRIGHT,0.6340,0.0000,1.0000,292.6,-7.6,0.000,0.000,0.000,0.00,1.000,0.000
,1783.746,UPRIGHT,0.6340,0.0000,1.0000,292.6,-7.6,0.000,0.000,0.000,0.00,1.000,0.000
,1783.750,UPRIGHT,0.6340,0.0000,1.0000,292.6,-7.6,0.000,0.000,0.000,0.00,1.000,0.000
,1783.762,UPRIGHT,0.6340,0.0000,1.0000,292.6,-7.6,0.000,0.000,0.000,0.00,1.000,0.000
,1783.767,UPRIGHT,0.6340,0.0000,1.0000,292.6,-7.6,0.000,0.000,0.000,0.00,1.000,0.000
,1783.771,UPRIGHT,0.6340,0.0000,1.0000,292.6,-7.6,0.000,0.000,0.000,0.00,1.000,0.000
,1783.775,UPRIGHT,0.6340,0.0000,1.0000,292.6,-7.6,0.000,0.000,0.000,0.00,1.000,0.000
,1783.779,UPRIGHT,0.6340,0.0000,1.0000,292.6,0.2,0.000,0.000,0.000,0.00,1.000,0.000
,1783.793,UPRIGHT,0.6340,0.0000,1.0000,292.6,-7.6,0.000,0.000,0.000,0.00,1.000,0.000
,1783.799,UPRIGHT,0.6354,0.0000,1.0000,292.6,-7.6,0.000,0.000,0.000,0.00,0.449,0.000
,1783.810,UPRIGHT,0.6354,0.0000,1.0000,292.6,-7.6,0.000,0.000,0.000,0.00,1.000,0.000
,1783.815,UPRIGHT,0.6354,0.0000,1.0000,292.6,-7.6,0.000,0.000,0.000,0.00,1.000,0.000
,1783.825,UPRIGHT,0.6354,0.0000,1.0000,292.6,-7.6,0.000,0.000,0.000,0.00,1.000,0.000
,1783.830,UPRIGHT,0.6354,0.0000,1.0000,292.6,-7.6,0.000,0.000,0.000,0.00,1.000,0.000
,1783.834,UPRIGHT,0.6354,0.0000,1.0000,292.6,-7.6,0.000,0.000,0.000,0.00,1.000,0.000
,1783.838,UPRIGHT,0.6354,0.0000,1.0000,292.6,-7.6,0.000,0.000,0.000,0.00,1.000,0.000
,1783.843,UPRIGHT,0.6354,0.0000,1.0000,292.6,-7.6,0.000,0.000,0.000,0.00,1.000,0.000
,1783.847,UPRIGHT,0.6354,0.0000,1.0000,292.6,-7.6,0.000,0.000,0.000,0.00,1.000,0.000
,1783.852,UPRIGHT,0.6354,0.0000,1.0000,292.6,0.2,0.000,0.000,0.000,0.00,1.000,0.000
,1783.871,UPRIGHT,0.6318,0.0000,1.0000,283.5,-7.6,0.000,0.000,0.000,0.00,0.603,0.000
,1783.875,UPRIGHT,0.6318,0.0000,1.0000,283.5,8.1,0.000,0.000,0.000,0.00,1.000,0.000
,1783.879,UPRIGHT,0.6318,0.0000,1.0000,283.5,8.1,0.000,0.000,0.000,0.00,1.000,0.000
,1783.885,UPRIGHT,0.6318,0.0000,1.0000,283.5,8.1,0.000,0.000,0.000,0.00,1.000,0.000
,1783.901,UPRIGHT,0.6318,0.0000,1.0000,283.5,8.1,0.000,0.000,0.000,0.00,1.000,0.000
,1783.907,UPRIGHT,0.6318,0.0000,1.0000,283.5,8.1,0.000,0.000,0.000,0.00,1.000,0.000
,1783.912,UPRIGHT,0.6318,0.0000,1.0000,283.5,8.1,0.000,0.000,0.000,0.00,1.000,0.000
,1783.916,UPRIGHT,0.6318,0.0000,1.0000,283.5,10.2,0.000,0.000,0.000,0.00,1.000,0.000
,1783.920,UPRIGHT,0.6451,0.0000,1.0000,270.8,10.2,0.000,0.000,0.000,0.00,0.486,0.000
,1783.932,UPRIGHT,0.6451,0.0000,1.0000,270.8,8.1,0.000,0.000,0.000,0.00,1.000,0.000
,1783.937,UPRIGHT,0.6451,0.0000,1.0000,270.8,8.1,0.000,0.000,0.000,0.00,1.000,0.000
,1783.941,UPRIGHT,0.6451,0.0000,1.0000,270.8,8.1,0.000,0.000,0.000,0.00,1.000,0.000
,1783.947,UPRIGHT,0.6451,0.0000,1.0000,270.8,8.1,0.000,0.000,0.000,0.00,1.000,0.000
,1783.951,UPRIGHT,0.6451,0.0000,1.0000,270.8,8.1,0.000,0.000,0.000,0.00,1.000,0.000
,1783.963,UPRIGHT,0.6451,0.0000,1.0000,270.8,8.1,0.000,0.000,0.000,0.00,1.000,0.000
,1783.968,UPRIGHT,0.6451,0.0000,1.0000,270.8,8.1,0.000,0.000,0.000,0.00,1.000,0.000
,1783.979,UPRIGHT,0.6451,0.0000,1.0000,270.8,8.1,0.000,0.000,0.000,0.00,1.000,0.000
,1783.984,UPRIGHT,0.6451,0.0000,1.0000,270.8,8.1,0.000,0.000,0.000,0.00,1.000,0.000
,1783.994,UPRIGHT,0.6451,0.0000,1.0000,270.8,8.1,0.000,0.000,0.000,0.00,1.000,0.000
,1783.999,UPRIGHT,0.6451,0.0000,1.0000,270.8,8.1,0.000,0.000,0.000,0.00,1.000,0.000
,1784.003,UPRIGHT,0.6451,0.0000,1.0000,270.8,8.1,0.000,0.000,0.000,0.00,1.000,0.000
,1784.009,UPRIGHT,0.6451,0.0000,1.0000,270.8,8.1,0.000,0.000,0.000,0.00,1.000,0.000
,1784.014,UPRIGHT,0.6451,0.0000,1.0000,270.8,8.1,0.000,0.000,0.000,0.00,1.000,0.000
,1784.018,UPRIGHT,0.6451,0.0000,1.0000,270.8,8.1,0.000,0.000,0.000,0.00,1.000,0.000
,1784.025,UPRIGHT,0.6451,0.0000,1.0000,270.8,8.1,0.000,0.000,0.000,0.00,1.000,0.000
,1784.029,UPRIGHT,0.6451,0.0000,1.0000,270.8,8.1,0.000,0.000,0.000,0.00,1.000,0.000
,1784.033,UPRIGHT,0.6451,0.0000,1.0000,270.8,8.1,0.000,0.000,0.000,0.00,1.000,0.000
,1784.037,UPRIGHT,0.6451,0.0000,1.0000,270.8,8.1,0.000,0.000,0.000,0.00,1.000,0.000
,1784.041,UPRIGHT,0.6221,0.0000,1.0000,288.0,8.1,0.000,0.000,0.000,0.00,0.412,0.000
,1784.045,UPRIGHT,0.6221,0.0000,1.0000,288.0,12.3,0.000,0.000,0.000,0.00,1.000,0.000
,1784.050,UPRIGHT,0.6221,0.0000,1.0000,288.0,12.3,0.000,0.000,0.000,0.00,1.000,0.000
,1784.056,UPRIGHT,0.6221,0.0000,1.0000,288.0,12.3,0.000,0.000,0.000,0.00,1.000,0.000
,1784.060,UPRIGHT,0.6221,0.0000,1.0000,288.0,12.3,0.000,0.000,0.000,0.00,1.000,0.000
,1784.065,UPRIGHT,0.6221,0.0000,1.0000,288.0,12.3,0.000,0.000,0.000,0.00,1.000,0.000
,1784.069,UPRIGHT,0.6221,0.0000,1.0000,288.0,12.3,0.000,0.000,0.000,0.00,1.000,0.000
,1784.073,UPRIGHT,0.6221,0.0000,1.0000,288.0,12.3,0.000,0.000,0.000,0.00,1.000,0.000
,1784.077,UPRIGHT,0.6221,0.0000,1.0000,288.0,12.3,0.000,0.000,0.000,0.00,1.000,0.000
,1784.082,UPRIGHT,0.6221,0.0000,1.0000,288.0,12.3,0.000,0.000,0.000,0.00,1.000,0.000
,1784.087,UPRIGHT,0.6221,0.0000,1.0000,288.0,12.3,0.000,0.000,0.000,0.00,1.000,0.000
,1784.091,UPRIGHT,0.6221,0.0000,1.0000,288.0,12.3,0.000,0.000,0.000,0.00,1.000,0.000
,1784.103,UPRIGHT,0.6376,0.0000,1.0000,292.6,12.3,0.000,0.000,0.000,0.00,0.434,0.000
,1784.107,UPRIGHT,0.6376,0.0000,1.0000,292.6,12.3,0.000,0.000,0.000,0.00,1.000,0.000
,1784.118,UPRIGHT,0.6376,0.0000,1.0000,292.6,12.3,0.000,0.000,0.000,0.00,1.000,0.000
,1784.123,UPRIGHT,0.6376,0.0000,1.0000,292.6,12.3,0.000,0.000,0.000,0.00,1.000,0.000
,1784.127,UPRIGHT,0.6376,0.0000,1.0000,292.6,12.3,0.000,0.000,0.000,0.00,1.000,0.000
,1784.131,UPRIGHT,0.6376,0.0000,1.0000,292.6,12.3,0.000,0.000,0.000,0.00,1.000,0.000
,1784.150,UPRIGHT,0.6376,0.0000,1.0000,292.6,12.3,0.000,0.000,0.000,0.00,1.000,0.000
,1784.156,UPRIGHT,0.6376,0.0000,1.0000,292.6,12.3,0.000,0.000,0.000,0.00,1.000,0.000
,1784.165,UPRIGHT,0.6301,0.0000,1.0000,283.5,12.3,0.000,0.000,0.000,0.00,0.611,0.000
,1784.169,UPRIGHT,0.6301,0.0000,1.0000,283.5,16.7,0.000,0.000,0.000,0.00,1.000,0.000
,1784.174,UPRIGHT,0.6301,0.0000,1.0000,283.5,16.7,0.000,0.000,0.000,0.00,1.000,0.000
,1784.181,UPRIGHT,0.6301,0.0000,1.0000,283.5,16.7,0.000,0.000,0.000,0.00,1.000,0.000
,1784.185,UPRIGHT,0.6301,0.0000,1.0000,283.5,16.7,0.000,0.000,0.000,0.00,1.000,0.000
,1784.190,UPRIGHT,0.6301,0.0000,1.0000,283.5,16.7,0.000,0.000,0.000,0.00,1.000,0.000
,1784.196,UPRIGHT,0.6301,0.0000,1.0000,283.5,16.7,0.000,0.000,0.000,0.00,1.000,0.000
,1784.200,UPRIGHT,0.6301,0.0000,1.0000,283.5,16.7,0.000,0.000,0.000,0.00,1.000,0.000
,1784.204,UPRIGHT,0.6301,0.0000,1.0000,283.5,16.7,0.000,0.000,0.000,0.00,1.000,0.000
,1784.212,UPRIGHT,0.6301,0.0000,1.0000,283.5,16.7,0.000,0.000,0.000,0.00,1.000,0.000
,1784.216,UPRIGHT,0.6301,0.0000,1.0000,283.5,16.7,0.000,0.000,0.000,0.00,1.000,0.000
,1784.227,UPRIGHT,0.6376,0.0000,1.0000,292.6,16.7,0.000,0.000,0.000,0.00,0.596,0.000
,1784.231,UPRIGHT,0.6376,0.0000,1.0000,292.6,16.7,0.000,0.000,0.000,0.00,1.000,0.000
,1784.235,UPRIGHT,0.6376,0.0000,1.0000,292.6,16.7,0.000,0.000,0.000,0.00,1.000,0.000
,1784.243,UPRIGHT,0.6376,0.0000,1.0000,292.6,16.7,0.000,0.000,0.000,0.00,1.000,0.000
,1784.246,UPRIGHT,0.6376,0.0000,1.0000,292.6,16.7,0.000,0.000,0.000,0.00,1.000,0.000
,1784.250,UPRIGHT,0.6376,0.0000,1.0000,292.6,16.7,0.000,0.000,0.000,0.00,1.000,0.000
,1784.255,UPRIGHT,0.6376,0.0000,1.0000,292.6,16.7,0.000,0.000,0.000,0.00,1.000,0.000
,1784.274,UPRIGHT,0.6376,0.0000,1.0000,292.6,16.7,0.000,0.000,0.000,0.00,1.000,0.000
,1784.279,UPRIGHT,0.6376,0.0000,1.0000,292.6,16.7,0.000,0.000,0.000,0.00,1.000,0.000
,1784.284,UPRIGHT,0.6376,0.0000,1.0000,292.6,16.7,0.000,0.000,0.000,0.00,1.000,0.000
,1784.290,UPRIGHT,0.6376,0.0000,1.0000,292.6,16.7,0.000,0.000,0.000,0.00,1.000,0.000
,1784.305,UPRIGHT,0.6376,0.0000,1.0000,292.6,21.2,0.000,0.000,0.000,0.00,1.000,0.000
,1784.312,UPRIGHT,0.6376,0.0000,1.0000,292.6,21.2,0.000,0.000,0.000,0.00,1.000,0.000
,1784.317,UPRIGHT,0.6376,0.0000,1.0000,292.6,21.2,0.000,0.000,0.000,0.00,1.000,0.000
,1784.336,UPRIGHT,0.6376,0.0000,1.0000,292.6,18.9,0.000,0.000,0.000,0.00,1.000,0.000
,1784.344,UPRIGHT,0.6376,0.0000,1.0000,292.6,16.7,0.000,0.000,0.000,0.00,1.000,0.000
,1784.350,UPRIGHT,0.6376,0.0000,1.0000,292.6,16.7,0.000,0.000,0.000,0.00,1.000,0.000
,1784.368,UPRIGHT,0.6398,0.0000,1.0000,283.5,16.7,0.000,0.000,0.000,0.00,0.713,0.000
,1784.374,UPRIGHT,0.6398,0.0000,1.0000,283.5,16.7,0.000,0.000,0.000,0.00,1.000,0.000
,1784.384,UPRIGHT,0.6398,0.0000,1.0000,283.5,16.7,0.000,0.000,0.000,0.00,1.000,0.000
,1784.388,UPRIGHT,0.6398,0.0000,1.0000,283.5,16.7,0.000,0.000,0.000,0.00,1.000,0.000
,1784.392,UPRIGHT,0.6398,0.0000,1.0000,283.5,16.7,0.000,0.000,0.000,0.00,1.000,0.000
,1784.396,UPRIGHT,0.6398,0.0000,1.0000,283.5,16.7,0.000,0.000,0.000,0.00,1.000,0.000
,1784.400,UPRIGHT,0.6398,0.0000,1.0000,283.5,16.7,0.000,0.000,0.000,0.00,1.000,0.000
,1784.404,UPRIGHT,0.6398,0.0000,1.0000,283.5,16.7,0.000,0.000,0.000,0.00,1.000,0.000
,1784.414,UPRIGHT,0.6398,0.0000,1.0000,283.5,16.7,0.000,0.000,0.000,0.00,1.000,0.000
,1784.419,UPRIGHT,0.6354,0.0000,1.0000,283.5,16.7,0.000,0.000,0.000,0.00,0.853,0.000
,1784.423,UPRIGHT,0.6354,0.0000,1.0000,283.5,16.7,0.000,0.000,0.000,0.00,1.000,0.000
,1784.430,UPRIGHT,0.6354,0.0000,1.0000,283.5,16.7,0.000,0.000,0.000,0.00,1.000,0.000
,1784.434,UPRIGHT,0.6354,0.0000,1.0000,283.5,16.7,0.000,0.000,0.000,0.00,1.000,0.000
,1784.438,UPRIGHT,0.6354,0.0000,1.0000,283.5,16.7,0.000,0.000,0.000,0.00,1.000,0.000
,1784.442,UPRIGHT,0.6354,0.0000,1.0000,283.5,16.7,0.000,0.000,0.000,0.00,1.000,0.000
,1784.446,UPRIGHT,0.6354,0.0000,1.0000,283.5,16.7,0.000,0.000,0.000,0.00,1.000,0.000
,1784.451,UPRIGHT,0.6354,0.0000,1.0000,283.5,16.7,0.000,0.000,0.000,0.00,1.000,0.000
,1784.461,UPRIGHT,0.6354,0.0000,1.0000,283.5,16.7,0.000,0.000,0.000,0.00,1.000,0.000
,1784.465,UPRIGHT,0.6354,0.0000,1.0000,283.5,16.7,0.000,0.000,0.000,0.00,1.000,0.000
,1784.469,UPRIGHT,0.6354,0.0000,1.0000,283.5,16.7,0.000,0.000,0.000,0.00,1.000,0.000
,1784.476,UPRIGHT,0.6349,0.0000,1.0000,292.6,16.7,0.000,0.000,0.000,0.00,0.655,0.000
,1784.480,UPRIGHT,0.6349,0.0000,1.0000,292.6,16.7,0.000,0.000,0.000,0.00,1.000,0.000
,1784.491,UPRIGHT,0.6349,0.0000,1.0000,292.6,16.7,0.000,0.000,0.000,0.00,1.000,0.000
,1784.507,UPRIGHT,0.6349,0.0000,1.0000,292.6,16.7,0.000,0.000,0.000,0.00,1.000,0.000
,1784.513,UPRIGHT,0.6349,0.0000,1.0000,292.6,16.7,0.000,0.000,0.000,0.00,1.000,0.000
,1784.518,UPRIGHT,0.6349,0.0000,1.0000,292.6,16.7,0.000,0.000,0.000,0.00,1.000,0.000
,1784.539,UPRIGHT,0.6349,0.0000,1.0000,292.6,16.7,0.000,0.000,0.000,0.00,1.000,0.000
,1784.548,UPRIGHT,0.6349,0.0000,1.0000,292.6,16.7,0.000,0.000,0.000,0.00,1.000,0.000
,1784.553,UPRIGHT,0.6349,0.0000,1.0000,292.6,16.7,0.000,0.000,0.000,0.00,1.000,0.000
,1784.570,UPRIGHT,0.6349,0.0000,1.0000,292.6,21.2,0.000,0.000,0.000,0.00,1.000,0.000
,1784.577,UPRIGHT,0.6349,0.0000,1.0000,292.6,21.2,0.000,0.000,0.000,0.00,1.000,0.000
,1784.582,UPRIGHT,0.6349,0.0000,1.0000,292.6,21.2,0.000,0.000,0.000,0.00,1.000,0.000
,1784.586,UPRIGHT,0.6349,0.0000,1.0000,292.6,21.2,0.000,0.000,0.000,0.00,1.000,0.000
,1784.601,UPRIGHT,0.6336,0.0000,1.0000,283.5,21.2,0.000,0.000,0.000,0.00,0.772,0.000
,1784.607,UPRIGHT,0.6336,0.0000,1.0000,283.5,21.2,0.000,0.000,0.000,0.00,1.000,0.000
,1784.611,UPRIGHT,0.6336,0.0000,1.0000,283.5,21.2,0.000,0.000,0.000,0.00,1.000,0.000
,1784.616,UPRIGHT,0.6336,0.0000,1.0000,283.5,21.2,0.000,0.000,0.000,0.00,1.000,0.000
,1784.620,UPRIGHT,0.6336,0.0000,1.0000,283.5,21.2,0.000,0.000,0.000,0.00,1.000,0.000
,1784.632,UPRIGHT,0.6336,0.0000,1.0000,283.5,21.2,0.000,0.000,0.000,0.00,1.000,0.000
,1784.636,UPRIGHT,0.6336,0.0000,1.0000,283.5,21.2,0.000,0.000,0.000,0.00,1.000,0.000
,1784.647,UPRIGHT,0.6336,0.0000,1.0000,283.5,21.2,0.000,0.000,0.000,0.00,1.000,0.000
,1784.652,UPRIGHT,0.6336,0.0000,1.0000,283.5,21.2,0.000,0.000,0.000,0.00,1.000,0.000
,1784.663,UPRIGHT,0.6336,0.0000,1.0000,283.5,21.2,0.000,0.000,0.000,0.00,1.000,0.000
,1784.668,UPRIGHT,0.6367,0.0000,1.0000,283.5,21.2,0.000,0.000,0.000,0.00,0.787,0.000
,1784.678,UPRIGHT,0.6367,0.0000,1.0000,283.5,21.2,0.000,0.000,0.000,0.00,1.000,0.000
,1784.683,UPRIGHT,0.6367,0.0000,1.0000,283.5,21.2,0.000,0.000,0.000,0.00,1.000,0.000
,1784.687,UPRIGHT,0.6367,0.0000,1.0000,283.5,21.2,0.000,0.000,0.000,0.00,1.000,0.000
,1784.695,UPRIGHT,0.6367,0.0000,1.0000,283.5,21.2,0.000,0.000,0.000,0.00,1.000,0.000
,1784.700,UPRIGHT,0.6367,0.0000,1.0000,283.5,21.2,0.000,0.000,0.000,0.00,1.000,0.000
,1784.704,UPRIGHT,0.6367,0.0000,1.0000,283.5,21.2,0.000,0.000,0.000,0.00,1.000,0.000
,1784.708,UPRIGHT,0.6367,0.0000,1.0000,283.5,21.2,0.000,0.000,0.000,0.00,1.000,0.000
,1784.725,UPRIGHT,0.6367,0.0000,1.0000,283.5,21.2,0.000,0.000,0.000,0.00,1.000,0.000
,1784.731,UPRIGHT,0.6380,0.0000,1.0000,283.5,21.2,0.000,0.000,0.000,0.00,0.831,0.000
,1784.735,UPRIGHT,0.6380,0.0000,1.0000,283.5,21.2,0.000,0.000,0.000,0.00,1.000,0.000
,1784.741,UPRIGHT,0.6380,0.0000,1.0000,283.5,21.2,0.000,0.000,0.000,0.00,1.000,0.000
,1784.745,UPRIGHT,0.6380,0.0000,1.0000,283.5,21.2,0.000,0.000,0.000,0.00,1.000,0.000
,1784.750,UPRIGHT,0.6380,0.0000,1.0000,283.5,21.2,0.000,0.000,0.000,0.00,1.000,0.000
,1784.757,UPRIGHT,0.6380,0.0000,1.0000,283.5,21.2,0.000,0.000,0.000,0.00,1.000,0.000
,1784.761,UPRIGHT,0.6380,0.0000,1.0000,283.5,21.2,0.000,0.000,0.000,0.00,1.000,0.000
,1784.766,UPRIGHT,0.6380,0.0000,1.0000,283.5,21.2,0.000,0.000,0.000,0.00,1.000,0.000
,1784.772,UPRIGHT,0.6380,0.0000,1.0000,283.5,21.2,0.000,0.000,0.000,0.00,1.000,0.000
,1784.776,UPRIGHT,0.6380,0.0000,1.0000,283.5,18.9,0.000,0.000,0.000,0.00,1.000,0.000
,1784.781,UPRIGHT,0.6380,0.0000,1.0000,283.5,16.7,0.000,0.000,0.000,0.00,1.000,0.000
,1784.788,UPRIGHT,0.6380,0.0000,1.0000,283.5,16.7,0.000,0.000,0.000,0.00,1.000,0.000
,1784.792,UPRIGHT,0.6380,0.0000,1.0000,283.5,16.7,0.000,0.000,0.000,0.00,1.000,0.000
,1784.796,UPRIGHT,0.6380,0.0000,1.0000,283.5,16.7,0.000,0.000,0.000,0.00,1.000,0.000
,1784.803,UPRIGHT,0.6380,0.0000,1.0000,283.5,16.7,0.000,0.000,0.000,0.00,1.000,0.000
,1784.807,UPRIGHT,0.6380,0.0000,1.0000,283.5,16.7,0.000,0.000,0.000,0.00,1.000,0.000
,1784.819,UPRIGHT,0.6380,0.0000,1.0000,283.5,16.7,0.000,0.000,0.000,0.00,1.000,0.000
,1784.823,UPRIGHT,0.6380,0.0000,1.0000,283.5,16.7,0.000,0.000,0.000,0.00,1.000,0.000
,1784.828,UPRIGHT,0.6380,0.0000,1.0000,283.5,16.7,0.000,0.000,0.000,0.00,1.000,0.000
,1784.832,UPRIGHT,0.6380,0.0000,1.0000,283.5,16.7,0.000,0.000,0.000,0.00,1.000,0.000
,1784.836,UPRIGHT,0.6380,0.0000,1.0000,283.5,16.7,0.000,0.000,0.000,0.00,1.000,0.000
,1784.841,UPRIGHT,0.6380,0.0000,1.0000,283.5,16.7,0.000,0.000,0.000,0.00,1.000,0.000
,1784.845,UPRIGHT,0.6380,0.0000,1.0000,283.5,16.7,0.000,0.000,0.000,0.00,1.000,0.000
,1784.866,UPRIGHT,0.7050,0.0000,1.0000,238.7,16.7,0.000,0.000,0.000,0.00,0.000,0.000
,1784.872,UPRIGHT,0.7050,0.0000,1.0000,238.7,16.7,0.000,0.000,0.000,0.00,1.000,0.000
,1784.877,UPRIGHT,0.7050,0.0000,1.0000,238.7,16.7,0.000,0.000,0.000,0.00,1.000,0.000
,1784.881,UPRIGHT,0.7050,0.0000,1.0000,238.7,16.7,0.000,0.000,0.000,0.00,1.000,0.000
,1784.886,UPRIGHT,0.7050,0.0000,1.0000,238.7,16.7,0.000,0.000,0.000,0.00,1.000,0.000
,1784.890,UPRIGHT,0.7050,0.0000,1.0000,238.7,16.7,0.000,0.000,0.000,0.00,1.000,0.000
,1784.895,UPRIGHT,0.7050,0.0000,1.0000,238.7,16.7,0.000,0.000,0.000,0.00,1.000,0.000
,1784.900,UPRIGHT,0.7050,0.0000,1.0000,238.7,16.7,0.000,0.000,0.000,0.00,1.000,0.000
,1784.904,UPRIGHT,0.7050,0.0000,1.0000,238.7,16.7,0.000,0.000,0.000,0.00,1.000,0.000
,1784.913,UPRIGHT,0.7059,0.0000,1.0000,232.6,16.7,0.000,0.000,0.000,0.00,0.882,0.000
,1784.918,UPRIGHT,0.7059,0.0000,1.0000,232.6,16.7,0.000,0.000,0.000,0.00,1.000,0.000
,1784.928,UPRIGHT,0.7059,0.0000,1.0000,232.6,16.7,0.000,0.000,0.000,0.00,1.000,0.000
,1784.932,UPRIGHT,0.7059,0.0000,1.0000,232.6,16.7,0.000,0.000,0.000,0.00,1.000,0.000
,1784.937,UPRIGHT,0.7059,0.0000,1.0000,232.6,16.7,0.000,0.000,0.000,0.00,1.000,0.000
,1784.941,UPRIGHT,0.7059,0.0000,1.0000,232.6,16.7,0.000,0.000,0.000,0.00,1.000,0.000
,1784.945,UPRIGHT,0.7059,0.0000,1.0000,232.6,16.7,0.000,0.000,0.000,0.00,1.000,0.000
,1784.950,UPRIGHT,0.7059,0.0000,1.0000,232.6,16.7,0.000,0.000,0.000,0.00,1.000,0.000
,1784.959,UPRIGHT,0.7059,0.0000,1.0000,232.6,16.7,0.000,0.000,0.000,0.00,1.000,0.000
,1784.963,UPRIGHT,0.7059,0.0000,1.0000,232.6,16.7,0.000,0.000,0.000,0.00,1.000,0.000
,1784.968,UPRIGHT,0.7059,0.0000,1.0000,232.6,16.7,0.000,0.000,0.000,0.00,1.000,0.000
,1784.972,UPRIGHT,0.7059,0.0000,1.0000,232.6,16.7,0.000,0.000,0.000,0.00,1.000,0.000
,1784.992,UPRIGHT,0.6371,0.0000,1.0000,283.5,16.7,0.000,0.000,0.000,0.00,0.000,0.000
,1784.996,UPRIGHT,0.6371,0.0000,1.0000,283.5,16.7,0.000,0.000,0.000,0.00,1.000,0.000
,1785.007,UPRIGHT,0.6371,0.0000,1.0000,283.5,16.7,0.000,0.000,0.000,0.00,1.000,0.000
,1785.011,UPRIGHT,0.6371,0.0000,1.0000,283.5,16.7,0.000,0.000,0.000,0.00,1.000,0.000
,1785.016,UPRIGHT,0.6371,0.0000,1.0000,283.5,16.7,0.000,0.000,0.000,0.00,1.000,0.000
,1785.020,UPRIGHT,0.6371,0.0000,1.0000,283.5,16.7,0.000,0.000,0.000,0.00,1.000,0.000
,1785.025,UPRIGHT,0.6371,0.0000,1.0000,283.5,16.7,0.000,0.000,0.000,0.00,1.000,0.000
,1785.029,UPRIGHT,0.6371,0.0000,1.0000,283.5,16.7,0.000,0.000,0.000,0.00,1.000,0.000
,1785.033,UPRIGHT,0.6371,0.0000,1.0000,283.5,16.7,0.000,0.000,0.000,0.00,1.000,0.000
,1785.053,UPRIGHT,0.6376,0.0000,1.0000,274.9,16.7,0.000,0.000,0.000,0.00,0.757,0.000
,1785.057,UPRIGHT,0.6376,0.0000,1.0000,274.9,16.7,0.000,0.000,0.000,0.00,1.000,0.000
,1785.069,UPRIGHT,0.6376,0.0000,1.0000,274.9,16.7,0.000,0.000,0.000,0.00,1.000,0.000
,1785.073,UPRIGHT,0.6376,0.0000,1.0000,274.9,16.7,0.000,0.000,0.000,0.00,1.000,0.000
,1785.077,UPRIGHT,0.6376,0.0000,1.0000,274.9,16.7,0.000,0.000,0.000,0.00,1.000,0.000
,1785.081,UPRIGHT,0.6376,0.0000,1.0000,274.9,16.7,0.000,0.000,0.000,0.00,1.000,0.000
,1785.100,UPRIGHT,0.6376,0.0000,1.0000,274.9,16.7,0.000,0.000,0.000,0.00,1.000,0.000
,1785.104,UPRIGHT,0.6384,0.0000,1.0000,283.5,16.7,0.000,0.000,0.000,0.00,0.677,0.000
,1785.109,UPRIGHT,0.6384,0.0000,1.0000,283.5,16.7,0.000,0.000,0.000,0.00,1.000,0.000
,1785.113,UPRIGHT,0.6384,0.0000,1.0000,283.5,16.7,0.000,0.000,0.000,0.00,1.000,0.000
,1785.118,UPRIGHT,0.6384,0.0000,1.0000,283.5,16.7,0.000,0.000,0.000,0.00,1.000,0.000
,1785.122,UPRIGHT,0.6384,0.0000,1.0000,283.5,16.7,0.000,0.000,0.000,0.00,1.000,0.000
,1785.126,UPRIGHT,0.6384,0.0000,1.0000,283.5,16.7,0.000,0.000,0.000,0.00,1.000,0.000
,1785.131,UPRIGHT,0.6384,0.0000,1.0000,283.5,16.7,0.000,0.000,0.000,0.00,1.000,0.000
,1785.146,UPRIGHT,0.6384,0.0000,1.0000,283.5,16.7,0.000,0.000,0.000,0.00,1.000,0.000
,1785.151,UPRIGHT,0.6384,0.0000,1.0000,283.5,16.7,0.000,0.000,0.000,0.00,1.000,0.000
,1785.156,UPRIGHT,0.6384,0.0000,1.0000,283.5,16.7,0.000,0.000,0.000,0.00,1.000,0.000
,1785.161,UPRIGHT,0.6384,0.0000,1.0000,283.5,16.7,0.000,0.000,0.000,0.00,1.000,0.000
,1785.166,UPRIGHT,0.6384,0.0000,1.0000,283.5,16.7,0.000,0.000,0.000,0.00,1.000,0.000
,1785.170,UPRIGHT,0.6384,0.0000,1.0000,283.5,16.7,0.000,0.000,0.000,0.00,1.000,0.000
,1785.175,UPRIGHT,0.6384,0.0000,1.0000,283.5,16.7,0.000,0.000,0.000,0.00,1.000,0.000
,1785.179,UPRIGHT,0.6384,0.0000,1.0000,283.5,16.7,0.000,0.000,0.000,0.00,1.000,0.000
,1785.184,UPRIGHT,0.6384,0.0000,1.0000,283.5,16.7,0.000,0.000,0.000,0.00,1.000,0.000
,1785.188,UPRIGHT,0.6384,0.0000,1.0000,283.5,16.7,0.000,0.000,0.000,0.00,1.000,0.000
,1785.194,UPRIGHT,0.6384,0.0000,1.0000,283.5,16.7,0.000,0.000,0.000,0.00,1.000,0.000
,1785.199,UPRIGHT,0.6384,0.0000,1.0000,283.5,16.7,0.000,0.000,0.000,0.00,1.000,0.000
,1785.210,UPRIGHT,0.6384,0.0000,1.0000,283.5,16.7,0.000,0.000,0.000,0.00,1.000,0.000
,1785.214,UPRIGHT,0.6384,0.0000,1.0000,283.5,16.7,0.000,0.000,0.000,0.00,1.000,0.000
,1785.218,UPRIGHT,0.6384,0.0000,1.0000,283.5,16.7,0.000,0.000,0.000,0.00,1.000,0.000
,1785.225,UPRIGHT,0.6384,0.0000,1.0000,283.5,16.7,0.000,0.000,0.000,0.00,1.000,0.000
,1785.241,UPRIGHT,0.6177,0.0000,1.0000,279.1,16.7,0.000,0.000,0.000,0.00,0.228,0.000
,1785.246,UPRIGHT,0.6177,0.0000,1.0000,279.1,16.7,0.000,0.000,0.000,0.00,1.000,0.000
,1785.250,UPRIGHT,0.6177,0.0000,1.0000,279.1,16.7,0.000,0.000,0.000,0.00,1.000,0.000
,1785.256,UPRIGHT,0.6177,0.0000,1.0000,279.1,16.7,0.000,0.000,0.000,0.00,1.000,0.000
,1785.260,UPRIGHT,0.6177,0.0000,1.0000,279.1,16.7,0.000,0.000,0.000,0.00,1.000,0.000
,1785.264,UPRIGHT,0.6177,0.0000,1.0000,279.1,16.7,0.000,0.000,0.000,0.00,1.000,0.000
,1785.268,UPRIGHT,0.6177,0.0000,1.0000,279.1,16.7,0.000,0.000,0.000,0.00,1.000,0.000
,1785.272,UPRIGHT,0.6177,0.0000,1.0000,279.1,16.7,0.000,0.000,0.000,0.00,1.000,0.000
,1785.276,UPRIGHT,0.6177,0.0000,1.0000,279.1,16.7,0.000,0.000,0.000,0.00,1.000,0.000
,1785.281,UPRIGHT,0.6177,0.0000,1.0000,279.1,16.7,0.000,0.000,0.000,0.00,1.000,0.000
,1785.286,UPRIGHT,0.6177,0.0000,1.0000,279.1,16.7,0.000,0.000,0.000,0.00,1.000,0.000
,1785.303,UPRIGHT,0.6442,0.0000,1.0000,283.5,16.7,0.000,0.000,0.000,0.00,0.000,0.000
,1785.308,UPRIGHT,0.6442,0.0000,1.0000,283.5,16.7,0.000,0.000,0.000,0.00,1.000,0.000
,1785.312,UPRIGHT,0.6442,0.0000,1.0000,283.5,16.7,0.000,0.000,0.000,0.00,1.000,0.000
,1785.316,UPRIGHT,0.6442,0.0000,1.0000,283.5,16.7,0.000,0.000,0.000,0.00,1.000,0.000
,1785.334,UPRIGHT,0.6442,0.0000,1.0000,283.5,16.7,0.000,0.000,0.000,0.00,1.000,0.000
,1785.339,UPRIGHT,0.6442,0.0000,1.0000,283.5,16.7,0.000,0.000,0.000,0.00,1.000,0.000
,1785.349,UPRIGHT,0.6442,0.0000,1.0000,283.5,16.7,0.000,0.000,0.000,0.00,1.000,0.000
,1785.354,UPRIGHT,0.6292,0.0000,1.0000,283.5,16.7,0.000,0.000,0.000,0.00,0.309,0.000
,1785.359,UPRIGHT,0.6292,0.0000,1.0000,283.5,16.7,0.000,0.000,0.000,0.00,1.000,0.000
,1785.363,UPRIGHT,0.6292,0.0000,1.0000,283.5,16.7,0.000,0.000,0.000,0.00,1.000,0.000
,1785.380,UPRIGHT,0.6292,0.0000,1.0000,283.5,16.7,0.000,0.000,0.000,0.00,1.000,0.000
,1785.386,UPRIGHT,0.6292,0.0000,1.0000,283.5,16.7,0.000,0.000,0.000,0.00,1.000,0.000
,1785.395,UPRIGHT,0.6292,0.0000,1.0000,283.5,16.7,0.000,0.000,0.000,0.00,1.000,0.000
,1785.399,UPRIGHT,0.6292,0.0000,1.0000,283.5,16.7,0.000,0.000,0.000,0.00,1.000,0.000
,1785.404,UPRIGHT,0.6292,0.0000,1.0000,283.5,16.7,0.000,0.000,0.000,0.00,1.000,0.000
,1785.410,UPRIGHT,0.6292,0.0000,1.0000,283.5,16.7,0.000,0.000,0.000,0.00,1.000,0.000
,1785.414,UPRIGHT,0.6292,0.0000,1.0000,283.5,16.7,0.000,0.000,0.000,0.00,1.000,0.000
,1785.419,UPRIGHT,0.6292,0.0000,1.0000,283.5,16.7,0.000,0.000,0.000,0.00,1.000,0.000
,1785.427,UPRIGHT,0.6292,0.0000,1.0000,283.5,16.7,0.000,0.000,0.000,0.00,1.000,0.000
,1785.431,UPRIGHT,0.6292,0.0000,1.0000,283.5,16.7,0.000,0.000,0.000,0.00,1.000,0.000
,1785.436,UPRIGHT,0.6292,0.0000,1.0000,283.5,16.7,0.000,0.000,0.000,0.00,1.000,0.000
,1785.442,UPRIGHT,0.6292,0.0000,1.0000,283.5,16.7,0.000,0.000,0.000,0.00,1.000,0.000
,1785.458,UPRIGHT,0.6292,0.0000,1.0000,283.5,16.7,0.000,0.000,0.000,0.00,1.000,0.000
,1785.464,UPRIGHT,0.6292,0.0000,1.0000,283.5,16.7,0.000,0.000,0.000,0.00,1.000,0.000
,1785.468,UPRIGHT,0.6292,0.0000,1.0000,283.5,16.7,0.000,0.000,0.000,0.00,1.000,0.000
,1785.489,UPRIGHT,0.6318,0.0000,1.0000,283.5,16.7,0.000,0.000,0.000,0.00,0.691,0.000
,1785.497,UPRIGHT,0.6318,0.0000,1.0000,283.5,16.7,0.000,0.000,0.000,0.00,1.000,0.000
,1785.504,UPRIGHT,0.6318,0.0000,1.0000,283.5,16.7,0.000,0.000,0.000,0.00,1.000,0.000
,1785.520,UPRIGHT,0.6318,0.0000,1.0000,283.5,16.7,0.000,0.000,0.000,0.00,1.000,0.000
,1785.527,UPRIGHT,0.6318,0.0000,1.0000,283.5,16.7,0.000,0.000,0.000,0.00,1.000,0.000
,1785.532,UPRIGHT,0.6318,0.0000,1.0000,283.5,16.7,0.000,0.000,0.000,0.00,1.000,0.000
,1785.536,UPRIGHT,0.6905,0.0000,1.0000,241.9,16.7,0.000,0.000,0.000,0.00,0.000,0.000
,1785.552,UPRIGHT,0.6905,0.0000,1.0000,241.9,16.7,0.000,0.000,0.000,0.00,1.000,0.000
,1785.558,UPRIGHT,0.6905,0.0000,1.0000,241.9,16.7,0.000,0.000,0.000,0.00,1.000,0.000
,1785.562,UPRIGHT,0.6905,0.0000,1.0000,241.9,16.7,0.000,0.000,0.000,0.00,1.000,0.000
,1785.566,UPRIGHT,0.6905,0.0000,1.0000,241.9,16.7,0.000,0.000,0.000,0.00,1.000,0.000
,1785.583,UPRIGHT,0.6905,0.0000,1.0000,241.9,16.7,0.000,0.000,0.000,0.00,1.000,0.000
,1785.589,UPRIGHT,0.6905,0.0000,1.0000,241.9,16.7,0.000,0.000,0.000,0.00,1.000,0.000
,1785.599,UPRIGHT,0.6905,0.0000,1.0000,241.9,16.7,0.000,0.000,0.000,0.00,1.000,0.000
,1785.603,UPRIGHT,0.6874,0.0000,1.0000,245.2,16.7,0.000,0.000,0.000,0.00,0.757,0.000
,1785.615,UPRIGHT,0.6874,0.0000,1.0000,245.2,16.7,0.000,0.000,0.000,0.00,1.000,0.000
,1785.619,UPRIGHT,0.6874,0.0000,1.0000,245.2,16.7,0.000,0.000,0.000,0.00,1.000,0.000
,1785.630,UPRIGHT,0.6874,0.0000,1.0000,245.2,16.7,0.000,0.000,0.000,0.00,1.000,0.000
,1785.636,UPRIGHT,0.6874,0.0000,1.0000,245.2,16.7,0.000,0.000,0.000,0.00,1.000,0.000
,1785.645,UPRIGHT,0.6874,0.0000,1.0000,245.2,16.7,0.000,0.000,0.000,0.00,1.000,0.000
,1785.650,UPRIGHT,0.6874,0.0000,1.0000,245.2,16.7,0.000,0.000,0.000,0.00,1.000,0.000
,1785.661,UPRIGHT,0.6874,0.0000,1.0000,245.2,16.7,0.000,0.000,0.000,0.00,1.000,0.000
,1785.666,UPRIGHT,0.6874,0.0000,1.0000,245.2,16.7,0.000,0.000,0.000,0.00,1.000,0.000
,1785.671,UPRIGHT,0.6874,0.0000,1.0000,245.2,16.7,0.000,0.000,0.000,0.00,1.000,0.000
,1785.677,UPRIGHT,0.6874,0.0000,1.0000,245.2,16.7,0.000,0.000,0.000,0.00,1.000,0.000
,1785.681,UPRIGHT,0.6874,0.0000,1.0000,245.2,16.7,0.000,0.000,0.000,0.00,1.000,0.000
,1785.693,UPRIGHT,0.6874,0.0000,1.0000,245.2,16.7,0.000,0.000,0.000,0.00,1.000,0.000
,1785.697,UPRIGHT,0.6874,0.0000,1.0000,245.2,16.7,0.000,0.000,0.000,0.00,1.000,0.000
,1785.701,UPRIGHT,0.6874,0.0000,1.0000,245.2,16.7,0.000,0.000,0.000,0.00,1.000,0.000
,1785.706,UPRIGHT,0.6874,0.0000,1.0000,245.2,16.7,0.000,0.000,0.000,0.00,1.000,0.000
,1785.710,UPRIGHT,0.6874,0.0000,1.0000,245.2,16.7,0.000,0.000,0.000,0.00,1.000,0.000
,1785.714,UPRIGHT,0.6874,0.0000,1.0000,245.2,16.7,0.000,0.000,0.000,0.00,1.000,0.000
,1785.719,UPRIGHT,0.6874,0.0000,1.0000,245.2,16.7,0.000,0.000,0.000,0.00,1.000,0.000
,1785.740,UPRIGHT,0.6861,0.0000,1.0000,245.2,16.7,0.000,0.000,0.000,0.00,0.890,0.000
,1785.744,UPRIGHT,0.6861,0.0000,1.0000,245.2,16.7,0.000,0.000,0.000,0.00,1.000,0.000
,1785.749,UPRIGHT,0.6861,0.0000,1.0000,245.2,16.7,0.000,0.000,0.000,0.00,1.000,0.000
,1785.756,UPRIGHT,0.6861,0.0000,1.0000,245.2,16.7,0.000,0.000,0.000,0.00,1.000,0.000
,1785.772,UPRIGHT,0.6861,0.0000,1.0000,245.2,16.7,0.000,0.000,0.000,0.00,1.000,0.000
,1785.778,UPRIGHT,0.6861,0.0000,1.0000,245.2,16.7,0.000,0.000,0.000,0.00,1.000,0.000
,1785.783,UPRIGHT,0.6861,0.0000,1.0000,245.2,16.7,0.000,0.000,0.000,0.00,1.000,0.000
,1785.803,UPRIGHT,0.6874,0.0000,1.0000,245.2,16.7,0.000,0.000,0.000,0.00,0.860,0.000
,1785.810,UPRIGHT,0.6874,0.0000,1.0000,245.2,16.7,0.000,0.000,0.000,0.00,1.000,0.000
,1785.816,UPRIGHT,0.6874,0.0000,1.0000,245.2,16.7,0.000,0.000,0.000,0.00,1.000,0.000
,1785.821,UPRIGHT,0.6874,0.0000,1.0000,245.2,16.7,0.000,0.000,0.000,0.00,1.000,0.000
,1785.833,UPRIGHT,0.6874,0.0000,1.0000,245.2,16.7,0.000,0.000,0.000,0.00,1.000,0.000
,1785.839,UPRIGHT,0.6874,0.0000,1.0000,245.2,16.7,0.000,0.000,0.000,0.00,1.000,0.000
,1785.843,UPRIGHT,0.6874,0.0000,1.0000,245.2,16.7,0.000,0.000,0.000,0.00,1.000,0.000
,1785.848,UPRIGHT,0.6874,0.0000,1.0000,245.2,16.7,0.000,0.000,0.000,0.00,1.000,0.000
,1785.853,UPRIGHT,0.6301,0.0000,1.0000,259.2,16.7,0.000,0.000,0.000,0.00,0.000,0.000
,1785.856,UPRIGHT,0.6301,0.0000,1.0000,259.2,16.7,0.000,0.000,0.000,0.00,1.000,0.000
,1785.864,UPRIGHT,0.6301,0.0000,1.0000,259.2,16.7,0.000,0.000,0.000,0.00,1.000,0.000
,1785.868,UPRIGHT,0.6301,0.0000,1.0000,259.2,16.7,0.000,0.000,0.000,0.00,1.000,0.000
,1785.872,UPRIGHT,0.6301,0.0000,1.0000,259.2,16.7,0.000,0.000,0.000,0.00,1.000,0.000
,1785.880,UPRIGHT,0.6301,0.0000,1.0000,259.2,16.7,0.000,0.000,0.000,0.00,1.000,0.000
,1785.884,UPRIGHT,0.6301,0.0000,1.0000,259.2,16.7,0.000,0.000,0.000,0.00,1.000,0.000
,1785.888,UPRIGHT,0.6301,0.0000,1.0000,259.2,16.7,0.000,0.000,0.000,0.00,1.000,0.000
,1785.895,UPRIGHT,0.6301,0.0000,1.0000,259.2,14.5,0.000,0.000,0.000,0.00,1.000,0.000
,1785.900,UPRIGHT,0.6301,0.0000,1.0000,259.2,12.3,0.000,0.000,0.000,0.00,1.000,0.000
,1785.904,UPRIGHT,0.6301,0.0000,1.0000,259.2,12.3,0.000,0.000,0.000,0.00,1.000,0.000
,1785.909,UPRIGHT,0.6301,0.0000,1.0000,259.2,12.3,0.000,0.000,0.000,0.00,1.000,0.000
,1785.927,UPRIGHT,0.6098,0.0000,1.0000,266.8,12.3,0.000,0.000,0.000,0.00,0.000,0.000
,1785.931,UPRIGHT,0.6098,0.0000,1.0000,266.8,12.3,0.000,0.000,0.000,0.00,1.000,0.000
,1785.942,UPRIGHT,0.6098,0.0000,1.0000,266.8,12.3,0.000,0.000,0.000,0.00,1.000,0.000
,1785.946,UPRIGHT,0.6098,0.0000,1.0000,266.8,12.3,0.000,0.000,0.000,0.00,1.000,0.000
,1785.951,UPRIGHT,0.6098,0.0000,1.0000,266.8,12.3,0.000,0.000,0.000,0.00,1.000,0.000
,1785.955,UPRIGHT,0.6098,0.0000,1.0000,266.8,12.3,0.000,0.000,0.000,0.00,1.000,0.000
,1785.959,UPRIGHT,0.6098,0.0000,1.0000,266.8,12.3,0.000,0.000,0.000,0.00,1.000,0.000
,1785.964,UPRIGHT,0.6098,0.0000,1.0000,266.8,10.2,0.000,0.000,0.000,0.00,1.000,0.000
,1785.968,UPRIGHT,0.6098,0.0000,1.0000,266.8,8.1,0.000,0.000,0.000,0.00,1.000,0.000
,1785.988,UPRIGHT,0.6098,0.0000,1.0000,266.8,8.1,0.000,0.000,0.000,0.00,1.000,0.000
,1785.994,UPRIGHT,0.6098,0.0000,1.0000,266.8,8.1,0.000,0.000,0.000,0.00,1.000,0.000
,1785.999,UPRIGHT,0.6098,0.0000,1.0000,266.8,8.1,0.000,0.000,0.000,0.00,1.000,0.000
,1786.020,UPRIGHT,0.6098,0.0000,1.0000,266.8,0.0,0.000,0.000,0.000,0.00,1.000,0.000
,1786.025,UPRIGHT,0.6098,0.0000,1.0000,266.8,0.0,0.000,0.000,0.000,0.00,1.000,0.000
,1786.029,UPRIGHT,0.6098,0.0000,1.0000,266.8,0.0,0.000,0.000,0.000,0.00,1.000,0.000
,1786.034,UPRIGHT,0.6098,0.0000,1.0000,266.8,0.0,0.000,0.000,0.000,0.00,1.000,0.000
,1786.039,UPRIGHT,0.6045,0.0000,1.0000,266.8,0.0,0.000,0.000,0.000,0.00,0.236,0.000
,1786.050,UPRIGHT,0.6045,0.0000,1.0000,266.8,0.0,0.000,0.000,0.000,0.00,1.000,0.000
,1786.055,UPRIGHT,0.6045,0.0000,1.0000,266.8,0.0,0.000,0.000,0.000,0.00,1.000,0.000
,1786.059,UPRIGHT,0.6045,0.0000,1.0000,266.8,0.0,0.000,0.000,0.000,0.00,1.000,0.000
,1786.063,UPRIGHT,0.6045,0.0000,1.0000,266.8,0.0,0.000,0.000,0.000,0.00,1.000,0.000
,1786.067,UPRIGHT,0.6045,0.0000,1.0000,266.8,0.0,0.000,0.000,0.000,0.00,1.000,0.000
,1786.072,UPRIGHT,0.6045,0.0000,1.0000,266.8,0.0,0.000,0.000,0.000,0.00,1.000,0.000
,1786.076,UPRIGHT,0.6045,0.0000,1.0000,266.8,0.0,0.000,0.000,0.000,0.00,1.000,0.000
,1786.080,UPRIGHT,0.6045,0.0000,1.0000,266.8,0.0,0.000,0.000,0.000,0.00,1.000,0.000
,1786.084,UPRIGHT,0.6045,0.0000,1.0000,266.8,0.0,0.000,0.000,0.000,0.00,1.000,0.000
,1786.098,UPRIGHT,0.6107,0.0000,1.0000,266.8,0.0,0.000,0.000,0.000,0.00,0.000,0.000
,1786.102,UPRIGHT,0.6107,0.0000,1.0000,266.8,0.0,0.000,0.000,0.000,0.00,1.000,0.000
,1786.106,UPRIGHT,0.6107,0.0000,1.0000,266.8,0.0,0.000,0.000,0.000,0.00,1.000,0.000
,1786.113,UPRIGHT,0.6107,0.0000,1.0000,266.8,0.0,0.000,0.000,0.000,0.00,1.000,0.000
,1786.118,UPRIGHT,0.6107,0.0000,1.0000,266.8,0.0,0.000,0.000,0.000,0.00,1.000,0.000
,1786.122,UPRIGHT,0.6107,0.0000,1.0000,266.8,0.0,0.000,0.000,0.000,0.00,1.000,0.000
,1786.129,UPRIGHT,0.6107,0.0000,1.0000,266.8,0.0,0.000,0.000,0.000,0.00,1.000,0.000
,1786.133,UPRIGHT,0.6107,0.0000,1.0000,266.8,0.0,0.000,0.000,0.000,0.00,1.000,0.000
,1786.137,UPRIGHT,0.6107,0.0000,1.0000,266.8,0.0,0.000,0.000,0.000,0.00,1.000,0.000
,1786.144,UPRIGHT,0.6107,0.0000,1.0000,266.8,0.0,0.000,0.000,0.000,0.00,1.000,0.000
,1786.148,UPRIGHT,0.6107,0.0000,1.0000,266.8,0.0,0.000,0.000,0.000,0.00,1.000,0.000
,1786.152,UPRIGHT,0.6107,0.0000,1.0000,266.8,0.0,0.000,0.000,0.000,0.00,1.000,0.000
,1786.160,UPRIGHT,0.6777,0.0000,1.0000,221.3,0.0,0.000,0.000,0.000,0.00,0.000,0.000
,1786.164,UPRIGHT,0.6777,0.0000,1.0000,221.3,0.0,0.000,0.000,0.000,0.00,1.000,0.000
,1786.168,UPRIGHT,0.6777,0.0000,1.0000,221.3,0.0,0.000,0.000,0.000,0.00,1.000,0.000
,1786.175,UPRIGHT,0.6777,0.0000,1.0000,221.3,0.0,0.000,0.000,0.000,0.00,1.000,0.000
,1786.190,UPRIGHT,0.6777,0.0000,1.0000,221.3,0.0,0.000,0.000,0.000,0.00,1.000,0.000
,1786.196,UPRIGHT,0.6777,0.0000,1.0000,221.3,0.0,0.000,0.000,0.000,0.00,1.000,0.000
,1786.200,UPRIGHT,0.6777,0.0000,1.0000,221.3,0.0,0.000,0.000,0.000,0.00,1.000,0.000
,1786.206,UPRIGHT,0.6777,0.0000,1.0000,221.3,0.0,0.000,0.000,0.000,0.00,1.000,0.000
,1786.210,UPRIGHT,0.6777,0.0000,1.0000,221.3,0.0,0.000,0.000,0.000,0.00,1.000,0.000
,1786.214,UPRIGHT,0.6777,0.0000,1.0000,221.3,0.0,0.000,0.000,0.000,0.00,1.000,0.000
,1786.221,UPRIGHT,0.5904,0.0000,1.0000,292.6,0.0,0.000,0.000,0.000,0.00,0.000,0.000
,1786.237,UPRIGHT,0.5904,0.0000,1.0000,292.6,0.0,0.000,0.000,0.000,0.00,1.000,0.000
,1786.243,UPRIGHT,0.5904,0.0000,1.0000,292.6,0.0,0.000,0.000,0.000,0.00,1.000,0.000
,1786.247,UPRIGHT,0.5904,0.0000,1.0000,292.6,0.0,0.000,0.000,0.000,0.00,1.000,0.000
,1786.252,UPRIGHT,0.5904,0.0000,1.0000,292.6,0.0,0.000,0.000,0.000,0.00,1.000,0.000
,1786.256,UPRIGHT,0.5904,0.0000,1.0000,292.6,0.0,0.000,0.000,0.000,0.00,1.000,0.000
,1786.260,UPRIGHT,0.5904,0.0000,1.0000,292.6,0.0,0.000,0.000,0.000,0.00,1.000,0.000
,1786.265,UPRIGHT,0.5904,0.0000,1.0000,292.6,0.0,0.000,0.000,0.000,0.00,1.000,0.000
,1786.269,UPRIGHT,0.5904,0.0000,1.0000,292.6,0.0,0.000,0.000,0.000,0.00,1.000,0.000
,1786.283,UPRIGHT,0.5904,0.0000,1.0000,292.6,0.0,0.000,0.000,0.000,0.00,1.000,0.000
,1786.287,UPRIGHT,0.5904,0.0000,1.0000,292.6,0.0,0.000,0.000,0.000,0.00,1.000,0.000
,1786.291,UPRIGHT,0.5904,0.0000,1.0000,292.6,0.0,0.000,0.000,0.000,0.00,1.000,0.000
,1786.299,UPRIGHT,0.5904,0.0000,1.0000,292.6,0.0,0.000,0.000,0.000,0.00,1.000,0.000
,1786.303,UPRIGHT,0.5904,0.0000,1.0000,292.6,0.0,0.000,0.000,0.000,0.00,1.000,0.000
,1786.307,UPRIGHT,0.5904,0.0000,1.0000,292.6,0.0,0.000,0.000,0.000,0.00,1.000,0.000
,1786.314,UPRIGHT,0.5904,0.0000,1.0000,292.6,0.0,0.000,0.000,0.000,0.00,1.000,0.000
,1786.319,UPRIGHT,0.5904,0.0000,1.0000,292.6,0.0,0.000,0.000,0.000,0.00,1.000,0.000
,1786.323,UPRIGHT,0.5904,0.0000,1.0000,292.6,0.0,0.000,0.000,0.000,0.00,1.000,0.000
,1786.331,UPRIGHT,0.5904,0.0000,1.0000,292.6,0.0,0.000,0.000,0.000,0.00,1.000,0.000
,1786.335,UPRIGHT,0.5904,0.0000,1.0000,292.6,0.0,0.000,0.000,0.000,0.00,1.000,0.000
,1786.346,UPRIGHT,0.5904,0.0000,1.0000,292.6,0.0,0.000,0.000,0.000,0.00,1.000,0.000
,1786.351,UPRIGHT,0.6045,0.0000,1.0000,266.8,0.0,0.000,0.000,0.000,0.00,0.588,0.000
,1786.355,UPRIGHT,0.6045,0.0000,1.0000,266.8,0.0,0.000,0.000,0.000,0.00,1.000,0.000
,1786.362,UPRIGHT,0.6045,0.0000,1.0000,266.8,0.0,0.000,0.000,0.000,0.00,1.000,0.000
,1786.366,UPRIGHT,0.6045,0.0000,1.0000,266.8,0.0,0.000,0.000,0.000,0.00,1.000,0.000
,1786.378,UPRIGHT,0.6045,0.0000,1.0000,266.8,0.0,0.000,0.000,0.000,0.00,1.000,0.000
,1786.382,UPRIGHT,0.6045,0.0000,1.0000,266.8,0.0,0.000,0.000,0.000,0.00,1.000,0.000
,1786.387,UPRIGHT,0.6045,0.0000,1.0000,266.8,0.0,0.000,0.000,0.000,0.00,1.000,0.000
,1786.393,UPRIGHT,0.6045,0.0000,1.0000,266.8,0.0,0.000,0.000,0.000,0.00,1.000,0.000
,1786.397,UPRIGHT,0.6045,0.0000,1.0000,266.8,0.0,0.000,0.000,0.000,0.00,1.000,0.000
,1786.402,UPRIGHT,0.6045,0.0000,1.0000,266.8,0.0,0.000,0.000,0.000,0.00,1.000,0.000
,1786.406,UPRIGHT,0.6045,0.0000,1.0000,266.8,0.0,0.000,0.000,0.000,0.00,1.000,0.000
,1786.424,UPRIGHT,0.6014,0.0000,1.0000,259.2,0.0,0.000,0.000,0.000,0.00,0.787,0.000
,1786.430,UPRIGHT,0.6014,0.0000,1.0000,259.2,0.0,0.000,0.000,0.000,0.00,1.000,0.000
,1786.435,UPRIGHT,0.6014,0.0000,1.0000,259.2,0.0,0.000,0.000,0.000,0.00,1.000,0.000
,1786.455,UPRIGHT,0.6014,0.0000,1.0000,259.2,0.0,0.000,0.000,0.000,0.00,1.000,0.000
,1786.461,UPRIGHT,0.6014,0.0000,1.0000,259.2,0.0,0.000,0.000,0.000,0.00,1.000,0.000
,1786.466,UPRIGHT,0.6014,0.0000,1.0000,259.2,0.0,0.000,0.000,0.000,0.00,1.000,0.000
,1786.470,UPRIGHT,0.6014,0.0000,1.0000,259.2,0.0,0.000,0.000,0.000,0.00,1.000,0.000
,1786.485,UPRIGHT,0.6014,0.0000,1.0000,259.2,0.0,0.000,0.000,0.000,0.00,1.000,0.000
,1786.491,UPRIGHT,0.6014,0.0000,1.0000,259.2,0.0,0.000,0.000,0.000,0.00,1.000,0.000
,1786.496,UPRIGHT,0.6014,0.0000,1.0000,259.2,0.0,0.000,0.000,0.000,0.00,1.000,0.000
,1786.516,UPRIGHT,0.6014,0.0000,1.0000,259.2,0.0,0.000,0.000,0.000,0.00,1.000,0.000
,1786.523,UPRIGHT,0.6014,0.0000,1.0000,259.2,0.0,0.000,0.000,0.000,0.00,1.000,0.000
,1786.528,UPRIGHT,0.6014,0.0000,1.0000,259.2,0.0,0.000,0.000,0.000,0.00,1.000,0.000
,1786.533,UPRIGHT,0.6883,0.0000,1.0000,216.0,0.0,0.000,0.000,0.000,0.00,0.000,0.000
,1786.537,UPRIGHT,0.6883,0.0000,1.0000,216.0,0.0,0.000,0.000,0.000,0.00,1.000,0.000
,1786.546,UPRIGHT,0.6883,0.0000,1.0000,216.0,0.0,0.000,0.000,0.000,0.00,1.000,0.000
,1786.551,UPRIGHT,0.6883,0.0000,1.0000,216.0,0.0,0.000,0.000,0.000,0.00,1.000,0.000
,1786.555,UPRIGHT,0.6883,0.0000,1.0000,216.0,0.0,0.000,0.000,0.000,0.00,1.000,0.000
,1786.562,UPRIGHT,0.6883,0.0000,1.0000,216.0,0.0,0.000,0.000,0.000,0.00,1.000,0.000
,1786.567,UPRIGHT,0.6883,0.0000,1.0000,216.0,0.0,0.000,0.000,0.000,0.00,1.000,0.000
,1786.571,UPRIGHT,0.6883,0.0000,1.0000,216.0,0.0,0.000,0.000,0.000,0.00,1.000,0.000
,1786.577,UPRIGHT,0.6883,0.0000,1.0000,216.0,0.0,0.000,0.000,0.000,0.00,1.000,0.000
,1786.582,UPRIGHT,0.6883,0.0000,1.0000,216.0,0.0,0.000,0.000,0.000,0.00,1.000,0.000
,1786.587,UPRIGHT,0.6883,0.0000,1.0000,216.0,0.0,0.000,0.000,0.000,0.00,1.000,0.000
,1786.591,UPRIGHT,0.6883,0.0000,1.0000,216.0,-3.8,0.000,0.000,0.000,0.00,1.000,0.000
,1786.595,UPRIGHT,0.6045,0.0000,1.0000,266.8,-3.8,0.000,0.000,0.000,0.00,0.000,0.000
,1786.599,UPRIGHT,0.6045,0.0000,1.0000,266.8,-3.8,0.000,0.000,0.000,0.00,1.000,0.000
,1786.608,UPRIGHT,0.6045,0.0000,1.0000,266.8,-3.8,0.000,0.000,0.000,0.00,1.000,0.000
,1786.612,UPRIGHT,0.6045,0.0000,1.0000,266.8,-3.8,0.000,0.000,0.000,0.00,1.000,0.000
,1786.617,UPRIGHT,0.6045,0.0000,1.0000,266.8,-3.8,0.000,0.000,0.000,0.00,1.000,0.000
,1786.621,UPRIGHT,0.6045,0.0000,1.0000,266.8,-3.8,0.000,0.000,0.000,0.00,1.000,0.000
,1786.640,UPRIGHT,0.6045,0.0000,1.0000,266.8,-7.6,0.000,0.000,0.000,0.00,1.000,0.000
,1786.644,UPRIGHT,0.6045,0.0000,1.0000,266.8,-7.6,0.000,0.000,0.000,0.00,1.000,0.000
,1786.649,UPRIGHT,0.6045,0.0000,1.0000,266.8,-7.6,0.000,0.000,0.000,0.00,1.000,0.000
,1786.656,UPRIGHT,0.5935,0.0000,1.0000,266.8,-3.8,0.000,0.000,0.000,0.00,0.184,0.000
,1786.660,UPRIGHT,0.5935,0.0000,1.0000,266.8,-3.8,0.000,0.000,0.000,0.00,1.000,0.000
,1786.665,UPRIGHT,0.5935,0.0000,1.0000,266.8,-3.8,0.000,0.000,0.000,0.00,1.000,0.000
,1786.669,UPRIGHT,0.5935,0.0000,1.0000,266.8,-3.8,0.000,0.000,0.000,0.00,1.000,0.000
,1786.687,UPRIGHT,0.5935,0.0000,1.0000,266.8,0.0,0.000,0.000,0.000,0.00,1.000,0.000
,1786.692,UPRIGHT,0.5935,0.0000,1.0000,266.8,0.0,0.000,0.000,0.000,0.00,1.000,0.000
,1786.696,UPRIGHT,0.5935,0.0000,1.0000,266.8,0.0,0.000,0.000,0.000,0.00,1.000,0.000
,1786.700,UPRIGHT,0.5935,0.0000,1.0000,266.8,0.0,0.000,0.000,0.000,0.00,1.000,0.000
,1786.719,UPRIGHT,0.5935,0.0000,1.0000,266.8,0.0,0.000,0.000,0.000,0.00,1.000,0.000
,1786.724,UPRIGHT,0.5692,0.0000,1.0000,297.4,0.0,0.000,0.000,0.000,0.00,0.000,0.000
,1786.729,UPRIGHT,0.5692,0.0000,1.0000,297.4,0.0,0.000,0.000,0.000,0.00,1.000,0.000
,1786.734,UPRIGHT,0.5692,0.0000,1.0000,297.4,0.0,0.000,0.000,0.000,0.00,1.000,0.000
,1786.749,UPRIGHT,0.5692,0.0000,1.0000,297.4,0.0,0.000,0.000,0.000,0.00,1.000,0.000
,1786.754,UPRIGHT,0.5692,0.0000,1.0000,297.4,0.0,0.000,0.000,0.000,0.00,1.000,0.000
,1786.764,UPRIGHT,0.5692,0.0000,1.0000,297.4,0.0,0.000,0.000,0.000,0.00,1.000,0.000
,1786.769,UPRIGHT,0.5692,0.0000,1.0000,297.4,0.0,0.000,0.000,0.000,0.00,1.000,0.000
,1786.773,UPRIGHT,0.5692,0.0000,1.0000,297.4,0.0,0.000,0.000,0.000,0.00,1.000,0.000
,1786.780,UPRIGHT,0.5485,0.0000,1.0000,302.4,0.0,0.000,0.000,0.000,0.00,0.000,0.000
,1786.784,UPRIGHT,0.5485,0.0000,1.0000,302.4,0.0,0.000,0.000,0.000,0.00,1.000,0.000
,1786.788,UPRIGHT,0.5485,0.0000,1.0000,302.4,0.0,0.000,0.000,0.000,0.00,1.000,0.000
,1786.795,UPRIGHT,0.5485,0.0000,1.0000,302.4,0.0,0.000,0.000,0.000,0.00,1.000,0.000
,1786.800,UPRIGHT,0.5485,0.0000,1.0000,302.4,0.0,0.000,0.000,0.000,0.00,1.000,0.000
,1786.804,UPRIGHT,0.5485,0.0000,1.0000,302.4,0.0,0.000,0.000,0.000,0.00,1.000,0.000
,1786.808,UPRIGHT,0.5485,0.0000,1.0000,302.4,0.0,0.000,0.000,0.000,0.00,1.000,0.000
,1786.812,UPRIGHT,0.5485,0.0000,1.0000,302.4,0.0,0.000,0.000,0.000,0.00,1.000,0.000
,1786.817,UPRIGHT,0.5485,0.0000,1.0000,302.4,0.0,0.000,0.000,0.000,0.00,1.000,0.000
,1786.826,UPRIGHT,0.5485,0.0000,1.0000,302.4,0.0,0.000,0.000,0.000,0.00,1.000,0.000
,1786.830,UPRIGHT,0.5485,0.0000,1.0000,302.4,0.0,0.000,0.000,0.000,0.00,1.000,0.000
,1786.835,UPRIGHT,0.5485,0.0000,1.0000,302.4,0.0,0.000,0.000,0.000,0.00,1.000,0.000
,1786.839,UPRIGHT,0.5485,0.0000,1.0000,302.4,0.0,0.000,0.000,0.000,0.00,1.000,0.000
,1786.844,UPRIGHT,0.5485,0.0000,1.0000,302.4,0.0,0.000,0.000,0.000,0.00,1.000,0.000
,1786.848,UPRIGHT,0.5485,0.0000,1.0000,302.4,0.0,0.000,0.000,0.000,0.00,1.000,0.000
,1786.857,UPRIGHT,0.5485,0.0000,1.0000,302.4,0.0,0.000,0.000,0.000,0.00,1.000,0.000
,1786.873,UPRIGHT,0.5485,0.0000,1.0000,302.4,0.0,0.000,0.000,0.000,0.00,1.000,0.000
,1786.878,UPRIGHT,0.5485,0.0000,1.0000,302.4,0.0,0.000,0.000,0.000,0.00,1.000,0.000
,1786.883,UPRIGHT,0.5485,0.0000,1.0000,302.4,0.0,0.000,0.000,0.000,0.00,1.000,0.000
,1786.904,UPRIGHT,0.5370,0.0000,1.0000,312.8,0.0,0.000,0.000,0.000,0.00,0.162,0.000
,1786.910,UPRIGHT,0.5370,0.0000,1.0000,312.8,0.0,0.000,0.000,0.000,0.00,1.000,0.000
,1786.915,UPRIGHT,0.5370,0.0000,1.0000,312.8,0.0,0.000,0.000,0.000,0.00,1.000,0.000
,1786.934,UPRIGHT,0.5370,0.0000,1.0000,312.8,0.0,0.000,0.000,0.000,0.00,1.000,0.000
,1786.939,UPRIGHT,0.5370,0.0000,1.0000,312.8,0.0,0.000,0.000,0.000,0.00,1.000,0.000
,1786.950,UPRIGHT,0.5370,0.0000,1.0000,312.8,0.0,0.000,0.000,0.000,0.00,1.000,0.000
,1786.955,UPRIGHT,0.5370,0.0000,1.0000,312.8,0.0,0.000,0.000,0.000,0.00,1.000,0.000
,1786.960,UPRIGHT,0.5370,0.0000,1.0000,312.8,0.0,0.000,0.000,0.000,0.00,1.000,0.000
,1786.965,UPRIGHT,0.5370,0.0000,1.0000,312.8,0.0,0.000,0.000,0.000,0.00,1.000,0.000
,1786.969,UPRIGHT,0.5163,0.0000,1.0000,312.8,0.0,0.000,0.000,0.000,0.00,0.000,0.000
,1786.973,UPRIGHT,0.5163,0.0000,1.0000,312.8,0.0,0.000,0.000,0.000,0.00,1.000,0.000
,1786.978,UPRIGHT,0.5163,0.0000,1.0000,312.8,0.0,0.000,0.000,0.000,0.00,1.000,0.000
,1786.982,UPRIGHT,0.5163,0.0000,1.0000,312.8,0.0,0.000,0.000,0.000,0.00,1.000,0.000
,1786.987,UPRIGHT,0.5163,0.0000,1.0000,312.8,0.0,0.000,0.000,0.000,0.00,1.000,0.000
,1786.991,UPRIGHT,0.5163,0.0000,1.0000,312.8,0.0,0.000,0.000,0.000,0.00,1.000,0.000
,1786.997,UPRIGHT,0.5163,0.0000,1.0000,312.8,0.0,0.000,0.000,0.000,0.00,1.000,0.000
,1787.001,UPRIGHT,0.5163,0.0000,1.0000,312.8,0.0,0.000,0.000,0.000,0.00,1.000,0.000
,1787.006,UPRIGHT,0.5163,0.0000,1.0000,312.8,0.0,0.000,0.000,0.000,0.00,1.000,0.000
,1787.013,UPRIGHT,0.5163,0.0000,1.0000,312.8,0.0,0.000,0.000,0.000,0.00,1.000,0.000
,1787.018,UPRIGHT,0.5163,0.0000,1.0000,312.8,0.0,0.000,0.000,0.000,0.00,1.000,0.000
,1787.022,UPRIGHT,0.5163,0.0000,1.0000,312.8,0.0,0.000,0.000,0.000,0.00,1.000,0.000
,1787.026,UPRIGHT,0.5163,0.0000,1.0000,312.8,0.0,0.000,0.000,0.000,0.00,1.000,0.000
,1787.031,UPRIGHT,0.5357,0.0000,1.0000,312.8,0.0,0.000,0.000,0.000,0.00,0.001,0.000
,1787.044,UPRIGHT,0.5357,0.0000,1.0000,312.8,0.0,0.000,0.000,0.000,0.00,1.000,0.000
,1787.048,UPRIGHT,0.5357,0.0000,1.0000,312.8,0.0,0.000,0.000,0.000,0.00,1.000,0.000
,1787.052,UPRIGHT,0.5357,0.0000,1.0000,312.8,0.0,0.000,0.000,0.000,0.00,1.000,0.000
,1787.059,UPRIGHT,0.5357,0.0000,1.0000,312.8,0.0,0.000,0.000,0.000,0.00,1.000,0.000
,1787.063,UPRIGHT,0.5357,0.0000,1.0000,312.8,0.0,0.000,0.000,0.000,0.00,1.000,0.000
,1787.068,UPRIGHT,0.5357,0.0000,1.0000,312.8,0.0,0.000,0.000,0.000,0.00,1.000,0.000
,1787.072,UPRIGHT,0.5357,0.0000,1.0000,312.8,0.0,0.000,0.000,0.000,0.00,1.000,0.000
,1787.091,UPRIGHT,0.5357,0.0000,1.0000,312.8,0.0,0.000,0.000,0.000,0.00,1.000,0.000
,1787.097,UPRIGHT,0.5357,0.0000,1.0000,312.8,0.0,0.000,0.000,0.000,0.00,1.000,0.000
,1787.106,UPRIGHT,0.5357,0.0000,1.0000,312.8,0.0,0.000,0.000,0.000,0.00,1.000,0.000
,1787.121,UPRIGHT,0.5357,0.0000,1.0000,312.8,0.0,0.000,0.000,0.000,0.00,1.000,0.000
,1787.127,UPRIGHT,0.5357,0.0000,1.0000,312.8,0.0,0.000,0.000,0.000,0.00,1.000,0.000
,1787.133,UPRIGHT,0.5357,0.0000,1.0000,312.8,0.0,0.000,0.000,0.000,0.00,1.000,0.000
,1787.153,UPRIGHT,0.5357,0.0000,1.0000,312.8,0.0,0.000,0.000,0.000,0.00,1.000,0.000
,1787.161,UPRIGHT,0.5344,0.0000,1.0000,312.8,0.0,0.000,0.000,0.000,0.00,0.772,0.000
,1787.167,UPRIGHT,0.5344,0.0000,1.0000,312.8,0.0,0.000,0.000,0.000,0.00,1.000,0.000
,1787.183,UPRIGHT,0.5344,0.0000,1.0000,312.8,0.0,0.000,0.000,0.000,0.00,1.000,0.000
,1787.190,UPRIGHT,0.5344,0.0000,1.0000,312.8,0.0,0.000,0.000,0.000,0.00,1.000,0.000
,1787.195,UPRIGHT,0.5344,0.0000,1.0000,312.8,0.0,0.000,0.000,0.000,0.00,1.000,0.000
,1787.200,UPRIGHT,0.5344,0.0000,1.0000,312.8,25.8,0.000,0.000,0.000,0.00,1.000,0.000
,1787.204,UPRIGHT,0.5344,0.0000,1.0000,312.8,25.8,0.000,0.000,0.000,0.00,1.000,0.000
,1787.209,UPRIGHT,0.5344,0.0000,1.0000,312.8,25.8,0.000,0.000,0.000,0.00,1.000,0.000
,1787.213,UPRIGHT,0.5344,0.0000,1.0000,312.8,25.8,0.000,0.000,0.000,0.00,1.000,0.000
,1787.218,UPRIGHT,0.5335,0.0000,1.0000,312.8,25.8,0.000,0.000,0.000,0.00,0.780,0.000
,1787.222,UPRIGHT,0.5335,0.0000,1.0000,312.8,25.8,0.000,0.000,0.000,0.00,1.000,0.000
,1787.230,UPRIGHT,0.5335,0.0000,1.0000,312.8,25.8,0.000,0.000,0.000,0.00,1.000,0.000
,1787.234,UPRIGHT,0.5335,0.0000,1.0000,312.8,25.8,0.000,0.000,0.000,0.00,1.000,0.000
,1787.238,UPRIGHT,0.5335,0.0000,1.0000,312.8,25.8,0.000,0.000,0.000,0.00,1.000,0.000
,1787.245,UPRIGHT,0.5335,0.0000,1.0000,312.8,25.8,0.000,0.000,0.000,0.00,1.000,0.000
,1787.250,UPRIGHT,0.5335,0.0000,1.0000,312.8,25.8,0.000,0.000,0.000,0.00,1.000,0.000
,1787.254,UPRIGHT,0.5335,0.0000,1.0000,312.8,25.8,0.000,0.000,0.000,0.00,1.000,0.000
,1787.260,UPRIGHT,0.5335,0.0000,1.0000,312.8,25.8,0.000,0.000,0.000,0.00,1.000,0.000
,1787.265,UPRIGHT,0.5335,0.0000,1.0000,312.8,25.8,0.000,0.000,0.000,0.00,1.000,0.000
,1787.277,UPRIGHT,0.5335,0.0000,1.0000,312.8,25.8,0.000,0.000,0.000,0.00,1.000,0.000
,1787.281,UPRIGHT,0.5489,0.0000,1.0000,297.4,25.8,0.000,0.000,0.000,0.00,0.611,0.000
,1787.285,UPRIGHT,0.5489,0.0000,1.0000,297.4,25.8,0.000,0.000,0.000,0.00,1.000,0.000
,1787.292,UPRIGHT,0.5489,0.0000,1.0000,297.4,25.8,0.000,0.000,0.000,0.00,1.000,0.000
,1787.296,UPRIGHT,0.5489,0.0000,1.0000,297.4,25.8,0.000,0.000,0.000,0.00,1.000,0.000
,1787.300,UPRIGHT,0.5489,0.0000,1.0000,297.4,25.8,0.000,0.000,0.000,0.00,1.000,0.000
,1787.304,UPRIGHT,0.5489,0.0000,1.0000,297.4,25.8,0.000,0.000,0.000,0.00,1.000,0.000
,1787.322,UPRIGHT,0.5489,0.0000,1.0000,297.4,28.2,0.000,0.000,0.000,0.00,1.000,0.000
,1787.328,UPRIGHT,0.5489,0.0000,1.0000,297.4,30.6,0.000,0.000,0.000,0.00,1.000,0.000
,1787.332,UPRIGHT,0.5489,0.0000,1.0000,297.4,30.6,0.000,0.000,0.000,0.00,1.000,0.000
,1787.336,UPRIGHT,0.5489,0.0000,1.0000,297.4,30.6,0.000,0.000,0.000,0.00,1.000,0.000
,1787.341,UPRIGHT,0.5322,0.0000,1.0000,312.8,30.6,0.000,0.000,0.000,0.00,0.000,0.000
,1787.355,UPRIGHT,0.5322,0.0000,1.0000,312.8,30.6,0.000,0.000,0.000,0.00,1.000,0.000
,1787.360,UPRIGHT,0.5322,0.0000,1.0000,312.8,30.6,0.000,0.000,0.000,0.00,1.000,0.000
,1787.364,UPRIGHT,0.5322,0.0000,1.0000,312.8,30.6,0.000,0.000,0.000,0.00,1.000,0.000
,1787.368,UPRIGHT,0.5322,0.0000,1.0000,312.8,30.6,0.000,0.000,0.000,0.00,1.000,0.000
,1787.386,UPRIGHT,0.5322,0.0000,1.0000,312.8,30.6,0.000,0.000,0.000,0.00,1.000,0.000
,1787.392,UPRIGHT,0.5322,0.0000,1.0000,312.8,30.6,0.000,0.000,0.000,0.00,1.000,0.000
,1787.397,UPRIGHT,0.5322,0.0000,1.0000,312.8,30.6,0.000,0.000,0.000,0.00,1.000,0.000
,1787.403,UPRIGHT,0.5322,0.0000,1.0000,312.8,30.6,0.000,0.000,0.000,0.00,1.000,0.000
,1787.407,UPRIGHT,0.5322,0.0000,1.0000,312.8,30.6,0.000,0.000,0.000,0.00,1.000,0.000
,1787.411,UPRIGHT,0.5322,0.0000,1.0000,312.8,30.6,0.000,0.000,0.000,0.00,1.000,0.000
,1787.416,UPRIGHT,0.5322,0.0000,1.0000,312.8,30.6,0.000,0.000,0.000,0.00,1.000,0.000
,1787.420,UPRIGHT,0.5322,0.0000,1.0000,312.8,30.6,0.000,0.000,0.000,0.00,1.000,0.000
,1787.434,UPRIGHT,0.5322,0.0000,1.0000,312.8,30.6,0.000,0.000,0.000,0.00,1.000,0.000
,1787.438,UPRIGHT,0.5322,0.0000,1.0000,312.8,33.1,0.000,0.000,0.000,0.00,1.000,0.000
,1787.442,UPRIGHT,0.5322,0.0000,1.0000,312.8,35.6,0.000,0.000,0.000,0.00,1.000,0.000
,1787.448,UPRIGHT,0.5322,0.0000,1.0000,312.8,35.6,0.000,0.000,0.000,0.00,1.000,0.000
,1787.452,UPRIGHT,0.5322,0.0000,1.0000,312.8,35.6,0.000,0.000,0.000,0.00,1.000,0.000
,1787.456,UPRIGHT,0.5322,0.0000,1.0000,312.8,35.6,0.000,0.000,0.000,0.00,1.000,0.000
,1787.465,UPRIGHT,0.5322,0.0000,1.0000,312.8,35.6,0.000,0.000,0.000,0.00,1.000,0.000
,1787.469,UPRIGHT,0.6345,0.0000,1.0000,259.2,35.6,0.000,0.000,0.000,0.00,0.000,0.000
,1787.473,UPRIGHT,0.6345,0.0000,1.0000,259.2,35.6,0.000,0.000,0.000,0.00,1.000,0.000
,1787.481,UPRIGHT,0.6345,0.0000,1.0000,259.2,35.6,0.000,0.000,0.000,0.00,1.000,0.000
,1787.485,UPRIGHT,0.6345,0.0000,1.0000,259.2,35.6,0.000,0.000,0.000,0.00,1.000,0.000
,1787.489,UPRIGHT,0.6345,0.0000,1.0000,259.2,35.6,0.000,0.000,0.000,0.00,1.000,0.000
,1787.496,UPRIGHT,0.6345,0.0000,1.0000,259.2,35.6,0.000,0.000,0.000,0.00,1.000,0.000
,1787.500,UPRIGHT,0.6345,0.0000,1.0000,259.2,35.6,0.000,0.000,0.000,0.00,1.000,0.000
,1787.505,UPRIGHT,0.6345,0.0000,1.0000,259.2,35.6,0.000,0.000,0.000,0.00,1.000,0.000
,1787.509,UPRIGHT,0.6345,0.0000,1.0000,259.2,35.6,0.000,0.000,0.000,0.00,1.000,0.000
,1787.513,UPRIGHT,0.6345,0.0000,1.0000,259.2,35.6,0.000,0.000,0.000,0.00,1.000,0.000
,1787.518,UPRIGHT,0.6345,0.0000,1.0000,259.2,35.6,0.000,0.000,0.000,0.00,1.000,0.000
,1787.522,UPRIGHT,0.6345,0.0000,1.0000,259.2,35.6,0.000,0.000,0.000,0.00,1.000,0.000
,1787.528,UPRIGHT,0.6124,0.0000,1.0000,274.9,35.6,0.000,0.000,0.000,0.00,0.000,0.000
,1787.532,UPRIGHT,0.6124,0.0000,1.0000,274.9,35.6,0.000,0.000,0.000,0.00,1.000,0.000
,1787.543,UPRIGHT,0.6124,0.0000,1.0000,274.9,35.6,0.000,0.000,0.000,0.00,1.000,0.000
,1787.548,UPRIGHT,0.6124,0.0000,1.0000,274.9,35.6,0.000,0.000,0.000,0.00,1.000,0.000
,1787.559,UPRIGHT,0.6124,0.0000,1.0000,274.9,35.6,0.000,0.000,0.000,0.00,1.000,0.000
,1787.563,UPRIGHT,0.6124,0.0000,1.0000,274.9,35.6,0.000,0.000,0.000,0.00,1.000,0.000
,1787.567,UPRIGHT,0.6124,0.0000,1.0000,274.9,35.6,0.000,0.000,0.000,0.00,1.000,0.000
,1787.571,UPRIGHT,0.6124,0.0000,1.0000,274.9,35.6,0.000,0.000,0.000,0.00,1.000,0.000
,1787.591,UPRIGHT,0.6120,0.0000,1.0000,274.9,35.6,0.000,0.000,0.000,0.00,0.052,0.000
,1787.597,UPRIGHT,0.6120,0.0000,1.0000,274.9,35.6,0.000,0.000,0.000,0.00,1.000,0.000
,1787.601,UPRIGHT,0.6120,0.0000,1.0000,274.9,35.6,0.000,0.000,0.000,0.00,1.000,0.000
,1787.606,UPRIGHT,0.6120,0.0000,1.0000,274.9,35.6,0.000,0.000,0.000,0.00,1.000,0.000
,1787.621,UPRIGHT,0.6120,0.0000,1.0000,274.9,35.6,0.000,0.000,0.000,0.00,1.000,0.000
,1787.626,UPRIGHT,0.6120,0.0000,1.0000,274.9,35.6,0.000,0.000,0.000,0.00,1.000,0.000
,1787.631,UPRIGHT,0.6120,0.0000,1.0000,274.9,35.6,0.000,0.000,0.000,0.00,1.000,0.000
,1787.636,UPRIGHT,0.6120,0.0000,1.0000,274.9,35.6,0.000,0.000,0.000,0.00,1.000,0.000
,1787.640,UPRIGHT,0.6120,0.0000,1.0000,274.9,35.6,0.000,0.000,0.000,0.00,1.000,0.000
,1787.644,UPRIGHT,0.6120,0.0000,1.0000,274.9,35.6,0.000,0.000,0.000,0.00,1.000,0.000
,1787.649,UPRIGHT,0.6120,0.0000,1.0000,274.9,35.6,0.000,0.000,0.000,0.00,1.000,0.000
,1787.654,UPRIGHT,0.6120,0.0000,1.0000,274.9,35.6,0.000,0.000,0.000,0.00,1.000,0.000
,1787.658,UPRIGHT,0.6120,0.0000,1.0000,274.9,35.6,0.000,0.000,0.000,0.00,1.000,0.000
,1787.668,UPRIGHT,0.6120,0.0000,1.0000,274.9,35.6,0.000,0.000,0.000,0.00,1.000,0.000
,1787.672,UPRIGHT,0.6120,0.0000,1.0000,274.9,35.6,0.000,0.000,0.000,0.00,1.000,0.000
,1787.676,UPRIGHT,0.6120,0.0000,1.0000,274.9,35.6,0.000,0.000,0.000,0.00,1.000,0.000
,1787.680,UPRIGHT,0.6120,0.0000,1.0000,274.9,35.6,0.000,0.000,0.000,0.00,1.000,0.000
,1787.685,UPRIGHT,0.6120,0.0000,1.0000,274.9,35.6,0.000,0.000,0.000,0.00,1.000,0.000
,1787.689,UPRIGHT,0.6120,0.0000,1.0000,274.9,35.6,0.000,0.000,0.000,0.00,1.000,0.000
,1787.698,UPRIGHT,0.6120,0.0000,1.0000,274.9,35.6,0.000,0.000,0.000,0.00,1.000,0.000
,1787.703,UPRIGHT,0.6120,0.0000,1.0000,274.9,35.6,0.000,0.000,0.000,0.00,1.000,0.000
,1787.707,UPRIGHT,0.6120,0.0000,1.0000,274.9,35.6,0.000,0.000,0.000,0.00,1.000,0.000
,1787.714,UPRIGHT,0.6138,0.0000,1.0000,274.9,35.6,0.000,0.000,0.000,0.00,0.133,0.000
,1787.718,UPRIGHT,0.6138,0.0000,1.0000,274.9,35.6,0.000,0.000,0.000,0.00,1.000,0.000
,1787.730,UPRIGHT,0.6138,0.0000,1.0000,274.9,35.6,0.000,0.000,0.000,0.00,1.000,0.000
,1787.734,UPRIGHT,0.6138,0.0000,1.0000,274.9,35.6,0.000,0.000,0.000,0.00,1.000,0.000
,1787.738,UPRIGHT,0.6138,0.0000,1.0000,274.9,35.6,0.000,0.000,0.000,0.00,1.000,0.000
,1787.745,UPRIGHT,0.6138,0.0000,1.0000,274.9,35.6,0.000,0.000,0.000,0.00,1.000,0.000
,1787.750,UPRIGHT,0.6138,0.0000,1.0000,274.9,35.6,0.000,0.000,0.000,0.00,1.000,0.000
,1787.754,UPRIGHT,0.6138,0.0000,1.0000,274.9,35.6,0.000,0.000,0.000,0.00,1.000,0.000
,1787.760,UPRIGHT,0.6138,0.0000,1.0000,274.9,35.6,0.000,0.000,0.000,0.00,1.000,0.000
,1787.764,UPRIGHT,0.6138,0.0000,1.0000,274.9,35.6,0.000,0.000,0.000,0.00,1.000,0.000
,1787.769,UPRIGHT,0.6138,0.0000,1.0000,274.9,35.6,0.000,0.000,0.000,0.00,1.000,0.000
,1787.776,UPRIGHT,0.6129,0.0000,1.0000,274.9,35.6,0.000,0.000,0.000,0.00,0.000,0.000
,1787.780,UPRIGHT,0.6129,0.0000,1.0000,274.9,35.6,0.000,0.000,0.000,0.00,1.000,0.000
,1787.785,UPRIGHT,0.6129,0.0000,1.0000,274.9,35.6,0.000,0.000,0.000,0.00,1.000,0.000
,1787.792,UPRIGHT,0.6129,0.0000,1.0000,274.9,35.6,0.000,0.000,0.000,0.00,1.000,0.000
,1787.807,UPRIGHT,0.6129,0.0000,1.0000,274.9,35.6,0.000,0.000,0.000,0.00,1.000,0.000
,1787.813,UPRIGHT,0.6129,0.0000,1.0000,274.9,35.6,0.000,0.000,0.000,0.00,1.000,0.000
,1787.818,UPRIGHT,0.6129,0.0000,1.0000,274.9,35.6,0.000,0.000,0.000,0.00,1.000,0.000
,1787.838,UPRIGHT,0.6129,0.0000,1.0000,274.9,35.6,0.000,0.000,0.000,0.00,1.000,0.000
,1787.845,UPRIGHT,0.6724,0.0000,1.0000,263.0,35.6,0.000,0.000,0.000,0.00,0.000,0.000
,1787.850,UPRIGHT,0.6724,0.0000,1.0000,263.0,35.6,0.000,0.000,0.000,0.00,1.000,0.000
,1787.868,UPRIGHT,0.6724,0.0000,1.0000,263.0,35.6,0.000,0.000,0.000,0.00,1.000,0.000
,1787.877,UPRIGHT,0.6724,0.0000,1.0000,263.0,35.6,0.000,0.000,0.000,0.00,1.000,0.000
,1787.882,UPRIGHT,0.6724,0.0000,1.0000,263.0,35.6,0.000,0.000,0.000,0.00,1.000,0.000
,1787.899,UPRIGHT,0.6724,0.0000,1.0000,263.0,35.6,0.000,0.000,0.000,0.00,1.000,0.000
,1787.904,UPRIGHT,0.6724,0.0000,1.0000,263.0,35.6,0.000,0.000,0.000,0.00,1.000,0.000
,1787.908,UPRIGHT,0.6724,0.0000,1.0000,263.0,35.6,0.000,0.000,0.000,0.00,1.000,0.000
,1787.915,UPRIGHT,0.6724,0.0000,1.0000,263.0,35.6,0.000,0.000,0.000,0.00,1.000,0.000
,1787.920,UPRIGHT,0.6724,0.0000,1.0000,263.0,35.6,0.000,0.000,0.000,0.00,1.000,0.000
,1787.924,UPRIGHT,0.6724,0.0000,1.0000,263.0,35.6,0.000,0.000,0.000,0.00,1.000,0.000
,1787.931,UPRIGHT,0.6724,0.0000,1.0000,263.0,35.6,0.000,0.000,0.000,0.00,1.000,0.000
,1787.935,UPRIGHT,0.6724,0.0000,1.0000,263.0,35.6,0.000,0.000,0.000,0.00,1.000,0.000
,1787.946,UPRIGHT,0.6724,0.0000,1.0000,263.0,35.6,0.000,0.000,0.000,0.00,1.000,0.000
,1787.951,UPRIGHT,0.6724,0.0000,1.0000,263.0,35.6,0.000,0.000,0.000,0.00,1.000,0.000
,1787.955,UPRIGHT,0.6724,0.0000,1.0000,263.0,35.6,0.000,0.000,0.000,0.00,1.000,0.000
,1787.960,UPRIGHT,0.6724,0.0000,1.0000,263.0,35.6,0.000,0.000,0.000,0.00,1.000,0.000
,1787.965,UPRIGHT,0.7363,0.0000,1.0000,235.6,35.6,0.000,0.000,0.000,0.00,0.000,0.000
,1787.969,UPRIGHT,0.7363,0.0000,1.0000,235.6,35.6,0.000,0.000,0.000,0.00,1.000,0.000
,1787.973,UPRIGHT,0.7363,0.0000,1.0000,235.6,35.6,0.000,0.000,0.000,0.00,1.000,0.000
,1787.978,UPRIGHT,0.7363,0.0000,1.0000,235.6,35.6,0.000,0.000,0.000,0.00,1.000,0.000
,1787.982,UPRIGHT,0.7363,0.0000,1.0000,235.6,35.6,0.000,0.000,0.000,0.00,1.000,0.000
,1787.993,UPRIGHT,0.7363,0.0000,1.0000,235.6,30.6,0.000,0.000,0.000,0.00,1.000,0.000
,1787.997,UPRIGHT,0.7363,0.0000,1.0000,235.6,30.6,0.000,0.000,0.000,0.00,1.000,0.000
,1788.001,UPRIGHT,0.7363,0.0000,1.0000,235.6,30.6,0.000,0.000,0.000,0.00,1.000,0.000
,1788.008,UPRIGHT,0.7363,0.0000,1.0000,235.6,30.6,0.000,0.000,0.000,0.00,1.000,0.000
,1788.024,UPRIGHT,0.7363,0.0000,1.0000,235.6,30.6,0.000,0.000,0.000,0.00,1.000,0.000
,1788.029,UPRIGHT,0.6750,0.0000,1.0000,266.8,30.6,0.000,0.000,0.000,0.00,0.000,0.000
,1788.033,UPRIGHT,0.6750,0.0000,1.0000,266.8,30.6,0.000,0.000,0.000,0.00,1.000,0.000
,1788.039,UPRIGHT,0.6750,0.0000,1.0000,266.8,30.6,0.000,0.000,0.000,0.00,1.000,0.000
,1788.044,UPRIGHT,0.6750,0.0000,1.0000,266.8,19.4,0.000,0.000,0.000,0.00,1.000,0.000
,1788.048,UPRIGHT,0.6750,0.0000,1.0000,266.8,8.1,0.000,0.000,0.000,0.00,1.000,0.000
,1788.055,UPRIGHT,0.6750,0.0000,1.0000,266.8,8.1,0.000,0.000,0.000,0.00,1.000,0.000
,1788.059,UPRIGHT,0.6750,0.0000,1.0000,266.8,8.1,0.000,0.000,0.000,0.00,1.000,0.000
,1788.063,UPRIGHT,0.6750,0.0000,1.0000,266.8,8.1,0.000,0.000,0.000,0.00,1.000,0.000
,1788.071,UPRIGHT,0.6750,0.0000,1.0000,266.8,8.1,0.000,0.000,0.000,0.00,1.000,0.000
,1788.075,UPRIGHT,0.6750,0.0000,1.0000,266.8,8.1,0.000,0.000,0.000,0.00,1.000,0.000
,1788.086,UPRIGHT,0.6750,0.0000,1.0000,266.8,8.1,0.000,0.000,0.000,0.00,1.000,0.000
,1788.091,UPRIGHT,0.6658,0.0000,1.0000,274.9,8.1,0.000,0.000,0.000,0.00,0.000,0.000
,1788.095,UPRIGHT,0.6658,0.0000,1.0000,274.9,8.1,0.000,0.000,0.000,0.00,1.000,0.000
,1788.102,UPRIGHT,0.6658,0.0000,1.0000,274.9,8.1,0.000,0.000,0.000,0.00,1.000,0.000
,1788.118,UPRIGHT,0.6658,0.0000,1.0000,274.9,8.1,0.000,0.000,0.000,0.00,1.000,0.000
,1788.122,UPRIGHT,0.6658,0.0000,1.0000,274.9,8.1,0.000,0.000,0.000,0.00,1.000,0.000
,1788.133,UPRIGHT,0.6658,0.0000,1.0000,274.9,8.1,0.000,0.000,0.000,0.00,1.000,0.000
,1788.137,UPRIGHT,0.6658,0.0000,1.0000,274.9,8.1,0.000,0.000,0.000,0.00,1.000,0.000
,1788.149,UPRIGHT,0.6658,0.0000,1.0000,274.9,8.1,0.000,0.000,0.000,0.00,1.000,0.000
,1788.154,UPRIGHT,0.6217,0.0000,1.0000,266.8,8.1,0.000,0.000,0.000,0.00,0.000,0.000
,1788.164,UPRIGHT,0.6217,0.0000,1.0000,266.8,8.1,0.000,0.000,0.000,0.00,1.000,0.000
,1788.169,UPRIGHT,0.6217,0.0000,1.0000,266.8,8.1,0.000,0.000,0.000,0.00,1.000,0.000
,1788.180,UPRIGHT,0.6217,0.0000,1.0000,266.8,8.1,0.000,0.000,0.000,0.00,1.000,0.000
,1788.184,UPRIGHT,0.6217,0.0000,1.0000,266.8,8.1,0.000,0.000,0.000,0.00,1.000,0.000
,1788.188,UPRIGHT,0.6217,0.0000,1.0000,266.8,8.1,0.000,0.000,0.000,0.00,1.000,0.000
,1788.195,UPRIGHT,0.6217,0.0000,1.0000,266.8,8.1,0.000,0.000,0.000,0.00,1.000,0.000
,1788.199,UPRIGHT,0.6217,0.0000,1.0000,266.8,8.1,0.000,0.000,0.000,0.00,1.000,0.000
,1788.203,UPRIGHT,0.6217,0.0000,1.0000,266.8,8.1,0.000,0.000,0.000,0.00,1.000,0.000
,1788.211,UPRIGHT,0.6217,0.0000,1.0000,266.8,8.1,0.000,0.000,0.000,0.00,1.000,0.000
,1788.215,UPRIGHT,0.6217,0.0000,1.0000,266.8,8.1,0.000,0.000,0.000,0.00,1.000,0.000
,1788.219,UPRIGHT,0.6217,0.0000,1.0000,266.8,8.1,0.000,0.000,0.000,0.00,1.000,0.000
,1788.226,UPRIGHT,0.6217,0.0000,1.0000,266.8,8.1,0.000,0.000,0.000,0.00,1.000,0.000
,1788.230,UPRIGHT,0.6217,0.0000,1.0000,266.8,8.1,0.000,0.000,0.000,0.00,1.000,0.000
,1788.235,UPRIGHT,0.6217,0.0000,1.0000,266.8,8.1,0.000,0.000,0.000,0.00,1.000,0.000
,1788.242,UPRIGHT,0.6217,0.0000,1.0000,266.8,8.1,0.000,0.000,0.000,0.00,1.000,0.000
,1788.258,UPRIGHT,0.6217,0.0000,1.0000,266.8,8.1,0.000,0.000,0.000,0.00,1.000,0.000
,1788.262,UPRIGHT,0.6217,0.0000,1.0000,266.8,8.1,0.000,0.000,0.000,0.00,1.000,0.000
,1788.266,UPRIGHT,0.6217,0.0000,1.0000,266.8,8.1,0.000,0.000,0.000,0.00,1.000,0.000
,1788.274,UPRIGHT,0.6213,0.0000,1.0000,274.9,8.1,0.000,0.000,0.000,0.00,0.000,0.000
,1788.278,UPRIGHT,0.6213,0.0000,1.0000,274.9,8.1,0.000,0.000,0.000,0.00,1.000,0.000
,1788.282,UPRIGHT,0.6213,0.0000,1.0000,274.9,8.1,0.000,0.000,0.000,0.00,1.000,0.000
,1788.289,UPRIGHT,0.6213,0.0000,1.0000,274.9,8.1,0.000,0.000,0.000,0.00,1.000,0.000
,1788.293,UPRIGHT,0.6213,0.0000,1.0000,274.9,8.1,0.000,0.000,0.000,0.00,1.000,0.000
,1788.297,UPRIGHT,0.6213,0.0000,1.0000,274.9,8.1,0.000,0.000,0.000,0.00,1.000,0.000
,1788.301,UPRIGHT,0.6213,0.0000,1.0000,274.9,8.1,0.000,0.000,0.000,0.00,1.000,0.000
,1788.306,UPRIGHT,0.6213,0.0000,1.0000,274.9,8.1,0.000,0.000,0.000,0.00,1.000,0.000
,1788.310,UPRIGHT,0.6213,0.0000,1.0000,274.9,8.1,0.000,0.000,0.000,0.00,1.000,0.000
,1788.314,UPRIGHT,0.6213,0.0000,1.0000,274.9,8.1,0.000,0.000,0.000,0.00,1.000,0.000
,1788.319,UPRIGHT,0.6213,0.0000,1.0000,274.9,8.1,0.000,0.000,0.000,0.00,1.000,0.000
,1788.323,UPRIGHT,0.6213,0.0000,1.0000,274.9,8.1,0.000,0.000,0.000,0.00,1.000,0.000
,1788.335,UPRIGHT,0.6213,0.0000,1.0000,274.9,8.1,0.000,0.000,0.000,0.00,1.000,0.000
,1788.340,UPRIGHT,0.6407,0.0000,1.0000,259.2,8.1,0.000,0.000,0.000,0.00,0.339,0.000
,1788.344,UPRIGHT,0.6407,0.0000,1.0000,259.2,8.1,0.000,0.000,0.000,0.00,1.000,0.000
,1788.348,UPRIGHT,0.6407,0.0000,1.0000,259.2,8.1,0.000,0.000,0.000,0.00,1.000,0.000
,1788.353,UPRIGHT,0.6407,0.0000,1.0000,259.2,8.1,0.000,0.000,0.000,0.00,1.000,0.000
,1788.357,UPRIGHT,0.6407,0.0000,1.0000,259.2,8.1,0.000,0.000,0.000,0.00,1.000,0.000
,1788.366,UPRIGHT,0.6407,0.0000,1.0000,259.2,8.1,0.000,0.000,0.000,0.00,1.000,0.000
,1788.370,UPRIGHT,0.6407,0.0000,1.0000,259.2,8.1,0.000,0.000,0.000,0.00,1.000,0.000
,1788.382,UPRIGHT,0.6407,0.0000,1.0000,259.2,8.1,0.000,0.000,0.000,0.00,1.000,0.000
,1788.386,UPRIGHT,0.6407,0.0000,1.0000,259.2,8.1,0.000,0.000,0.000,0.00,1.000,0.000
,1788.390,UPRIGHT,0.6407,0.0000,1.0000,259.2,8.1,0.000,0.000,0.000,0.00,1.000,0.000
,1788.394,UPRIGHT,0.6407,0.0000,1.0000,259.2,8.1,0.000,0.000,0.000,0.00,1.000,0.000
,1788.399,UPRIGHT,0.6526,0.0000,1.0000,259.2,8.1,0.000,0.000,0.000,0.00,0.000,0.000
,1788.403,UPRIGHT,0.6526,0.0000,1.0000,259.2,8.1,0.000,0.000,0.000,0.00,1.000,0.000
,1788.413,UPRIGHT,0.6526,0.0000,1.0000,259.2,8.1,0.000,0.000,0.000,0.00,1.000,0.000
,1788.417,UPRIGHT,0.6526,0.0000,1.0000,259.2,8.1,0.000,0.000,0.000,0.00,1.000,0.000
,1788.421,UPRIGHT,0.6526,0.0000,1.0000,259.2,8.1,0.000,0.000,0.000,0.00,1.000,0.000
,1788.429,UPRIGHT,0.6526,0.0000,1.0000,259.2,8.1,0.000,0.000,0.000,0.00,1.000,0.000
,1788.433,UPRIGHT,0.6526,0.0000,1.0000,259.2,8.1,0.000,0.000,0.000,0.00,1.000,0.000
,1788.437,UPRIGHT,0.6526,0.0000,1.0000,259.2,8.1,0.000,0.000,0.000,0.00,1.000,0.000
,1788.442,UPRIGHT,0.6526,0.0000,1.0000,259.2,8.1,0.000,0.000,0.000,0.00,1.000,0.000
,1788.446,UPRIGHT,0.6526,0.0000,1.0000,259.2,8.1,0.000,0.000,0.000,0.00,1.000,0.000
,1788.450,UPRIGHT,0.6526,0.0000,1.0000,259.2,8.1,0.000,0.000,0.000,0.00,1.000,0.000
,1788.455,UPRIGHT,0.6526,0.0000,1.0000,259.2,8.1,0.000,0.000,0.000,0.00,1.000,0.000
,1788.461,UPRIGHT,0.6526,0.0000,1.0000,259.2,8.1,0.000,0.000,0.000,0.00,1.000,0.000
,1788.465,UPRIGHT,0.6526,0.0000,1.0000,259.2,8.1,0.000,0.000,0.000,0.00,1.000,0.000
,1788.469,UPRIGHT,0.6526,0.0000,1.0000,259.2,8.1,0.000,0.000,0.000,0.00,1.000,0.000
,1788.477,UPRIGHT,0.6526,0.0000,1.0000,259.2,8.1,0.000,0.000,0.000,0.00,1.000,0.000
,1788.481,UPRIGHT,0.6526,0.0000,1.0000,259.2,8.1,0.000,0.000,0.000,0.00,1.000,0.000
,1788.492,UPRIGHT,0.6526,0.0000,1.0000,259.2,4.0,0.000,0.000,0.000,0.00,1.000,0.000
,1788.507,UPRIGHT,0.6526,0.0000,1.0000,259.2,0.0,0.000,0.000,0.000,0.00,1.000,0.000
,1788.514,UPRIGHT,0.6526,0.0000,1.0000,259.2,0.0,0.000,0.000,0.000,0.00,1.000,0.000
,1788.520,UPRIGHT,0.6526,0.0000,1.0000,259.2,0.0,0.000,0.000,0.000,0.00,1.000,0.000
,1788.538,UPRIGHT,0.6640,0.0000,1.0000,255.5,0.0,0.000,0.000,0.000,0.00,0.236,0.000
,1788.544,UPRIGHT,0.6640,0.0000,1.0000,255.5,0.0,0.000,0.000,0.000,0.00,1.000,0.000
,1788.548,UPRIGHT,0.6640,0.0000,1.0000,255.5,0.0,0.000,0.000,0.000,0.00,1.000,0.000
,1788.554,UPRIGHT,0.6640,0.0000,1.0000,255.5,0.0,0.000,0.000,0.000,0.00,1.000,0.000
,1788.557,UPRIGHT,0.6640,0.0000,1.0000,255.5,0.0,0.000,0.000,0.000,0.00,1.000,0.000
,1788.562,UPRIGHT,0.6640,0.0000,1.0000,255.5,0.0,0.000,0.000,0.000,0.00,1.000,0.000
,1788.566,UPRIGHT,0.6640,0.0000,1.0000,255.5,0.0,0.000,0.000,0.000,0.00,1.000,0.000
,1788.570,UPRIGHT,0.6640,0.0000,1.0000,255.5,0.0,0.000,0.000,0.000,0.00,1.000,0.000
,1788.575,UPRIGHT,0.6640,0.0000,1.0000,255.5,0.0,0.000,0.000,0.000,0.00,1.000,0.000
,1788.584,UPRIGHT,0.6640,0.0000,1.0000,255.5,0.0,0.000,0.000,0.000,0.00,1.000,0.000
,1788.589,UPRIGHT,0.6618,0.0000,1.0000,263.0,0.0,0.000,0.000,0.000,0.00,0.000,0.000
,1788.593,UPRIGHT,0.6618,0.0000,1.0000,263.0,0.0,0.000,0.000,0.000,0.00,1.000,0.000
,1788.597,UPRIGHT,0.6618,0.0000,1.0000,263.0,0.0,0.000,0.000,0.000,0.00,1.000,0.000
,1788.602,UPRIGHT,0.6618,0.0000,1.0000,263.0,0.0,0.000,0.000,0.000,0.00,1.000,0.000
,1788.616,UPRIGHT,0.6618,0.0000,1.0000,263.0,0.0,0.000,0.000,0.000,0.00,1.000,0.000
,1788.620,UPRIGHT,0.6618,0.0000,1.0000,263.0,0.0,0.000,0.000,0.000,0.00,1.000,0.000
,1788.624,UPRIGHT,0.6618,0.0000,1.0000,263.0,0.0,0.000,0.000,0.000,0.00,1.000,0.000
,1788.631,UPRIGHT,0.6618,0.0000,1.0000,263.0,0.0,0.000,0.000,0.000,0.00,1.000,0.000
,1788.635,UPRIGHT,0.6618,0.0000,1.0000,263.0,0.0,0.000,0.000,0.000,0.00,1.000,0.000
,1788.639,UPRIGHT,0.6618,0.0000,1.0000,263.0,0.0,0.000,0.000,0.000,0.00,1.000,0.000
,1788.648,UPRIGHT,0.6693,0.0000,1.0000,259.2,0.0,0.000,0.000,0.000,0.00,0.581,0.000
,1788.652,UPRIGHT,0.6693,0.0000,1.0000,259.2,0.0,0.000,0.000,0.000,0.00,1.000,0.000
,1788.656,UPRIGHT,0.6693,0.0000,1.0000,259.2,0.0,0.000,0.000,0.000,0.00,1.000,0.000
,1788.662,UPRIGHT,0.6693,0.0000,1.0000,259.2,0.0,0.000,0.000,0.000,0.00,1.000,0.000
,1788.666,UPRIGHT,0.6693,0.0000,1.0000,259.2,0.0,0.000,0.000,0.000,0.00,1.000,0.000
,1788.670,UPRIGHT,0.6693,0.0000,1.0000,259.2,0.0,0.000,0.000,0.000,0.00,1.000,0.000
,1788.677,UPRIGHT,0.6693,0.0000,1.0000,259.2,0.0,0.000,0.000,0.000,0.00,1.000,0.000
,1788.682,UPRIGHT,0.6693,0.0000,1.0000,259.2,0.0,0.000,0.000,0.000,0.00,1.000,0.000
,1788.686,UPRIGHT,0.6693,0.0000,1.0000,259.2,0.0,0.000,0.000,0.000,0.00,1.000,0.000
,1788.693,UPRIGHT,0.6693,0.0000,1.0000,259.2,0.0,0.000,0.000,0.000,0.00,1.000,0.000
,1788.697,UPRIGHT,0.6693,0.0000,1.0000,259.2,0.0,0.000,0.000,0.000,0.00,1.000,0.000
,1788.701,UPRIGHT,0.6693,0.0000,1.0000,259.2,0.0,0.000,0.000,0.000,0.00,1.000,0.000
,1788.709,UPRIGHT,0.6693,0.0000,1.0000,259.2,0.0,0.000,0.000,0.000,0.00,1.000,0.000
,1788.713,UPRIGHT,0.6693,0.0000,1.0000,259.2,0.0,0.000,0.000,0.000,0.00,1.000,0.000
,1788.717,UPRIGHT,0.6693,0.0000,1.0000,259.2,0.0,0.000,0.000,0.000,0.00,1.000,0.000
,1788.724,UPRIGHT,0.6693,0.0000,1.0000,259.2,0.0,0.000,0.000,0.000,0.00,1.000,0.000
,1788.740,UPRIGHT,0.6693,0.0000,1.0000,259.2,0.0,0.000,0.000,0.000,0.00,1.000,0.000
,1788.746,UPRIGHT,0.6693,0.0000,1.0000,259.2,-1.9,0.000,0.000,0.000,0.00,1.000,0.000
,1788.750,UPRIGHT,0.6693,0.0000,1.0000,259.2,-3.9,0.000,0.000,0.000,0.00,1.000,0.000
,1788.771,UPRIGHT,0.6693,0.0000,1.0000,259.2,-3.9,0.000,0.000,0.000,0.00,1.000,0.000
,1788.778,UPRIGHT,0.7165,0.0000,1.0000,226.8,-3.9,0.000,0.000,0.000,0.00,0.000,0.000
,1788.783,UPRIGHT,0.7165,0.0000,1.0000,226.8,-3.9,0.000,0.000,0.000,0.00,1.000,0.000
,1788.787,UPRIGHT,0.7165,0.0000,1.0000,226.8,-3.9,0.000,0.000,0.000,0.00,1.000,0.000
,1788.792,UPRIGHT,0.7165,0.0000,1.0000,226.8,-3.9,0.000,0.000,0.000,0.00,1.000,0.000
,1788.797,UPRIGHT,0.7165,0.0000,1.0000,226.8,-3.9,0.000,0.000,0.000,0.00,1.000,0.000
,1788.818,UPRIGHT,0.7165,0.0000,1.0000,226.8,-3.9,0.000,0.000,0.000,0.00,1.000,0.000
,1788.822,UPRIGHT,0.7165,0.0000,1.0000,226.8,-3.9,0.000,0.000,0.000,0.00,1.000,0.000
,1788.833,UPRIGHT,0.7165,0.0000,1.0000,226.8,-3.9,0.000,0.000,0.000,0.00,1.000,0.000
,1788.839,UPRIGHT,0.7174,0.0000,1.0000,226.8,-3.9,0.000,0.000,0.000,0.00,0.735,0.000
,1788.843,UPRIGHT,0.7174,0.0000,1.0000,226.8,-3.9,0.000,0.000,0.000,0.00,1.000,0.000
,1788.848,UPRIGHT,0.7174,0.0000,1.0000,226.8,-3.9,0.000,0.000,0.000,0.00,1.000,0.000
,1788.865,UPRIGHT,0.7174,0.0000,1.0000,226.8,-3.9,0.000,0.000,0.000,0.00,1.000,0.000
,1788.871,UPRIGHT,0.7174,0.0000,1.0000,226.8,-3.9,0.000,0.000,0.000,0.00,1.000,0.000
,1788.876,UPRIGHT,0.7174,0.0000,1.0000,226.8,-3.9,0.000,0.000,0.000,0.00,1.000,0.000
,1788.880,UPRIGHT,0.7174,0.0000,1.0000,226.8,-3.9,0.000,0.000,0.000,0.00,1.000,0.000
,1788.885,UPRIGHT,0.7174,0.0000,1.0000,226.8,-3.9,0.000,0.000,0.000,0.00,1.000,0.000
,1788.896,UPRIGHT,0.7174,0.0000,1.0000,226.8,-3.9,0.000,0.000,0.000,0.00,1.000,0.000
,1788.901,UPRIGHT,0.6755,0.0000,1.0000,259.2,-3.9,0.000,0.000,0.000,0.00,0.000,0.000
,1788.913,UPRIGHT,0.6755,0.0000,1.0000,259.2,-3.9,0.000,0.000,0.000,0.00,1.000,0.000
,1788.918,UPRIGHT,0.6755,0.0000,1.0000,259.2,-3.9,0.000,0.000,0.000,0.00,1.000,0.000
,1788.927,UPRIGHT,0.6755,0.0000,1.0000,259.2,-3.9,0.000,0.000,0.000,0.00,1.000,0.000
,1788.932,UPRIGHT,0.6755,0.0000,1.0000,259.2,-5.7,0.000,0.000,0.000,0.00,1.000,0.000
,1788.936,UPRIGHT,0.6755,0.0000,1.0000,259.2,-7.6,0.000,0.000,0.000,0.00,1.000,0.000
,1788.943,UPRIGHT,0.6755,0.0000,1.0000,259.2,-7.6,0.000,0.000,0.000,0.00,1.000,0.000
,1788.947,UPRIGHT,0.6755,0.0000,1.0000,259.2,-7.6,0.000,0.000,0.000,0.00,1.000,0.000
,1788.959,UPRIGHT,0.6755,0.0000,1.0000,259.2,-7.6,0.000,0.000,0.000,0.00,1.000,0.000
,1788.964,UPRIGHT,0.6548,0.0000,1.0000,266.8,-7.6,0.000,0.000,0.000,0.00,0.493,0.000
,1788.969,UPRIGHT,0.6548,0.0000,1.0000,266.8,-7.6,0.000,0.000,0.000,0.00,1.000,0.000
,1788.975,UPRIGHT,0.6548,0.0000,1.0000,266.8,-7.6,0.000,0.000,0.000,0.00,1.000,0.000
,1788.979,UPRIGHT,0.6548,0.0000,1.0000,266.8,-7.6,0.000,0.000,0.000,0.00,1.000,0.000
,1788.983,UPRIGHT,0.6548,0.0000,1.0000,266.8,-7.6,0.000,0.000,0.000,0.00,1.000,0.000
,1788.988,UPRIGHT,0.6548,0.0000,1.0000,266.8,-7.6,0.000,0.000,0.000,0.00,1.000,0.000
,1789.007,UPRIGHT,0.6548,0.0000,1.0000,266.8,-7.6,0.000,0.000,0.000,0.00,1.000,0.000
,1789.012,UPRIGHT,0.6548,0.0000,1.0000,266.8,-7.6,0.000,0.000,0.000,0.00,1.000,0.000
,1789.016,UPRIGHT,0.6548,0.0000,1.0000,266.8,-7.6,0.000,0.000,0.000,0.00,1.000,0.000
,1789.022,UPRIGHT,0.6548,0.0000,1.0000,266.8,-7.6,0.000,0.000,0.000,0.00,1.000,0.000
,1789.027,UPRIGHT,0.6446,0.0000,1.0000,274.9,-7.6,0.000,0.000,0.000,0.00,0.000,0.000
,1789.031,UPRIGHT,0.6446,0.0000,1.0000,274.9,-7.6,0.000,0.000,0.000,0.00,1.000,0.000
,1789.038,UPRIGHT,0.6446,0.0000,1.0000,274.9,-7.6,0.000,0.000,0.000,0.00,1.000,0.000
,1789.042,UPRIGHT,0.6446,0.0000,1.0000,274.9,-7.6,0.000,0.000,0.000,0.00,1.000,0.000
,1789.046,UPRIGHT,0.6446,0.0000,1.0000,274.9,-7.6,0.000,0.000,0.000,0.00,1.000,0.000
,1789.050,UPRIGHT,0.6446,0.0000,1.0000,274.9,-7.6,0.000,0.000,0.000,0.00,1.000,0.000
,1789.054,UPRIGHT,0.6446,0.0000,1.0000,274.9,-7.6,0.000,0.000,0.000,0.00,1.000,0.000
,1789.059,UPRIGHT,0.6446,0.0000,1.0000,274.9,-7.6,0.000,0.000,0.000,0.00,1.000,0.000
,1789.069,UPRIGHT,0.6446,0.0000,1.0000,274.9,-7.6,0.000,0.000,0.000,0.00,1.000,0.000
,1789.073,UPRIGHT,0.6446,0.0000,1.0000,274.9,-7.6,0.000,0.000,0.000,0.00,1.000,0.000
,1789.077,UPRIGHT,0.6446,0.0000,1.0000,274.9,-7.6,0.000,0.000,0.000,0.00,1.000,0.000
,1789.082,UPRIGHT,0.6446,0.0000,1.0000,274.9,-7.6,0.000,0.000,0.000,0.00,1.000,0.000
,1789.086,UPRIGHT,0.6446,0.0000,1.0000,274.9,-7.6,0.000,0.000,0.000,0.00,1.000,0.000
,1789.090,UPRIGHT,0.6446,0.0000,1.0000,274.9,-7.6,0.000,0.000,0.000,0.00,1.000,0.000
,1789.100,UPRIGHT,0.6446,0.0000,1.0000,274.9,-7.6,0.000,0.000,0.000,0.00,1.000,0.000
,1789.104,UPRIGHT,0.6446,0.0000,1.0000,274.9,-7.6,0.000,0.000,0.000,0.00,1.000,0.000
,1789.108,UPRIGHT,0.6446,0.0000,1.0000,274.9,-7.6,0.000,0.000,0.000,0.00,1.000,0.000
,1789.113,UPRIGHT,0.6446,0.0000,1.0000,274.9,-5.7,0.000,0.000,0.000,0.00,1.000,0.000
,1789.117,UPRIGHT,0.6446,0.0000,1.0000,274.9,-5.7,0.000,0.000,0.000,0.00,1.000,0.000
,1789.131,UPRIGHT,0.6446,0.0000,1.0000,274.9,-7.6,0.000,0.000,0.000,0.00,1.000,0.000
,1789.135,UPRIGHT,0.6446,0.0000,1.0000,274.9,-7.6,0.000,0.000,0.000,0.00,1.000,0.000
,1789.139,UPRIGHT,0.6446,0.0000,1.0000,274.9,-7.6,0.000,0.000,0.000,0.00,1.000,0.000
,1789.146,UPRIGHT,0.6446,0.0000,1.0000,274.9,-7.6,0.000,0.000,0.000,0.00,1.000,0.000
,1789.150,UPRIGHT,0.5930,0.0000,1.0000,297.4,-5.7,0.000,0.000,0.000,0.00,0.000,0.000
,1789.154,UPRIGHT,0.5930,0.0000,1.0000,297.4,-5.7,0.000,0.000,0.000,0.00,1.000,0.000
,1789.162,UPRIGHT,0.5930,0.0000,1.0000,297.4,-7.6,0.000,0.000,0.000,0.00,1.000,0.000
,1789.166,UPRIGHT,0.5930,0.0000,1.0000,297.4,-3.9,0.000,0.000,0.000,0.00,1.000,0.000
,1789.170,UPRIGHT,0.5930,0.0000,1.0000,297.4,-3.9,0.000,0.000,0.000,0.00,1.000,0.000
,1789.177,UPRIGHT,0.5930,0.0000,1.0000,297.4,-3.9,0.000,0.000,0.000,0.00,1.000,0.000
,1789.182,UPRIGHT,0.5930,0.0000,1.0000,297.4,-3.9,0.000,0.000,0.000,0.00,1.000,0.000
,1789.186,UPRIGHT,0.5930,0.0000,1.0000,297.4,-3.9,0.000,0.000,0.000,0.00,1.000,0.000
,1789.191,UPRIGHT,0.5930,0.0000,1.0000,297.4,-3.9,0.000,0.000,0.000,0.00,1.000,0.000
,1789.209,UPRIGHT,0.5930,0.0000,1.0000,297.4,-3.9,0.000,0.000,0.000,0.00,1.000,0.000
,1789.214,UPRIGHT,0.6918,0.0000,1.0000,238.7,-3.9,0.000,0.000,0.000,0.00,0.000,0.000
,1789.225,UPRIGHT,0.6918,0.0000,1.0000,238.7,-3.9,0.000,0.000,0.000,0.00,1.000,0.000
,1789.240,UPRIGHT,0.6918,0.0000,1.0000,238.7,-3.9,0.000,0.000,0.000,0.00,1.000,0.000
,1789.246,UPRIGHT,0.6918,0.0000,1.0000,238.7,-3.9,0.000,0.000,0.000,0.00,1.000,0.000
,1789.251,UPRIGHT,0.6918,0.0000,1.0000,238.7,-3.9,0.000,0.000,0.000,0.00,1.000,0.000
,1789.256,UPRIGHT,0.6918,0.0000,1.0000,238.7,-3.9,0.000,0.000,0.000,0.00,1.000,0.000
,1789.261,UPRIGHT,0.6918,0.0000,1.0000,238.7,-3.9,0.000,0.000,0.000,0.00,1.000,0.000
,1789.265,UPRIGHT,0.6918,0.0000,1.0000,238.7,-5.7,0.000,0.000,0.000,0.00,1.000,0.000
,1789.269,UPRIGHT,0.6918,0.0000,1.0000,238.7,-7.6,0.000,0.000,0.000,0.00,1.000,0.000
,1789.274,UPRIGHT,0.6098,0.0000,1.0000,266.8,-7.6,0.000,0.000,0.000,0.00,0.000,0.000
,1789.278,UPRIGHT,0.6098,0.0000,1.0000,266.8,-7.6,0.000,0.000,0.000,0.00,1.000,0.000
,1789.282,UPRIGHT,0.6098,0.0000,1.0000,266.8,-5.7,0.000,0.000,0.000,0.00,1.000,0.000
,1789.286,UPRIGHT,0.6098,0.0000,1.0000,266.8,-3.9,0.000,0.000,0.000,0.00,1.000,0.000
,1789.290,UPRIGHT,0.6098,0.0000,1.0000,266.8,-3.9,0.000,0.000,0.000,0.00,1.000,0.000
,1789.304,UPRIGHT,0.6098,0.0000,1.0000,266.8,-7.6,0.000,0.000,0.000,0.00,1.000,0.000
,1789.308,UPRIGHT,0.6098,0.0000,1.0000,266.8,-5.7,0.000,0.000,0.000,0.00,1.000,0.000
,1789.320,UPRIGHT,0.6098,0.0000,1.0000,266.8,-5.7,0.000,0.000,0.000,0.00,1.000,0.000
,1789.324,UPRIGHT,0.6098,0.0000,1.0000,266.8,-5.7,0.000,0.000,0.000,0.00,1.000,0.000
,1789.329,UPRIGHT,0.6098,0.0000,1.0000,266.8,-3.9,0.000,0.000,0.000,0.00,1.000,0.000
,1789.333,UPRIGHT,0.6098,0.0000,1.0000,266.8,-3.9,0.000,0.000,0.000,0.00,1.000,0.000
,1789.351,UPRIGHT,0.5079,0.0000,1.0000,266.8,-5.7,0.000,0.000,0.000,0.00,0.000,0.000
,1789.356,UPRIGHT,0.5079,0.0000,1.0000,266.8,-5.7,0.000,0.000,0.000,0.00,1.000,0.000
,1789.360,UPRIGHT,0.5079,0.0000,1.0000,266.8,-3.9,0.000,0.000,0.000,0.00,1.000,0.000
,1789.364,UPRIGHT,0.5079,0.0000,1.0000,266.8,-3.9,0.000,0.000,0.000,0.00,1.000,0.000
,1789.369,UPRIGHT,0.5079,0.0000,1.0000,266.8,-3.9,0.000,0.000,0.000,0.00,1.000,0.000
,1789.373,UPRIGHT,0.5079,0.0000,1.0000,266.8,-3.9,0.000,0.000,0.000,0.00,1.000,0.000
,1789.382,UPRIGHT,0.5079,0.0000,1.0000,266.8,-3.9,0.000,0.000,0.000,0.00,1.000,0.000
,1789.386,UPRIGHT,0.5079,0.0000,1.0000,266.8,-3.9,0.000,0.000,0.000,0.00,1.000,0.000
,1789.398,UPRIGHT,0.5079,0.0000,1.0000,266.8,-3.9,0.000,0.000,0.000,0.00,1.000,0.000
,1789.402,UPRIGHT,0.5079,0.0000,1.0000,266.8,-3.9,0.000,0.000,0.000,0.00,1.000,0.000
,1789.406,UPRIGHT,0.5079,0.0000,1.0000,266.8,-3.9,0.000,0.000,0.000,0.00,1.000,0.000
,1789.414,UPRIGHT,0.5079,0.0000,1.0000,266.8,-3.9,0.000,0.000,0.000,0.00,1.000,0.000
,1789.418,UPRIGHT,0.5079,0.0000,1.0000,266.8,-3.9,0.000,0.000,0.000,0.00,1.000,0.000
,1789.422,UPRIGHT,0.5079,0.0000,1.0000,266.8,-3.9,0.000,0.000,0.000,0.00,1.000,0.000
,1789.427,UPRIGHT,0.5079,0.0000,1.0000,266.8,-3.9,0.000,0.000,0.000,0.00,1.000,0.000
,1789.432,UPRIGHT,0.5079,0.0000,1.0000,266.8,-3.9,0.000,0.000,0.000,0.00,1.000,0.000
,1789.437,UPRIGHT,0.5079,0.0000,1.0000,266.8,-3.9,0.000,0.000,0.000,0.00,1.000,0.000
,1789.444,UPRIGHT,0.5079,0.0000,1.0000,266.8,-3.9,0.000,0.000,0.000,0.00,1.000,0.000
,1789.449,UPRIGHT,0.5079,0.0000,1.0000,266.8,-3.9,0.000,0.000,0.000,0.00,1.000,0.000
,1789.453,UPRIGHT,0.5079,0.0000,1.0000,266.8,-3.9,0.000,0.000,0.000,0.00,1.000,0.000
,1789.461,UPRIGHT,0.5079,0.0000,1.0000,266.8,-3.9,0.000,0.000,0.000,0.00,1.000,0.000
,1789.465,UPRIGHT,0.6164,0.0000,1.0000,283.5,-3.9,0.000,0.000,0.000,0.00,0.000,0.000
,1789.469,UPRIGHT,0.6164,0.0000,1.0000,283.5,-3.9,0.000,0.000,0.000,0.00,1.000,0.000
,1789.474,UPRIGHT,0.6164,0.0000,1.0000,283.5,-3.9,0.000,0.000,0.000,0.00,1.000,0.000
,1789.492,UPRIGHT,0.6164,0.0000,1.0000,283.5,-3.9,0.000,0.000,0.000,0.00,1.000,0.000
,1789.497,UPRIGHT,0.6164,0.0000,1.0000,283.5,-3.9,0.000,0.000,0.000,0.00,1.000,0.000
,1789.501,UPRIGHT,0.6164,0.0000,1.0000,283.5,-3.9,0.000,0.000,0.000,0.00,1.000,0.000
,1789.505,UPRIGHT,0.6164,0.0000,1.0000,283.5,-3.9,0.000,0.000,0.000,0.00,1.000,0.000
,1789.510,UPRIGHT,0.6164,0.0000,1.0000,283.5,-3.9,0.000,0.000,0.000,0.00,1.000,0.000
,1789.514,UPRIGHT,0.6164,0.0000,1.0000,283.5,-3.9,0.000,0.000,0.000,0.00,1.000,0.000
,1789.519,UPRIGHT,0.6164,0.0000,1.0000,283.5,-5.7,0.000,0.000,0.000,0.00,1.000,0.000
,1789.523,UPRIGHT,0.6349,0.0000,1.0000,263.0,-5.7,0.000,0.000,0.000,0.00,0.074,0.000
,1789.528,UPRIGHT,0.6349,0.0000,1.0000,263.0,-3.9,0.000,0.000,0.000,0.00,1.000,0.000
,1789.532,UPRIGHT,0.6349,0.0000,1.0000,263.0,-3.9,0.000,0.000,0.000,0.00,1.000,0.000
,1789.537,UPRIGHT,0.6349,0.0000,1.0000,263.0,-3.9,0.000,0.000,0.000,0.00,1.000,0.000
,1789.541,UPRIGHT,0.6349,0.0000,1.0000,263.0,-3.9,0.000,0.000,0.000,0.00,1.000,0.000
,1789.553,UPRIGHT,0.6349,0.0000,1.0000,263.0,-3.9,0.000,0.000,0.000,0.00,1.000,0.000
,1789.557,UPRIGHT,0.6349,0.0000,1.0000,263.0,-3.9,0.000,0.000,0.000,0.00,1.000,0.000
,1789.568,UPRIGHT,0.6349,0.0000,1.0000,263.0,-3.9,0.000,0.000,0.000,0.00,1.000,0.000
,1789.572,UPRIGHT,0.6349,0.0000,1.0000,263.0,-3.9,0.000,0.000,0.000,0.00,1.000,0.000
,1789.576,UPRIGHT,0.6349,0.0000,1.0000,263.0,-3.9,0.000,0.000,0.000,0.00,1.000,0.000
,1789.580,UPRIGHT,0.6349,0.0000,1.0000,263.0,-3.9,0.000,0.000,0.000,0.00,1.000,0.000
,1789.585,UPRIGHT,0.6107,0.0000,1.0000,283.5,-3.9,0.000,0.000,0.000,0.00,0.000,0.000
,1789.589,UPRIGHT,0.6107,0.0000,1.0000,283.5,-3.9,0.000,0.000,0.000,0.00,1.000,0.000
,1789.599,UPRIGHT,0.6107,0.0000,1.0000,283.5,-3.9,0.000,0.000,0.000,0.00,1.000,0.000
,1789.603,UPRIGHT,0.6107,0.0000,1.0000,283.5,-3.9,0.000,0.000,0.000,0.00,1.000,0.000
,1789.607,UPRIGHT,0.6107,0.0000,1.0000,283.5,-3.9,0.000,0.000,0.000,0.00,1.000,0.000
,1789.614,UPRIGHT,0.6107,0.0000,1.0000,283.5,-3.9,0.000,0.000,0.000,0.00,1.000,0.000
,1789.618,UPRIGHT,0.6107,0.0000,1.0000,283.5,-3.9,0.000,0.000,0.000,0.00,1.000,0.000
,1789.622,UPRIGHT,0.6107,0.0000,1.0000,283.5,-3.9,0.000,0.000,0.000,0.00,1.000,0.000
,1789.629,UPRIGHT,0.6107,0.0000,1.0000,283.5,-3.9,0.000,0.000,0.000,0.00,1.000,0.000
,1789.633,UPRIGHT,0.6107,0.0000,1.0000,283.5,-3.9,0.000,0.000,0.000,0.00,1.000,0.000
,1789.637,UPRIGHT,0.6107,0.0000,1.0000,283.5,-3.9,0.000,0.000,0.000,0.00,1.000,0.000
,1789.641,UPRIGHT,0.6107,0.0000,1.0000,283.5,-3.9,0.000,0.000,0.000,0.00,1.000,0.000
,1789.661,UPRIGHT,0.6107,0.0000,1.0000,283.5,0.0,0.000,0.000,0.000,0.00,1.000,0.000
,1789.667,UPRIGHT,0.6107,0.0000,1.0000,283.5,0.0,0.000,0.000,0.000,0.00,1.000,0.000
,1789.677,UPRIGHT,0.6107,0.0000,1.0000,283.5,0.0,0.000,0.000,0.000,0.00,1.000,0.000
,1789.681,UPRIGHT,0.6107,0.0000,1.0000,283.5,0.0,0.000,0.000,0.000,0.00,1.000,0.000
,1789.685,UPRIGHT,0.6107,0.0000,1.0000,283.5,0.0,0.000,0.000,0.000,0.00,1.000,0.000
,1789.690,UPRIGHT,0.6107,0.0000,1.0000,283.5,0.0,0.000,0.000,0.000,0.00,1.000,0.000
,1789.694,UPRIGHT,0.6107,0.0000,1.0000,283.5,0.0,0.000,0.000,0.000,0.00,1.000,0.000
,1789.698,UPRIGHT,0.6107,0.0000,1.0000,283.5,0.0,0.000,0.000,0.000,0.00,1.000,0.000
,1789.708,UPRIGHT,0.6283,0.0000,1.0000,266.8,0.0,0.000,0.000,0.000,0.00,0.000,0.000
,1789.723,UPRIGHT,0.6283,0.0000,1.0000,266.8,0.0,0.000,0.000,0.000,0.00,1.000,0.000
,1789.731,UPRIGHT,0.6283,0.0000,1.0000,266.8,0.0,0.000,0.000,0.000,0.00,1.000,0.000
,1789.736,UPRIGHT,0.6283,0.0000,1.0000,266.8,0.0,0.000,0.000,0.000,0.00,1.000,0.000
,1789.754,UPRIGHT,0.6283,0.0000,1.0000,266.8,0.0,0.000,0.000,0.000,0.00,1.000,0.000
,1789.761,UPRIGHT,0.6283,0.0000,1.0000,266.8,0.0,0.000,0.000,0.000,0.00,1.000,0.000
,1789.767,UPRIGHT,0.6283,0.0000,1.0000,266.8,0.0,0.000,0.000,0.000,0.00,1.000,0.000
,1789.785,UPRIGHT,0.5498,0.0000,1.0000,283.5,0.0,0.000,0.000,0.000,0.00,0.000,0.000
,1789.793,UPRIGHT,0.5498,0.0000,1.0000,283.5,0.0,0.000,0.000,0.000,0.00,1.000,0.000
,1789.799,UPRIGHT,0.5498,0.0000,1.0000,283.5,0.0,0.000,0.000,0.000,0.00,1.000,0.000
,1789.803,UPRIGHT,0.5498,0.0000,1.0000,283.5,0.0,0.000,0.000,0.000,0.00,1.000,0.000
,1789.808,UPRIGHT,0.5498,0.0000,1.0000,283.5,0.0,0.000,0.000,0.000,0.00,1.000,0.000
,1789.812,UPRIGHT,0.5498,0.0000,1.0000,283.5,0.0,0.000,0.000,0.000,0.00,1.000,0.000
,1789.816,UPRIGHT,0.5498,0.0000,1.0000,283.5,0.0,0.000,0.000,0.000,0.00,1.000,0.000
,1789.820,UPRIGHT,0.5498,0.0000,1.0000,283.5,0.0,0.000,0.000,0.000,0.00,1.000,0.000
,1789.832,UPRIGHT,0.6199,0.0000,1.0000,232.6,0.0,0.000,0.000,0.000,0.00,0.000,0.000
,1789.837,UPRIGHT,0.6199,0.0000,1.0000,232.6,0.0,0.000,0.000,0.000,0.00,1.000,0.000
,1789.841,UPRIGHT,0.6199,0.0000,1.0000,232.6,0.0,0.000,0.000,0.000,0.00,1.000,0.000
,1789.847,UPRIGHT,0.6199,0.0000,1.0000,232.6,0.0,0.000,0.000,0.000,0.00,1.000,0.000
,1789.852,UPRIGHT,0.6199,0.0000,1.0000,232.6,0.0,0.000,0.000,0.000,0.00,1.000,0.000
,1789.863,UPRIGHT,0.6199,0.0000,1.0000,232.6,0.0,0.000,0.000,0.000,0.00,1.000,0.000
,1789.867,UPRIGHT,0.6199,0.0000,1.0000,232.6,0.0,0.000,0.000,0.000,0.00,1.000,0.000
,1789.878,UPRIGHT,0.6199,0.0000,1.0000,232.6,0.0,0.000,0.000,0.000,0.00,1.000,0.000
,1789.883,UPRIGHT,0.6199,0.0000,1.0000,232.6,0.0,0.000,0.000,0.000,0.00,1.000,0.000
,1789.887,UPRIGHT,0.6199,0.0000,1.0000,232.6,0.0,0.000,0.000,0.000,0.00,1.000,0.000
,1789.891,UPRIGHT,0.6199,0.0000,1.0000,232.6,0.0,0.000,0.000,0.000,0.00,1.000,0.000
,1789.896,UPRIGHT,0.6199,0.0000,1.0000,232.6,0.0,0.000,0.000,0.000,0.00,1.000,0.000
,1789.900,UPRIGHT,0.6199,0.0000,1.0000,232.6,0.0,0.000,0.000,0.000,0.00,1.000,0.000
,1789.909,UPRIGHT,0.6199,0.0000,1.0000,232.6,0.0,0.000,0.000,0.000,0.00,1.000,0.000
,1789.914,UPRIGHT,0.6199,0.0000,1.0000,232.6,0.0,0.000,0.000,0.000,0.00,1.000,0.000
,1789.918,UPRIGHT,0.6199,0.0000,1.0000,232.6,0.0,0.000,0.000,0.000,0.00,1.000,0.000
,1789.925,UPRIGHT,0.6199,0.0000,1.0000,232.6,0.0,0.000,0.000,0.000,0.00,1.000,0.000
,1789.930,UPRIGHT,0.6199,0.0000,1.0000,232.6,0.0,0.000,0.000,0.000,0.00,1.000,0.000
,1789.934,UPRIGHT,0.6199,0.0000,1.0000,232.6,0.0,0.000,0.000,0.000,0.00,1.000,0.000
,1789.941,UPRIGHT,0.6199,0.0000,1.0000,232.6,0.0,0.000,0.000,0.000,0.00,1.000,0.000
,1789.945,UPRIGHT,0.6199,0.0000,1.0000,232.6,0.0,0.000,0.000,0.000,0.00,1.000,0.000
,1789.949,UPRIGHT,0.6199,0.0000,1.0000,232.6,0.0,0.000,0.000,0.000,0.00,1.000,0.000
,1789.956,UPRIGHT,0.5979,0.0000,1.0000,274.9,0.0,0.000,0.000,0.000,0.00,0.000,0.000
,1789.960,UPRIGHT,0.5979,0.0000,1.0000,274.9,0.0,0.000,0.000,0.000,0.00,1.000,0.000
,1789.964,UPRIGHT,0.5979,0.0000,1.0000,274.9,0.0,0.000,0.000,0.000,0.00,1.000,0.000
,1789.971,UPRIGHT,0.5979,0.0000,1.0000,274.9,0.0,0.000,0.000,0.000,0.00,1.000,0.000
,1789.975,UPRIGHT,0.5979,0.0000,1.0000,274.9,0.0,0.000,0.000,0.000,0.00,1.000,0.000
,1789.980,UPRIGHT,0.5979,0.0000,1.0000,274.9,0.0,0.000,0.000,0.000,0.00,1.000,0.000
,1789.984,UPRIGHT,0.5979,0.0000,1.0000,274.9,0.0,0.000,0.000,0.000,0.00,1.000,0.000
,1790.002,UPRIGHT,0.5979,0.0000,1.0000,274.9,0.0,0.000,0.000,0.000,0.00,1.000,0.000
,1790.007,UPRIGHT,0.5979,0.0000,1.0000,274.9,0.0,0.000,0.000,0.000,0.00,1.000,0.000
,1790.012,UPRIGHT,0.5979,0.0000,1.0000,274.9,0.0,0.000,0.000,0.000,0.00,1.000,0.000
,1790.016,UPRIGHT,0.5979,0.0000,1.0000,274.9,0.0,0.000,0.000,0.000,0.00,1.000,0.000
,1790.021,UPRIGHT,0.6543,0.0000,1.0000,245.2,0.0,0.000,0.000,0.000,0.00,0.000,0.000
,1790.025,UPRIGHT,0.6543,0.0000,1.0000,245.2,0.0,0.000,0.000,0.000,0.00,1.000,0.000
,1790.031,UPRIGHT,0.6543,0.0000,1.0000,245.2,0.0,0.000,0.000,0.000,0.00,1.000,0.000
,1790.035,UPRIGHT,0.6543,0.0000,1.0000,245.2,0.0,0.000,0.000,0.000,0.00,1.000,0.000
,1790.039,UPRIGHT,0.6543,0.0000,1.0000,245.2,0.0,0.000,0.000,0.000,0.00,1.000,0.000
,1790.043,UPRIGHT,0.6543,0.0000,1.0000,245.2,0.0,0.000,0.000,0.000,0.00,1.000,0.000
,1790.048,UPRIGHT,0.6543,0.0000,1.0000,245.2,0.0,0.000,0.000,0.000,0.00,1.000,0.000
,1790.052,UPRIGHT,0.6543,0.0000,1.0000,245.2,0.0,0.000,0.000,0.000,0.00,1.000,0.000
,1790.057,UPRIGHT,0.6543,0.0000,1.0000,245.2,0.0,0.000,0.000,0.000,0.00,1.000,0.000
,1790.061,UPRIGHT,0.6543,0.0000,1.0000,245.2,0.0,0.000,0.000,0.000,0.00,1.000,0.000
,1790.066,UPRIGHT,0.6543,0.0000,1.0000,245.2,0.0,0.000,0.000,0.000,0.00,1.000,0.000
,1790.070,UPRIGHT,0.6543,0.0000,1.0000,245.2,0.0,0.000,0.000,0.000,0.00,1.000,0.000
,1790.080,UPRIGHT,0.6543,0.0000,1.0000,245.2,0.0,0.000,0.000,0.000,0.00,1.000,0.000
,1790.084,UPRIGHT,0.6433,0.0000,1.0000,266.8,0.0,0.000,0.000,0.000,0.00,0.000,0.000
,1790.095,UPRIGHT,0.6433,0.0000,1.0000,266.8,0.0,0.000,0.000,0.000,0.00,1.000,0.000
,1790.099,UPRIGHT,0.6433,0.0000,1.0000,266.8,0.0,0.000,0.000,0.000,0.00,1.000,0.000
,1790.110,UPRIGHT,0.6433,0.0000,1.0000,266.8,0.0,0.000,0.000,0.000,0.00,1.000,0.000
,1790.115,UPRIGHT,0.6433,0.0000,1.0000,266.8,0.0,0.000,0.000,0.000,0.00,1.000,0.000
,1790.126,UPRIGHT,0.6433,0.0000,1.0000,266.8,0.0,0.000,0.000,0.000,0.00,1.000,0.000
,1790.130,UPRIGHT,0.6433,0.0000,1.0000,266.8,0.0,0.000,0.000,0.000,0.00,1.000,0.000
,1790.134,UPRIGHT,0.6433,0.0000,1.0000,266.8,0.0,0.000,0.000,0.000,0.00,1.000,0.000
,1790.141,UPRIGHT,0.6433,0.0000,1.0000,266.8,0.0,0.000,0.000,0.000,0.00,1.000,0.000
,1790.157,UPRIGHT,0.6433,0.0000,1.0000,266.8,0.0,0.000,0.000,0.000,0.00,1.000,0.000
,1790.163,UPRIGHT,0.6433,0.0000,1.0000,266.8,0.0,0.000,0.000,0.000,0.00,1.000,0.000
,1790.168,UPRIGHT,0.6433,0.0000,1.0000,266.8,0.0,0.000,0.000,0.000,0.00,1.000,0.000
,1790.187,UPRIGHT,0.6433,0.0000,1.0000,266.8,0.0,0.000,0.000,0.000,0.00,1.000,0.000
,1790.194,UPRIGHT,0.6433,0.0000,1.0000,266.8,0.0,0.000,0.000,0.000,0.00,1.000,0.000
,1790.199,UPRIGHT,0.6433,0.0000,1.0000,266.8,0.0,0.000,0.000,0.000,0.00,1.000,0.000
,1790.219,UPRIGHT,0.6715,0.0000,1.0000,255.5,0.0,0.000,0.000,0.000,0.00,0.250,0.000
,1790.227,UPRIGHT,0.6715,0.0000,1.0000,255.5,0.0,0.000,0.000,0.000,0.00,1.000,0.000
,1790.233,UPRIGHT,0.6715,0.0000,1.0000,255.5,0.0,0.000,0.000,0.000,0.00,1.000,0.000
,1790.250,UPRIGHT,0.6715,0.0000,1.0000,255.5,0.0,0.000,0.000,0.000,0.00,1.000,0.000
,1790.257,UPRIGHT,0.6715,0.0000,1.0000,255.5,0.0,0.000,0.000,0.000,0.00,1.000,0.000
,1790.261,UPRIGHT,0.6715,0.0000,1.0000,255.5,0.0,0.000,0.000,0.000,0.00,1.000,0.000
,1790.266,UPRIGHT,0.6746,0.0000,1.0000,252.0,0.0,0.000,0.000,0.000,0.00,0.419,0.000
,1790.270,UPRIGHT,0.6746,0.0000,1.0000,252.0,0.0,0.000,0.000,0.000,0.00,1.000,0.000
,1790.281,UPRIGHT,0.6746,0.0000,1.0000,252.0,0.0,0.000,0.000,0.000,0.00,1.000,0.000
,1790.285,UPRIGHT,0.6746,0.0000,1.0000,252.0,0.0,0.000,0.000,0.000,0.00,1.000,0.000
,1790.289,UPRIGHT,0.6746,0.0000,1.0000,252.0,0.0,0.000,0.000,0.000,0.00,1.000,0.000
,1790.296,UPRIGHT,0.6746,0.0000,1.0000,252.0,0.0,0.000,0.000,0.000,0.00,1.000,0.000
,1790.301,UPRIGHT,0.6746,0.0000,1.0000,252.0,0.0,0.000,0.000,0.000,0.00,1.000,0.000
,1790.305,UPRIGHT,0.6746,0.0000,1.0000,252.0,0.0,0.000,0.000,0.000,0.00,1.000,0.000
,1790.312,UPRIGHT,0.6746,0.0000,1.0000,252.0,0.0,0.000,0.000,0.000,0.00,1.000,0.000
,1790.316,UPRIGHT,0.6746,0.0000,1.0000,252.0,0.0,0.000,0.000,0.000,0.00,1.000,0.000
,1790.321,UPRIGHT,0.6746,0.0000,1.0000,252.0,0.0,0.000,0.000,0.000,0.00,1.000,0.000
,1790.328,UPRIGHT,0.6786,0.0000,1.0000,252.0,0.0,0.000,0.000,0.000,0.00,0.537,0.000
,1790.332,UPRIGHT,0.6786,0.0000,1.0000,252.0,0.0,0.000,0.000,0.000,0.00,1.000,0.000
,1790.337,UPRIGHT,0.6786,0.0000,1.0000,252.0,0.0,0.000,0.000,0.000,0.00,1.000,0.000
,1790.341,UPRIGHT,0.6786,0.0000,1.0000,252.0,0.0,0.000,0.000,0.000,0.00,1.000,0.000
,1790.345,UPRIGHT,0.6786,0.0000,1.0000,252.0,0.0,0.000,0.000,0.000,0.00,1.000,0.000
,1790.350,UPRIGHT,0.6786,0.0000,1.0000,252.0,0.0,0.000,0.000,0.000,0.00,1.000,0.000
,1790.354,UPRIGHT,0.6786,0.0000,1.0000,252.0,0.0,0.000,0.000,0.000,0.00,1.000,0.000
,1790.374,UPRIGHT,0.6786,0.0000,1.0000,252.0,0.0,0.000,0.000,0.000,0.00,1.000,0.000
,1790.379,UPRIGHT,0.6786,0.0000,1.0000,252.0,0.0,0.000,0.000,0.000,0.00,1.000,0.000
,1790.383,UPRIGHT,0.6786,0.0000,1.0000,252.0,0.0,0.000,0.000,0.000,0.00,1.000,0.000
,1790.390,UPRIGHT,0.6768,0.0000,1.0000,245.2,0.0,0.000,0.000,0.000,0.00,0.427,0.000
,1790.394,UPRIGHT,0.6768,0.0000,1.0000,245.2,0.0,0.000,0.000,0.000,0.00,1.000,0.000
,1790.399,UPRIGHT,0.6768,0.0000,1.0000,245.2,0.0,0.000,0.000,0.000,0.00,1.000,0.000
,1790.406,UPRIGHT,0.6768,0.0000,1.0000,245.2,0.0,0.000,0.000,0.000,0.00,1.000,0.000
,1790.421,UPRIGHT,0.6768,0.0000,1.0000,245.2,0.0,0.000,0.000,0.000,0.00,1.000,0.000
,1790.426,UPRIGHT,0.6768,0.0000,1.0000,245.2,0.0,0.000,0.000,0.000,0.00,1.000,0.000
,1790.430,UPRIGHT,0.6768,0.0000,1.0000,245.2,0.0,0.000,0.000,0.000,0.00,1.000,0.000
,1790.435,UPRIGHT,0.6768,0.0000,1.0000,245.2,0.0,0.000,0.000,0.000,0.00,1.000,0.000
,1790.452,UPRIGHT,0.6768,0.0000,1.0000,245.2,0.0,0.000,0.000,0.000,0.00,1.000,0.000
,1790.459,UPRIGHT,0.6768,0.0000,1.0000,245.2,0.0,0.000,0.000,0.000,0.00,1.000,0.000
,1790.464,UPRIGHT,0.6768,0.0000,1.0000,245.2,0.0,0.000,0.000,0.000,0.00,1.000,0.000
,1790.468,UPRIGHT,0.6768,0.0000,1.0000,245.2,0.0,0.000,0.000,0.000,0.00,1.000,0.000
,1790.483,UPRIGHT,0.6768,0.0000,1.0000,245.2,0.0,0.000,0.000,0.000,0.00,1.000,0.000
,1790.489,UPRIGHT,0.6768,0.0000,1.0000,245.2,0.0,0.000,0.000,0.000,0.00,1.000,0.000
,1790.499,UPRIGHT,0.6768,0.0000,1.0000,245.2,0.0,0.000,0.000,0.000,0.00,1.000,0.000
,1790.504,UPRIGHT,0.6768,0.0000,1.0000,245.2,0.0,0.000,0.000,0.000,0.00,1.000,0.000
,1790.508,UPRIGHT,0.6768,0.0000,1.0000,245.2,0.0,0.000,0.000,0.000,0.00,1.000,0.000
,1790.515,UPRIGHT,0.6715,0.0000,1.0000,238.7,0.0,0.000,0.000,0.000,0.00,0.000,0.000
,1790.519,UPRIGHT,0.6715,0.0000,1.0000,238.7,0.0,0.000,0.000,0.000,0.00,1.000,0.000
,1790.523,UPRIGHT,0.6715,0.0000,1.0000,238.7,0.0,0.000,0.000,0.000,0.00,1.000,0.000
,1790.528,UPRIGHT,0.6715,0.0000,1.0000,238.7,-1.9,0.000,0.000,0.000,0.00,1.000,0.000
,1790.532,UPRIGHT,0.6715,0.0000,1.0000,238.7,-3.9,0.000,0.000,0.000,0.00,1.000,0.000
,1790.536,UPRIGHT,0.6715,0.0000,1.0000,238.7,-3.9,0.000,0.000,0.000,0.00,1.000,0.000
,1790.545,UPRIGHT,0.6715,0.0000,1.0000,238.7,-3.9,0.000,0.000,0.000,0.00,1.000,0.000
,1790.550,UPRIGHT,0.6715,0.0000,1.0000,238.7,-3.9,0.000,0.000,0.000,0.00,1.000,0.000
,1790.554,UPRIGHT,0.6715,0.0000,1.0000,238.7,-3.9,0.000,0.000,0.000,0.00,1.000,0.000
,1790.560,UPRIGHT,0.6715,0.0000,1.0000,238.7,-3.9,0.000,0.000,0.000,0.00,1.000,0.000
,1790.565,UPRIGHT,0.6715,0.0000,1.0000,238.7,-3.9,0.000,0.000,0.000,0.00,1.000,0.000
,1790.569,UPRIGHT,0.6715,0.0000,1.0000,238.7,-3.9,0.000,0.000,0.000,0.00,1.000,0.000
,1790.576,UPRIGHT,0.6715,0.0000,1.0000,238.7,-3.9,0.000,0.000,0.000,0.00,1.000,0.000
,1790.580,UPRIGHT,0.5833,0.0000,1.0000,245.2,-3.9,0.000,0.000,0.000,0.00,0.000,0.000
,1790.585,UPRIGHT,0.5833,0.0000,1.0000,245.2,-3.9,0.000,0.000,0.000,0.00,1.000,0.000
,1790.591,UPRIGHT,0.5833,0.0000,1.0000,245.2,-7.6,0.000,0.000,0.000,0.00,1.000,0.000
,1790.596,UPRIGHT,0.5833,0.0000,1.0000,245.2,-11.3,0.000,0.000,0.000,0.00,1.000,0.000
,1790.601,UPRIGHT,0.5833,0.0000,1.0000,245.2,-11.3,0.000,0.000,0.000,0.00,1.000,0.000
,1790.606,UPRIGHT,0.5833,0.0000,1.0000,245.2,-11.3,0.000,0.000,0.000,0.00,1.000,0.000
,1790.610,UPRIGHT,0.5833,0.0000,1.0000,245.2,-11.3,0.000,0.000,0.000,0.00,1.000,0.000
,1790.615,UPRIGHT,0.5833,0.0000,1.0000,245.2,-11.3,0.000,0.000,0.000,0.00,1.000,0.000
,1790.622,UPRIGHT,0.5833,0.0000,1.0000,245.2,-11.3,0.000,0.000,0.000,0.00,1.000,0.000
,1790.627,UPRIGHT,0.5833,0.0000,1.0000,245.2,-14.8,0.000,0.000,0.000,0.00,1.000,0.000
,1790.631,UPRIGHT,0.5833,0.0000,1.0000,245.2,-14.8,0.000,0.000,0.000,0.00,1.000,0.000
,1790.635,UPRIGHT,0.5833,0.0000,1.0000,245.2,-14.8,0.000,0.000,0.000,0.00,1.000,0.000
,1790.654,UPRIGHT,0.6772,0.0000,1.0000,201.6,-14.8,0.000,0.000,0.000,0.00,0.000,0.000
,1790.659,UPRIGHT,0.6772,0.0000,1.0000,201.6,-14.8,0.000,0.000,0.000,0.00,1.000,0.000
,1790.664,UPRIGHT,0.6772,0.0000,1.0000,201.6,-14.8,0.000,0.000,0.000,0.00,1.000,0.000
,1790.668,UPRIGHT,0.6772,0.0000,1.0000,201.6,-14.8,0.000,0.000,0.000,0.00,1.000,0.000
,1790.672,UPRIGHT,0.6772,0.0000,1.0000,201.6,-14.8,0.000,0.000,0.000,0.00,1.000,0.000
,1790.684,UPRIGHT,0.6772,0.0000,1.0000,201.6,-14.8,0.000,0.000,0.000,0.00,1.000,0.000
,1790.689,UPRIGHT,0.6772,0.0000,1.0000,201.6,-14.8,0.000,0.000,0.000,0.00,1.000,0.000
,1790.693,UPRIGHT,0.6772,0.0000,1.0000,201.6,-14.8,0.000,0.000,0.000,0.00,1.000,0.000
,1790.697,UPRIGHT,0.6772,0.0000,1.0000,201.6,-14.8,0.000,0.000,0.000,0.00,1.000,0.000
,1790.702,UPRIGHT,0.6772,0.0000,1.0000,201.6,-14.8,0.000,0.000,0.000,0.00,1.000,0.000
,1790.706,UPRIGHT,0.6772,0.0000,1.0000,201.6,-14.8,0.000,0.000,0.000,0.00,1.000,0.000
,1790.710,UPRIGHT,0.6772,0.0000,1.0000,201.6,-14.8,0.000,0.000,0.000,0.00,1.000,0.000
,1790.715,UPRIGHT,0.6772,0.0000,1.0000,201.6,-14.8,0.000,0.000,0.000,0.00,1.000,0.000
,1790.732,UPRIGHT,0.6772,0.0000,1.0000,201.6,-14.8,0.000,0.000,0.000,0.00,1.000,0.000
,1790.738,UPRIGHT,0.6772,0.0000,1.0000,201.6,-14.8,0.000,0.000,0.000,0.00,1.000,0.000
,1790.743,UPRIGHT,0.6772,0.0000,1.0000,201.6,-14.8,0.000,0.000,0.000,0.00,1.000,0.000
,1790.747,UPRIGHT,0.6772,0.0000,1.0000,201.6,-18.2,0.000,0.000,0.000,0.00,1.000,0.000
,1790.751,UPRIGHT,0.6772,0.0000,1.0000,201.6,-21.6,0.000,0.000,0.000,0.00,1.000,0.000
,1790.763,UPRIGHT,0.6772,0.0000,1.0000,201.6,-21.6,0.000,0.000,0.000,0.00,1.000,0.000
,1790.768,UPRIGHT,0.6464,0.0000,1.0000,232.6,-21.6,0.000,0.000,0.000,0.00,0.000,0.000
,1790.772,UPRIGHT,0.6464,0.0000,1.0000,232.6,-21.6,0.000,0.000,0.000,0.00,1.000,0.000
,1790.776,UPRIGHT,0.6464,0.0000,1.0000,232.6,-21.6,0.000,0.000,0.000,0.00,1.000,0.000
,1790.781,UPRIGHT,0.6464,0.0000,1.0000,232.6,-21.6,0.000,0.000,0.000,0.00,1.000,0.000
,1790.785,UPRIGHT,0.6464,0.0000,1.0000,232.6,-21.6,0.000,0.000,0.000,0.00,1.000,0.000
,1790.794,UPRIGHT,0.6464,0.0000,1.0000,232.6,-21.6,0.000,0.000,0.000,0.00,1.000,0.000
,1790.799,UPRIGHT,0.6464,0.0000,1.0000,232.6,-21.6,0.000,0.000,0.000,0.00,1.000,0.000
,1790.809,UPRIGHT,0.6464,0.0000,1.0000,232.6,-21.6,0.000,0.000,0.000,0.00,1.000,0.000
,1790.813,UPRIGHT,0.6464,0.0000,1.0000,232.6,-21.6,0.000,0.000,0.000,0.00,1.000,0.000
,1790.818,UPRIGHT,0.6464,0.0000,1.0000,232.6,-21.6,0.000,0.000,0.000,0.00,1.000,0.000
,1790.825,UPRIGHT,0.6464,0.0000,1.0000,232.6,-21.6,0.000,0.000,0.000,0.00,1.000,0.000
,1790.829,UPRIGHT,0.5988,0.0000,1.0000,232.6,-21.6,0.000,0.000,0.000,0.00,0.000,0.000
,1790.834,UPRIGHT,0.5988,0.0000,1.0000,232.6,-21.6,0.000,0.000,0.000,0.00,1.000,0.000
,1790.841,UPRIGHT,0.5988,0.0000,1.0000,232.6,-21.6,0.000,0.000,0.000,0.00,1.000,0.000
,1790.856,UPRIGHT,0.5988,0.0000,1.0000,232.6,-21.6,0.000,0.000,0.000,0.00,1.000,0.000
,1790.862,UPRIGHT,0.5988,0.0000,1.0000,232.6,-21.6,0.000,0.000,0.000,0.00,1.000,0.000
,1790.867,UPRIGHT,0.5988,0.0000,1.0000,232.6,-21.6,0.000,0.000,0.000,0.00,1.000,0.000
,1790.872,UPRIGHT,0.5988,0.0000,1.0000,232.6,-21.6,0.000,0.000,0.000,0.00,1.000,0.000
,1790.876,UPRIGHT,0.5988,0.0000,1.0000,232.6,-21.6,0.000,0.000,0.000,0.00,1.000,0.000
,1790.881,UPRIGHT,0.5988,0.0000,1.0000,232.6,-21.6,0.000,0.000,0.000,0.00,1.000,0.000
,1790.888,UPRIGHT,0.5988,0.0000,1.0000,232.6,-21.6,0.000,0.000,0.000,0.00,1.000,0.000
,1790.893,UPRIGHT,0.6490,0.0000,1.0000,221.3,-21.6,0.000,0.000,0.000,0.00,0.000,0.000
,1790.898,UPRIGHT,0.6490,0.0000,1.0000,221.3,-21.6,0.000,0.000,0.000,0.00,1.000,0.000
,1790.904,UPRIGHT,0.6490,0.0000,1.0000,221.3,-21.6,0.000,0.000,0.000,0.00,1.000,0.000
,1790.920,UPRIGHT,0.6490,0.0000,1.0000,221.3,-21.6,0.000,0.000,0.000,0.00,1.000,0.000
,1790.926,UPRIGHT,0.6490,0.0000,1.0000,221.3,-21.6,0.000,0.000,0.000,0.00,1.000,0.000
,1790.932,UPRIGHT,0.6490,0.0000,1.0000,221.3,-21.6,0.000,0.000,0.000,0.00,1.000,0.000
,1790.936,UPRIGHT,0.6490,0.0000,1.0000,221.3,-21.6,0.000,0.000,0.000,0.00,1.000,0.000
,1790.952,UPRIGHT,0.6680,0.0000,1.0000,238.7,-21.6,0.000,0.000,0.000,0.00,0.000,0.000
,1790.958,UPRIGHT,0.6680,0.0000,1.0000,238.7,-21.6,0.000,0.000,0.000,0.00,1.000,0.000
,1790.962,UPRIGHT,0.6680,0.0000,1.0000,238.7,-21.6,0.000,0.000,0.000,0.00,1.000,0.000
,1790.967,UPRIGHT,0.6680,0.0000,1.0000,238.7,-21.6,0.000,0.000,0.000,0.00,1.000,0.000
,1790.983,UPRIGHT,0.6680,0.0000,1.0000,238.7,-21.6,0.000,0.000,0.000,0.00,1.000,0.000
,1790.988,UPRIGHT,0.6680,0.0000,1.0000,238.7,-21.6,0.000,0.000,0.000,0.00,1.000,0.000
,1790.998,UPRIGHT,0.6680,0.0000,1.0000,238.7,-21.6,0.000,0.000,0.000,0.00,1.000,0.000
,1791.003,UPRIGHT,0.6680,0.0000,1.0000,238.7,-21.6,0.000,0.000,0.000,0.00,1.000,0.000
,1791.007,UPRIGHT,0.6680,0.0000,1.0000,238.7,-21.6,0.000,0.000,0.000,0.00,1.000,0.000
,1791.014,UPRIGHT,0.6680,0.0000,1.0000,238.7,-21.6,0.000,0.000,0.000,0.00,1.000,0.000
,1791.019,UPRIGHT,0.6680,0.0000,1.0000,238.7,-21.6,0.000,0.000,0.000,0.00,1.000,0.000
,1791.023,UPRIGHT,0.6680,0.0000,1.0000,238.7,-21.6,0.000,0.000,0.000,0.00,1.000,0.000
,1791.027,UPRIGHT,0.6680,0.0000,1.0000,238.7,-24.9,0.000,0.000,0.000,0.00,1.000,0.000
,1791.032,UPRIGHT,0.6680,0.0000,1.0000,238.7,-28.1,0.000,0.000,0.000,0.00,1.000,0.000
,1791.036,UPRIGHT,0.6680,0.0000,1.0000,238.7,-28.1,0.000,0.000,0.000,0.00,1.000,0.000
,1791.041,UPRIGHT,0.6680,0.0000,1.0000,238.7,-24.9,0.000,0.000,0.000,0.00,1.000,0.000
,1791.045,UPRIGHT,0.6680,0.0000,1.0000,238.7,-28.1,0.000,0.000,0.000,0.00,1.000,0.000
,1791.050,UPRIGHT,0.6680,0.0000,1.0000,238.7,-28.1,0.000,0.000,0.000,0.00,1.000,0.000
,1791.054,UPRIGHT,0.6680,0.0000,1.0000,238.7,-28.1,0.000,0.000,0.000,0.00,1.000,0.000
,1791.059,UPRIGHT,0.6680,0.0000,1.0000,238.7,-28.1,0.000,0.000,0.000,0.00,1.000,0.000
,1791.064,UPRIGHT,0.6680,0.0000,1.0000,238.7,-28.1,0.000,0.000,0.000,0.00,1.000,0.000
,1791.068,UPRIGHT,0.6680,0.0000,1.0000,238.7,-28.1,0.000,0.000,0.000,0.00,1.000,0.000
,1791.077,UPRIGHT,0.6680,0.0000,1.0000,238.7,-28.1,0.000,0.000,0.000,0.00,1.000,0.000
,1791.082,UPRIGHT,0.7121,0.0000,1.0000,226.8,-28.1,0.000,0.000,0.000,0.00,0.000,0.000
,1791.092,UPRIGHT,0.7121,0.0000,1.0000,226.8,-28.1,0.000,0.000,0.000,0.00,1.000,0.000
,1791.096,UPRIGHT,0.7121,0.0000,1.0000,226.8,-28.1,0.000,0.000,0.000,0.00,1.000,0.000
,1791.101,UPRIGHT,0.7121,0.0000,1.0000,226.8,-28.1,0.000,0.000,0.000,0.00,1.000,0.000
,1791.105,UPRIGHT,0.7121,0.0000,1.0000,226.8,-28.1,0.000,0.000,0.000,0.00,1.000,0.000
,1791.124,UPRIGHT,0.7121,0.0000,1.0000,226.8,-24.9,0.000,0.000,0.000,0.00,1.000,0.000
,1791.130,UPRIGHT,0.7121,0.0000,1.0000,226.8,-24.9,0.000,0.000,0.000,0.00,1.000,0.000
,1791.135,UPRIGHT,0.7121,0.0000,1.0000,226.8,-21.6,0.000,0.000,0.000,0.00,1.000,0.000
,1791.155,UPRIGHT,0.7169,0.0000,1.0000,232.6,-21.6,0.000,0.000,0.000,0.00,0.713,0.000
,1791.159,UPRIGHT,0.7169,0.0000,1.0000,232.6,-21.6,0.000,0.000,0.000,0.00,1.000,0.000
,1791.164,UPRIGHT,0.7169,0.0000,1.0000,232.6,-28.1,0.000,0.000,0.000,0.00,1.000,0.000
,1791.169,UPRIGHT,0.7169,0.0000,1.0000,232.6,-28.1,0.000,0.000,0.000,0.00,1.000,0.000
,1791.173,UPRIGHT,0.7169,0.0000,1.0000,232.6,-28.1,0.000,0.000,0.000,0.00,1.000,0.000
,1791.185,UPRIGHT,0.7169,0.0000,1.0000,232.6,-28.1,0.000,0.000,0.000,0.00,1.000,0.000
,1791.190,UPRIGHT,0.7169,0.0000,1.0000,232.6,-28.1,0.000,0.000,0.000,0.00,1.000,0.000
,1791.194,UPRIGHT,0.7169,0.0000,1.0000,232.6,-28.1,0.000,0.000,0.000,0.00,1.000,0.000
,1791.198,UPRIGHT,0.7169,0.0000,1.0000,232.6,-28.1,0.000,0.000,0.000,0.00,1.000,0.000
,1791.217,UPRIGHT,0.6869,0.0000,1.0000,221.3,-28.1,0.000,0.000,0.000,0.00,0.000,0.000
,1791.224,UPRIGHT,0.6869,0.0000,1.0000,221.3,-28.1,0.000,0.000,0.000,0.00,1.000,0.000
,1791.229,UPRIGHT,0.6869,0.0000,1.0000,221.3,-28.1,0.000,0.000,0.000,0.00,1.000,0.000
,1791.233,UPRIGHT,0.6869,0.0000,1.0000,221.3,-28.1,0.000,0.000,0.000,0.00,1.000,0.000
,1791.237,UPRIGHT,0.6869,0.0000,1.0000,221.3,-28.1,0.000,0.000,0.000,0.00,1.000,0.000
,1791.242,UPRIGHT,0.6869,0.0000,1.0000,221.3,-28.1,0.000,0.000,0.000,0.00,1.000,0.000
,1791.249,UPRIGHT,0.6869,0.0000,1.0000,221.3,-28.1,0.000,0.000,0.000,0.00,1.000,0.000
,1791.253,UPRIGHT,0.6869,0.0000,1.0000,221.3,-28.1,0.000,0.000,0.000,0.00,1.000,0.000
,1791.264,UPRIGHT,0.6869,0.0000,1.0000,221.3,-28.1,0.000,0.000,0.000,0.00,1.000,0.000
,1791.268,UPRIGHT,0.6869,0.0000,1.0000,221.3,-28.1,0.000,0.000,0.000,0.00,1.000,0.000
,1791.273,UPRIGHT,0.6869,0.0000,1.0000,221.3,-28.1,0.000,0.000,0.000,0.00,1.000,0.000
,1791.279,UPRIGHT,0.6869,0.0000,1.0000,221.3,-28.1,0.000,0.000,0.000,0.00,1.000,0.000
,1791.284,UPRIGHT,0.6869,0.0000,1.0000,221.3,-28.1,0.000,0.000,0.000,0.00,1.000,0.000
,1791.288,UPRIGHT,0.6869,0.0000,1.0000,221.3,-28.1,0.000,0.000,0.000,0.00,1.000,0.000
,1791.295,UPRIGHT,0.6869,0.0000,1.0000,221.3,-28.1,0.000,0.000,0.000,0.00,1.000,0.000
,1791.300,UPRIGHT,0.6869,0.0000,1.0000,221.3,-28.1,0.000,0.000,0.000,0.00,1.000,0.000
,1791.304,UPRIGHT,0.6869,0.0000,1.0000,221.3,-28.1,0.000,0.000,0.000,0.00,1.000,0.000
,1791.311,UPRIGHT,0.6869,0.0000,1.0000,221.3,-28.1,0.000,0.000,0.000,0.00,1.000,0.000
,1791.315,UPRIGHT,0.6869,0.0000,1.0000,221.3,-28.1,0.000,0.000,0.000,0.00,1.000,0.000
,1791.319,UPRIGHT,0.6869,0.0000,1.0000,221.3,-28.1,0.000,0.000,0.000,0.00,1.000,0.000
,1791.323,UPRIGHT,0.6869,0.0000,1.0000,221.3,-28.1,0.000,0.000,0.000,0.00,1.000,0.000
,1791.342,UPRIGHT,0.6856,0.0000,1.0000,226.8,-28.1,0.000,0.000,0.000,0.00,0.184,0.000
,1791.347,UPRIGHT,0.6856,0.0000,1.0000,226.8,-28.1,0.000,0.000,0.000,0.00,1.000,0.000
,1791.351,UPRIGHT,0.6856,0.0000,1.0000,226.8,-28.1,0.000,0.000,0.000,0.00,1.000,0.000
,1791.357,UPRIGHT,0.6856,0.0000,1.0000,226.8,-28.1,0.000,0.000,0.000,0.00,1.000,0.000
,1791.373,UPRIGHT,0.6856,0.0000,1.0000,226.8,-28.1,0.000,0.000,0.000,0.00,1.000,0.000
,1791.381,UPRIGHT,0.6856,0.0000,1.0000,226.8,-28.1,0.000,0.000,0.000,0.00,1.000,0.000
,1791.386,UPRIGHT,0.6856,0.0000,1.0000,226.8,-28.1,0.000,0.000,0.000,0.00,1.000,0.000
,1791.391,UPRIGHT,0.6808,0.0000,1.0000,232.6,-28.1,0.000,0.000,0.000,0.00,0.000,0.000
,1791.395,UPRIGHT,0.6808,0.0000,1.0000,232.6,-34.2,0.000,0.000,0.000,0.00,1.000,0.000
,1791.399,UPRIGHT,0.6808,0.0000,1.0000,232.6,-34.2,0.000,0.000,0.000,0.00,1.000,0.000
,1791.404,UPRIGHT,0.6808,0.0000,1.0000,232.6,-34.2,0.000,0.000,0.000,0.00,1.000,0.000
,1791.408,UPRIGHT,0.6808,0.0000,1.0000,232.6,-34.2,0.000,0.000,0.000,0.00,1.000,0.000
,1791.421,UPRIGHT,0.6808,0.0000,1.0000,232.6,-34.2,0.000,0.000,0.000,0.00,1.000,0.000
,1791.425,UPRIGHT,0.6808,0.0000,1.0000,232.6,-34.2,0.000,0.000,0.000,0.00,1.000,0.000
,1791.429,UPRIGHT,0.6808,0.0000,1.0000,232.6,-34.2,0.000,0.000,0.000,0.00,1.000,0.000
,1791.434,UPRIGHT,0.6808,0.0000,1.0000,232.6,-34.2,0.000,0.000,0.000,0.00,1.000,0.000
,1791.438,UPRIGHT,0.6808,0.0000,1.0000,232.6,-34.2,0.000,0.000,0.000,0.00,1.000,0.000
,1791.442,UPRIGHT,0.6808,0.0000,1.0000,232.6,-34.2,0.000,0.000,0.000,0.00,1.000,0.000
,1791.446,UPRIGHT,0.6808,0.0000,1.0000,232.6,-34.2,0.000,0.000,0.000,0.00,1.000,0.000
,1791.450,UPRIGHT,0.6808,0.0000,1.0000,232.6,-34.2,0.000,0.000,0.000,0.00,1.000,0.000
,1791.467,UPRIGHT,0.7094,0.0000,1.0000,232.6,-34.2,0.000,0.000,0.000,0.00,0.228,0.000
,1791.473,UPRIGHT,0.7094,0.0000,1.0000,232.6,-34.2,0.000,0.000,0.000,0.00,1.000,0.000
,1791.477,UPRIGHT,0.7094,0.0000,1.0000,232.6,-34.2,0.000,0.000,0.000,0.00,1.000,0.000
,1791.482,UPRIGHT,0.7094,0.0000,1.0000,232.6,-34.2,0.000,0.000,0.000,0.00,1.000,0.000
,1791.498,UPRIGHT,0.7094,0.0000,1.0000,232.6,-34.2,0.000,0.000,0.000,0.00,1.000,0.000
,1791.504,UPRIGHT,0.7094,0.0000,1.0000,232.6,-34.2,0.000,0.000,0.000,0.00,1.000,0.000
,1791.508,UPRIGHT,0.7094,0.0000,1.0000,232.6,-34.2,0.000,0.000,0.000,0.00,1.000,0.000
,1791.514,UPRIGHT,0.7072,0.0000,1.0000,232.6,-34.2,0.000,0.000,0.000,0.00,0.669,0.000
,1791.519,UPRIGHT,0.7072,0.0000,1.0000,232.6,-34.2,0.000,0.000,0.000,0.00,1.000,0.000
,1791.529,UPRIGHT,0.7072,0.0000,1.0000,232.6,-34.2,0.000,0.000,0.000,0.00,1.000,0.000
,1791.534,UPRIGHT,0.7072,0.0000,1.0000,232.6,-34.2,0.000,0.000,0.000,0.00,1.000,0.000
,1791.538,UPRIGHT,0.7072,0.0000,1.0000,232.6,-34.2,0.000,0.000,0.000,0.00,1.000,0.000
,1791.546,UPRIGHT,0.7072,0.0000,1.0000,232.6,-34.2,0.000,0.000,0.000,0.00,1.000,0.000
,1791.550,UPRIGHT,0.7072,0.0000,1.0000,232.6,-34.2,0.000,0.000,0.000,0.00,1.000,0.000
,1791.554,UPRIGHT,0.7072,0.0000,1.0000,232.6,-34.2,0.000,0.000,0.000,0.00,1.000,0.000
,1791.558,UPRIGHT,0.7072,0.0000,1.0000,232.6,-34.2,0.000,0.000,0.000,0.00,1.000,0.000
,1791.562,UPRIGHT,0.7072,0.0000,1.0000,232.6,-34.2,0.000,0.000,0.000,0.00,1.000,0.000
,1791.567,UPRIGHT,0.7072,0.0000,1.0000,232.6,-34.2,0.000,0.000,0.000,0.00,1.000,0.000
,1791.571,UPRIGHT,0.7072,0.0000,1.0000,232.6,-34.2,0.000,0.000,0.000,0.00,1.000,0.000
,1791.591,UPRIGHT,0.7072,0.0000,1.0000,232.6,-34.2,0.000,0.000,0.000,0.00,1.000,0.000
,1791.598,UPRIGHT,0.7072,0.0000,1.0000,232.6,-34.2,0.000,0.000,0.000,0.00,1.000,0.000
,1791.603,UPRIGHT,0.7072,0.0000,1.0000,232.6,-34.2,0.000,0.000,0.000,0.00,1.000,0.000
,1791.607,UPRIGHT,0.7072,0.0000,1.0000,232.6,-34.2,0.000,0.000,0.000,0.00,1.000,0.000
,1791.612,UPRIGHT,0.7072,0.0000,1.0000,232.6,-34.2,0.000,0.000,0.000,0.00,1.000,0.000
,1791.616,UPRIGHT,0.7072,0.0000,1.0000,232.6,-34.2,0.000,0.000,0.000,0.00,1.000,0.000
,1791.623,UPRIGHT,0.7072,0.0000,1.0000,232.6,-34.2,0.000,0.000,0.000,0.00,1.000,0.000
,1791.628,UPRIGHT,0.7072,0.0000,1.0000,232.6,-34.2,0.000,0.000,0.000,0.00,1.000,0.000
,1791.632,UPRIGHT,0.7072,0.0000,1.0000,232.6,-34.2,0.000,0.000,0.000,0.00,1.000,0.000
,1791.638,UPRIGHT,0.7072,0.0000,1.0000,232.6,-34.2,0.000,0.000,0.000,0.00,1.000,0.000
,1791.642,UPRIGHT,0.6556,0.0000,1.0000,226.8,-34.2,0.000,0.000,0.000,0.00,0.000,0.000
,1791.647,UPRIGHT,0.6556,0.0000,1.0000,226.8,-34.2,0.000,0.000,0.000,0.00,1.000,0.000
,1791.654,UPRIGHT,0.6556,0.0000,1.0000,226.8,-34.2,0.000,0.000,0.000,0.00,1.000,0.000
,1791.658,UPRIGHT,0.6556,0.0000,1.0000,226.8,-34.2,0.000,0.000,0.000,0.00,1.000,0.000
,1791.663,UPRIGHT,0.6556,0.0000,1.0000,226.8,-34.2,0.000,0.000,0.000,0.00,1.000,0.000
,1791.667,UPRIGHT,0.6556,0.0000,1.0000,226.8,-34.2,0.000,0.000,0.000,0.00,1.000,0.000
,1791.671,UPRIGHT,0.6556,0.0000,1.0000,226.8,-34.2,0.000,0.000,0.000,0.00,1.000,0.000
,1791.684,UPRIGHT,0.6556,0.0000,1.0000,226.8,-34.2,0.000,0.000,0.000,0.00,1.000,0.000
,1791.689,UPRIGHT,0.6556,0.0000,1.0000,226.8,-34.2,0.000,0.000,0.000,0.00,1.000,0.000
,1791.693,UPRIGHT,0.6556,0.0000,1.0000,226.8,-34.2,0.000,0.000,0.000,0.00,1.000,0.000
,1791.698,UPRIGHT,0.6556,0.0000,1.0000,226.8,-34.2,0.000,0.000,0.000,0.00,1.000,0.000
,1791.715,UPRIGHT,0.6530,0.0000,1.0000,229.7,-34.2,0.000,0.000,0.000,0.00,0.442,0.000
,1791.720,UPRIGHT,0.6530,0.0000,1.0000,229.7,-34.2,0.000,0.000,0.000,0.00,1.000,0.000
,1791.731,UPRIGHT,0.6530,0.0000,1.0000,229.7,-34.2,0.000,0.000,0.000,0.00,1.000,0.000
,1791.736,UPRIGHT,0.6530,0.0000,1.0000,229.7,-34.2,0.000,0.000,0.000,0.00,1.000,0.000
,1791.740,UPRIGHT,0.6530,0.0000,1.0000,229.7,-34.2,0.000,0.000,0.000,0.00,1.000,0.000
,1791.746,UPRIGHT,0.6530,0.0000,1.0000,229.7,-34.2,0.000,0.000,0.000,0.00,1.000,0.000
,1791.750,UPRIGHT,0.6530,0.0000,1.0000,229.7,-34.2,0.000,0.000,0.000,0.00,1.000,0.000
,1791.754,UPRIGHT,0.6530,0.0000,1.0000,229.7,-34.2,0.000,0.000,0.000,0.00,1.000,0.000
,1791.761,UPRIGHT,0.6530,0.0000,1.0000,229.7,-34.2,0.000,0.000,0.000,0.00,1.000,0.000
,1791.766,UPRIGHT,0.6689,0.0000,1.0000,226.8,-34.2,0.000,0.000,0.000,0.00,0.544,0.000
,1791.770,UPRIGHT,0.6689,0.0000,1.0000,226.8,-34.2,0.000,0.000,0.000,0.00,1.000,0.000
,1791.777,UPRIGHT,0.6689,0.0000,1.0000,226.8,-34.2,0.000,0.000,0.000,0.00,1.000,0.000
,1791.781,UPRIGHT,0.6689,0.0000,1.0000,226.8,-34.2,0.000,0.000,0.000,0.00,1.000,0.000
,1791.785,UPRIGHT,0.6689,0.0000,1.0000,226.8,-34.2,0.000,0.000,0.000,0.00,1.000,0.000
,1791.791,UPRIGHT,0.6689,0.0000,1.0000,226.8,-34.2,0.000,0.000,0.000,0.00,1.000,0.000
,1791.795,UPRIGHT,0.6689,0.0000,1.0000,226.8,-34.2,0.000,0.000,0.000,0.00,1.000,0.000
,1791.800,UPRIGHT,0.6689,0.0000,1.0000,226.8,-34.2,0.000,0.000,0.000,0.00,1.000,0.000
,1791.805,UPRIGHT,0.6689,0.0000,1.0000,226.8,-34.2,0.000,0.000,0.000,0.00,1.000,0.000
,1791.809,UPRIGHT,0.6689,0.0000,1.0000,226.8,-34.2,0.000,0.000,0.000,0.00,1.000,0.000
,1791.814,UPRIGHT,0.6689,0.0000,1.0000,226.8,-34.2,0.000,0.000,0.000,0.00,1.000,0.000
,1791.818,UPRIGHT,0.6689,0.0000,1.0000,226.8,-34.2,0.000,0.000,0.000,0.00,1.000,0.000
,1791.823,UPRIGHT,0.6689,0.0000,1.0000,226.8,-34.2,0.000,0.000,0.000,0.00,1.000,0.000
,1791.827,UPRIGHT,0.6702,0.0000,1.0000,226.8,-34.2,0.000,0.000,0.000,0.00,0.699,0.000
,1791.832,UPRIGHT,0.6702,0.0000,1.0000,226.8,-37.2,0.000,0.000,0.000,0.00,1.000,0.000
,1791.836,UPRIGHT,0.6702,0.0000,1.0000,226.8,-37.2,0.000,0.000,0.000,0.00,1.000,0.000
,1791.840,UPRIGHT,0.6702,0.0000,1.0000,226.8,-37.2,0.000,0.000,0.000,0.00,1.000,0.000
,1791.855,UPRIGHT,0.6702,0.0000,1.0000,226.8,-37.2,0.000,0.000,0.000,0.00,1.000,0.000
,1791.859,UPRIGHT,0.6702,0.0000,1.0000,226.8,-37.2,0.000,0.000,0.000,0.00,1.000,0.000
,1791.863,UPRIGHT,0.6702,0.0000,1.0000,226.8,-37.2,0.000,0.000,0.000,0.00,1.000,0.000
,1791.868,UPRIGHT,0.6702,0.0000,1.0000,226.8,-37.2,0.000,0.000,0.000,0.00,1.000,0.000
,1791.885,UPRIGHT,0.6702,0.0000,1.0000,226.8,-37.2,0.000,0.000,0.000,0.00,1.000,0.000
,1791.891,UPRIGHT,0.6702,0.0000,1.0000,226.8,-37.2,0.000,0.000,0.000,0.00,1.000,0.000
,1791.895,UPRIGHT,0.6702,0.0000,1.0000,226.8,-37.2,0.000,0.000,0.000,0.00,1.000,0.000
,1791.899,UPRIGHT,0.6702,0.0000,1.0000,226.8,-37.2,0.000,0.000,0.000,0.00,1.000,0.000
,1791.904,UPRIGHT,0.6702,0.0000,1.0000,226.8,-37.2,0.000,0.000,0.000,0.00,1.000,0.000
,1791.908,UPRIGHT,0.6702,0.0000,1.0000,226.8,-37.2,0.000,0.000,0.000,0.00,1.000,0.000
,1791.917,UPRIGHT,0.6702,0.0000,1.0000,226.8,-37.2,0.000,0.000,0.000,0.00,1.000,0.000
,1791.921,UPRIGHT,0.6702,0.0000,1.0000,226.8,-37.2,0.000,0.000,0.000,0.00,1.000,0.000
,1791.925,UPRIGHT,0.6702,0.0000,1.0000,226.8,-37.2,0.000,0.000,0.000,0.00,1.000,0.000
,1791.929,UPRIGHT,0.6702,0.0000,1.0000,226.8,-37.2,0.000,0.000,0.000,0.00,1.000,0.000
,1791.934,UPRIGHT,0.6702,0.0000,1.0000,226.8,-37.2,0.000,0.000,0.000,0.00,1.000,0.000
,1791.947,UPRIGHT,0.6702,0.0000,1.0000,226.8,-37.2,0.000,0.000,0.000,0.00,1.000,0.000
,1791.952,UPRIGHT,0.6649,0.0000,1.0000,232.6,-37.2,0.000,0.000,0.000,0.00,0.765,0.000
,1791.956,UPRIGHT,0.6649,0.0000,1.0000,232.6,-35.7,0.000,0.000,0.000,0.00,1.000,0.000
,1791.960,UPRIGHT,0.6649,0.0000,1.0000,232.6,-34.2,0.000,0.000,0.000,0.00,1.000,0.000
,1791.965,UPRIGHT,0.6649,0.0000,1.0000,232.6,-34.2,0.000,0.000,0.000,0.00,1.000,0.000
,1791.969,UPRIGHT,0.6649,0.0000,1.0000,232.6,-34.2,0.000,0.000,0.000,0.00,1.000,0.000
,1791.973,UPRIGHT,0.6649,0.0000,1.0000,232.6,-34.2,0.000,0.000,0.000,0.00,1.000,0.000
,1791.979,UPRIGHT,0.6649,0.0000,1.0000,232.6,-34.2,0.000,0.000,0.000,0.00,1.000,0.000
,1791.983,UPRIGHT,0.6649,0.0000,1.0000,232.6,-34.2,0.000,0.000,0.000,0.00,1.000,0.000
,1791.987,UPRIGHT,0.6649,0.0000,1.0000,232.6,-34.2,0.000,0.000,0.000,0.00,1.000,0.000
,1791.995,UPRIGHT,0.6649,0.0000,1.0000,232.6,-34.2,0.000,0.000,0.000,0.00,1.000,0.000
,1792.000,UPRIGHT,0.6649,0.0000,1.0000,232.6,-34.2,0.000,0.000,0.000,0.00,1.000,0.000
,1792.011,UPRIGHT,0.6512,0.0000,1.0000,238.7,-34.2,0.000,0.000,0.000,0.00,0.566,0.000
,1792.015,UPRIGHT,0.6512,0.0000,1.0000,238.7,-34.2,0.000,0.000,0.000,0.00,1.000,0.000
,1792.019,UPRIGHT,0.6512,0.0000,1.0000,238.7,-34.2,0.000,0.000,0.000,0.00,1.000,0.000
,1792.024,UPRIGHT,0.6512,0.0000,1.0000,238.7,-34.2,0.000,0.000,0.000,0.00,1.000,0.000
,1792.042,UPRIGHT,0.6512,0.0000,1.0000,238.7,-34.2,0.000,0.000,0.000,0.00,1.000,0.000
,1792.049,UPRIGHT,0.6512,0.0000,1.0000,238.7,-34.2,0.000,0.000,0.000,0.00,1.000,0.000
,1792.054,UPRIGHT,0.6512,0.0000,1.0000,238.7,-34.2,0.000,0.000,0.000,0.00,1.000,0.000
,1792.059,UPRIGHT,0.6512,0.0000,1.0000,238.7,-34.2,0.000,0.000,0.000,0.00,1.000,0.000
,1792.064,UPRIGHT,0.6512,0.0000,1.0000,238.7,-34.2,0.000,0.000,0.000,0.00,1.000,0.000
,1792.069,UPRIGHT,0.6512,0.0000,1.0000,238.7,-34.2,0.000,0.000,0.000,0.00,1.000,0.000
,1792.089,UPRIGHT,0.7050,0.0000,1.0000,201.6,-37.2,0.000,0.000,0.000,0.00,0.000,0.000
,1792.093,UPRIGHT,0.7050,0.0000,1.0000,201.6,-37.2,0.000,0.000,0.000,0.00,1.000,0.000
,1792.098,UPRIGHT,0.7050,0.0000,1.0000,201.6,-37.2,0.000,0.000,0.000,0.00,1.000,0.000
,1792.104,UPRIGHT,0.7050,0.0000,1.0000,201.6,-37.2,0.000,0.000,0.000,0.00,1.000,0.000
,1792.108,UPRIGHT,0.7050,0.0000,1.0000,201.6,-37.2,0.000,0.000,0.000,0.00,1.000,0.000
,1792.120,UPRIGHT,0.7050,0.0000,1.0000,201.6,-37.2,0.000,0.000,0.000,0.00,1.000,0.000
,1792.124,UPRIGHT,0.7050,0.0000,1.0000,201.6,-37.2,0.000,0.000,0.000,0.00,1.000,0.000
,1792.128,UPRIGHT,0.7050,0.0000,1.0000,201.6,-37.2,0.000,0.000,0.000,0.00,1.000,0.000
,1792.133,UPRIGHT,0.7050,0.0000,1.0000,201.6,-37.2,0.000,0.000,0.000,0.00,1.000,0.000
,1792.151,UPRIGHT,0.7050,0.0000,1.0000,201.6,-37.2,0.000,0.000,0.000,0.00,1.000,0.000
,1792.157,UPRIGHT,0.7050,0.0000,1.0000,201.6,-37.2,0.000,0.000,0.000,0.00,1.000,0.000
,1792.167,UPRIGHT,0.7050,0.0000,1.0000,201.6,-37.2,0.000,0.000,0.000,0.00,1.000,0.000
,1792.171,UPRIGHT,0.7050,0.0000,1.0000,201.6,-37.2,0.000,0.000,0.000,0.00,1.000,0.000
,1792.175,UPRIGHT,0.7050,0.0000,1.0000,201.6,-37.2,0.000,0.000,0.000,0.00,1.000,0.000
,1792.180,UPRIGHT,0.7050,0.0000,1.0000,201.6,-37.2,0.000,0.000,0.000,0.00,1.000,0.000
,1792.198,UPRIGHT,0.7050,0.0000,1.0000,201.6,-37.2,0.000,0.000,0.000,0.00,1.000,0.000
,1792.203,UPRIGHT,0.6182,0.0000,1.0000,241.9,-37.2,0.000,0.000,0.000,0.00,0.000,0.000
,1792.212,UPRIGHT,0.6182,0.0000,1.0000,241.9,-37.2,0.000,0.000,0.000,0.00,1.000,0.000
,1792.217,UPRIGHT,0.6182,0.0000,1.0000,241.9,-37.2,0.000,0.000,0.000,0.00,1.000,0.000
,1792.222,UPRIGHT,0.6182,0.0000,1.0000,241.9,-37.2,0.000,0.000,0.000,0.00,1.000,0.000
,1792.226,UPRIGHT,0.6182,0.0000,1.0000,241.9,-37.2,0.000,0.000,0.000,0.00,1.000,0.000
,1792.231,UPRIGHT,0.6182,0.0000,1.0000,241.9,-37.2,0.000,0.000,0.000,0.00,1.000,0.000
,1792.235,UPRIGHT,0.6182,0.0000,1.0000,241.9,-37.2,0.000,0.000,0.000,0.00,1.000,0.000
,1792.239,UPRIGHT,0.6182,0.0000,1.0000,241.9,-37.2,0.000,0.000,0.000,0.00,1.000,0.000
,1792.259,UPRIGHT,0.6182,0.0000,1.0000,241.9,-40.0,0.000,0.000,0.000,0.00,1.000,0.000
,1792.263,UPRIGHT,0.5701,0.0000,1.0000,248.5,-40.0,0.000,0.000,0.000,0.00,0.000,0.000
,1792.268,UPRIGHT,0.5701,0.0000,1.0000,248.5,-40.0,0.000,0.000,0.000,0.00,1.000,0.000
,1792.275,UPRIGHT,0.5701,0.0000,1.0000,248.5,-40.0,0.000,0.000,0.000,0.00,1.000,0.000
,1792.279,UPRIGHT,0.5701,0.0000,1.0000,248.5,-40.0,0.000,0.000,0.000,0.00,1.000,0.000
,1792.283,UPRIGHT,0.5701,0.0000,1.0000,248.5,-38.6,0.000,0.000,0.000,0.00,1.000,0.000
,1792.290,UPRIGHT,0.5701,0.0000,1.0000,248.5,-37.2,0.000,0.000,0.000,0.00,1.000,0.000
,1792.294,UPRIGHT,0.5701,0.0000,1.0000,248.5,-37.2,0.000,0.000,0.000,0.00,1.000,0.000
,1792.299,UPRIGHT,0.5701,0.0000,1.0000,248.5,-37.2,0.000,0.000,0.000,0.00,1.000,0.000
,1792.306,UPRIGHT,0.5701,0.0000,1.0000,248.5,-37.2,0.000,0.000,0.000,0.00,1.000,0.000
,1792.310,UPRIGHT,0.5701,0.0000,1.0000,248.5,-37.2,0.000,0.000,0.000,0.00,1.000,0.000
,1792.315,UPRIGHT,0.5701,0.0000,1.0000,248.5,-37.2,0.000,0.000,0.000,0.00,1.000,0.000
,1792.322,UPRIGHT,0.6274,0.0000,1.0000,245.2,-37.2,0.000,0.000,0.000,0.00,0.000,0.000
,1792.326,UPRIGHT,0.6274,0.0000,1.0000,245.2,-37.2,0.000,0.000,0.000,0.00,1.000,0.000
,1792.331,UPRIGHT,0.6274,0.0000,1.0000,245.2,-37.2,0.000,0.000,0.000,0.00,1.000,0.000
,1792.335,UPRIGHT,0.6274,0.0000,1.0000,245.2,-37.2,0.000,0.000,0.000,0.00,1.000,0.000
,1792.340,UPRIGHT,0.6274,0.0000,1.0000,245.2,-35.7,0.000,0.000,0.000,0.00,1.000,0.000
,1792.344,UPRIGHT,0.6274,0.0000,1.0000,245.2,-34.2,0.000,0.000,0.000,0.00,1.000,0.000
,1792.348,UPRIGHT,0.6274,0.0000,1.0000,245.2,-34.2,0.000,0.000,0.000,0.00,1.000,0.000
,1792.353,UPRIGHT,0.6274,0.0000,1.0000,245.2,-34.2,0.000,0.000,0.000,0.00,1.000,0.000
,1792.369,UPRIGHT,0.6274,0.0000,1.0000,245.2,-35.7,0.000,0.000,0.000,0.00,1.000,0.000
,1792.374,UPRIGHT,0.6274,0.0000,1.0000,245.2,-35.7,0.000,0.000,0.000,0.00,1.000,0.000
,1792.378,UPRIGHT,0.6274,0.0000,1.0000,245.2,-34.2,0.000,0.000,0.000,0.00,1.000,0.000
,1792.382,UPRIGHT,0.6274,0.0000,1.0000,245.2,-34.2,0.000,0.000,0.000,0.00,1.000,0.000
,1792.400,UPRIGHT,0.6301,0.0000,1.0000,252.0,-37.2,0.000,0.000,0.000,0.00,0.735,0.000
,1792.406,UPRIGHT,0.6301,0.0000,1.0000,252.0,-35.7,0.000,0.000,0.000,0.00,1.000,0.000
,1792.416,UPRIGHT,0.6301,0.0000,1.0000,252.0,-34.2,0.000,0.000,0.000,0.00,1.000,0.000
,1792.421,UPRIGHT,0.6301,0.0000,1.0000,252.0,-34.2,0.000,0.000,0.000,0.00,1.000,0.000
,1792.425,UPRIGHT,0.6301,0.0000,1.0000,252.0,-34.2,0.000,0.000,0.000,0.00,1.000,0.000
,1792.430,UPRIGHT,0.6301,0.0000,1.0000,252.0,-34.2,0.000,0.000,0.000,0.00,1.000,0.000
,1792.435,UPRIGHT,0.6301,0.0000,1.0000,252.0,-34.2,0.000,0.000,0.000,0.00,1.000,0.000
,1792.440,UPRIGHT,0.6301,0.0000,1.0000,252.0,-34.2,0.000,0.000,0.000,0.00,1.000,0.000
,1792.444,UPRIGHT,0.6301,0.0000,1.0000,252.0,-34.2,0.000,0.000,0.000,0.00,1.000,0.000
,1792.449,UPRIGHT,0.6301,0.0000,1.0000,252.0,-34.2,0.000,0.000,0.000,0.00,1.000,0.000
,1792.453,UPRIGHT,0.6301,0.0000,1.0000,252.0,-34.2,0.000,0.000,0.000,0.00,1.000,0.000
,1792.458,UPRIGHT,0.6301,0.0000,1.0000,252.0,-34.2,0.000,0.000,0.000,0.00,1.000,0.000
,1792.463,UPRIGHT,0.6301,0.0000,1.0000,252.0,-34.2,0.000,0.000,0.000,0.00,1.000,0.000
,1792.468,UPRIGHT,0.6301,0.0000,1.0000,252.0,-34.2,0.000,0.000,0.000,0.00,1.000,0.000
,1792.472,UPRIGHT,0.6301,0.0000,1.0000,252.0,-34.2,0.000,0.000,0.000,0.00,1.000,0.000
,1792.476,UPRIGHT,0.6301,0.0000,1.0000,252.0,-34.2,0.000,0.000,0.000,0.00,1.000,0.000
,1792.481,UPRIGHT,0.6301,0.0000,1.0000,252.0,-34.2,0.000,0.000,0.000,0.00,1.000,0.000
,1792.485,UPRIGHT,0.6301,0.0000,1.0000,252.0,-34.2,0.000,0.000,0.000,0.00,1.000,0.000
,1792.494,UPRIGHT,0.6301,0.0000,1.0000,252.0,-34.2,0.000,0.000,0.000,0.00,1.000,0.000
,1792.499,UPRIGHT,0.6301,0.0000,1.0000,252.0,-34.2,0.000,0.000,0.000,0.00,1.000,0.000
,1792.503,UPRIGHT,0.6301,0.0000,1.0000,252.0,-34.2,0.000,0.000,0.000,0.00,1.000,0.000
,1792.510,UPRIGHT,0.6301,0.0000,1.0000,252.0,-34.2,0.000,0.000,0.000,0.00,1.000,0.000
,1792.515,UPRIGHT,0.6279,0.0000,1.0000,252.0,-34.2,0.000,0.000,0.000,0.00,0.699,0.000
,1792.526,UPRIGHT,0.6279,0.0000,1.0000,252.0,-34.2,0.000,0.000,0.000,0.00,1.000,0.000
,1792.530,UPRIGHT,0.6279,0.0000,1.0000,252.0,-34.2,0.000,0.000,0.000,0.00,1.000,0.000
,1792.541,UPRIGHT,0.6279,0.0000,1.0000,252.0,-34.2,0.000,0.000,0.000,0.00,1.000,0.000
,1792.546,UPRIGHT,0.6279,0.0000,1.0000,252.0,-34.2,0.000,0.000,0.000,0.00,1.000,0.000
,1792.550,UPRIGHT,0.6279,0.0000,1.0000,252.0,-34.2,0.000,0.000,0.000,0.00,1.000,0.000
,1792.554,UPRIGHT,0.6279,0.0000,1.0000,252.0,-34.2,0.000,0.000,0.000,0.00,1.000,0.000
,1792.573,UPRIGHT,0.6279,0.0000,1.0000,252.0,-34.2,0.000,0.000,0.000,0.00,1.000,0.000
,1792.579,UPRIGHT,0.6433,0.0000,1.0000,245.2,-34.2,0.000,0.000,0.000,0.00,0.522,0.000
,1792.584,UPRIGHT,0.6433,0.0000,1.0000,245.2,-34.2,0.000,0.000,0.000,0.00,1.000,0.000
,1792.604,UPRIGHT,0.6433,0.0000,1.0000,245.2,-34.2,0.000,0.000,0.000,0.00,1.000,0.000
,1792.612,UPRIGHT,0.6433,0.0000,1.0000,245.2,-34.2,0.000,0.000,0.000,0.00,1.000,0.000
,1792.617,UPRIGHT,0.6433,0.0000,1.0000,245.2,-34.2,0.000,0.000,0.000,0.00,1.000,0.000
,1792.622,UPRIGHT,0.6433,0.0000,1.0000,245.2,-34.2,0.000,0.000,0.000,0.00,1.000,0.000
,1792.636,UPRIGHT,0.6689,0.0000,1.0000,211.0,-34.2,0.000,0.000,0.000,0.00,0.000,0.000
,1792.641,UPRIGHT,0.6689,0.0000,1.0000,211.0,-34.2,0.000,0.000,0.000,0.00,1.000,0.000
,1792.646,UPRIGHT,0.6689,0.0000,1.0000,211.0,-34.2,0.000,0.000,0.000,0.00,1.000,0.000
,1792.650,UPRIGHT,0.6689,0.0000,1.0000,211.0,-34.2,0.000,0.000,0.000,0.00,1.000,0.000
,1792.655,UPRIGHT,0.6689,0.0000,1.0000,211.0,-34.2,0.000,0.000,0.000,0.00,1.000,0.000
,1792.659,UPRIGHT,0.6689,0.0000,1.0000,211.0,-34.2,0.000,0.000,0.000,0.00,1.000,0.000
,1792.663,UPRIGHT,0.6689,0.0000,1.0000,211.0,-34.2,0.000,0.000,0.000,0.00,1.000,0.000
,1792.668,UPRIGHT,0.6689,0.0000,1.0000,211.0,-34.2,0.000,0.000,0.000,0.00,1.000,0.000
,1792.682,UPRIGHT,0.6689,0.0000,1.0000,211.0,-34.2,0.000,0.000,0.000,0.00,1.000,0.000
,1792.687,UPRIGHT,0.6689,0.0000,1.0000,211.0,-34.2,0.000,0.000,0.000,0.00,1.000,0.000
,1792.691,UPRIGHT,0.6689,0.0000,1.0000,211.0,-34.2,0.000,0.000,0.000,0.00,1.000,0.000
,1792.695,UPRIGHT,0.6689,0.0000,1.0000,211.0,-34.2,0.000,0.000,0.000,0.00,1.000,0.000
,1792.714,UPRIGHT,0.6689,0.0000,1.0000,211.0,-34.2,0.000,0.000,0.000,0.00,1.000,0.000
,1792.719,UPRIGHT,0.6689,0.0000,1.0000,211.0,-34.2,0.000,0.000,0.000,0.00,1.000,0.000
,1792.729,UPRIGHT,0.6689,0.0000,1.0000,211.0,-34.2,0.000,0.000,0.000,0.00,1.000,0.000
,1792.733,UPRIGHT,0.6689,0.0000,1.0000,211.0,-34.2,0.000,0.000,0.000,0.00,1.000,0.000
,1792.737,UPRIGHT,0.6689,0.0000,1.0000,211.0,-34.2,0.000,0.000,0.000,0.00,1.000,0.000
,1792.744,UPRIGHT,0.6689,0.0000,1.0000,211.0,-34.2,0.000,0.000,0.000,0.00,1.000,0.000
,1792.748,UPRIGHT,0.6689,0.0000,1.0000,211.0,-34.2,0.000,0.000,0.000,0.00,1.000,0.000
,1792.753,UPRIGHT,0.6689,0.0000,1.0000,211.0,-34.2,0.000,0.000,0.000,0.00,1.000,0.000
,1792.757,UPRIGHT,0.6689,0.0000,1.0000,211.0,-34.2,0.000,0.000,0.000,0.00,1.000,0.000
,1792.776,UPRIGHT,0.6186,0.0000,1.0000,263.0,-34.2,0.000,0.000,0.000,0.00,0.000,0.000
,1792.780,UPRIGHT,0.6186,0.0000,1.0000,263.0,-34.2,0.000,0.000,0.000,0.00,1.000,0.000
,1792.791,UPRIGHT,0.6186,0.0000,1.0000,263.0,-34.2,0.000,0.000,0.000,0.00,1.000,0.000
,1792.796,UPRIGHT,0.6186,0.0000,1.0000,263.0,-34.2,0.000,0.000,0.000,0.00,1.000,0.000
,1792.800,UPRIGHT,0.6186,0.0000,1.0000,263.0,-34.2,0.000,0.000,0.000,0.00,1.000,0.000
,1792.804,UPRIGHT,0.6186,0.0000,1.0000,263.0,-34.2,0.000,0.000,0.000,0.00,1.000,0.000
,1792.823,UPRIGHT,0.5922,0.0000,1.0000,274.9,-34.2,0.000,0.000,0.000,0.00,0.000,0.000
,1792.829,UPRIGHT,0.5922,0.0000,1.0000,274.9,-34.2,0.000,0.000,0.000,0.00,1.000,0.000
,1792.834,UPRIGHT,0.5922,0.0000,1.0000,274.9,-34.2,0.000,0.000,0.000,0.00,1.000,0.000
,1792.854,UPRIGHT,0.5922,0.0000,1.0000,274.9,-34.2,0.000,0.000,0.000,0.00,1.000,0.000
,1792.862,UPRIGHT,0.5922,0.0000,1.0000,274.9,-34.2,0.000,0.000,0.000,0.00,1.000,0.000
,1792.867,UPRIGHT,0.5922,0.0000,1.0000,274.9,-34.2,0.000,0.000,0.000,0.00,1.000,0.000
,1792.886,UPRIGHT,0.6543,0.0000,1.0000,206.2,-34.2,0.000,0.000,0.000,0.00,0.000,0.000
,1792.894,UPRIGHT,0.6543,0.0000,1.0000,206.2,-34.2,0.000,0.000,0.000,0.00,1.000,0.000
,1792.899,UPRIGHT,0.6543,0.0000,1.0000,206.2,-34.2,0.000,0.000,0.000,0.00,1.000,0.000
,1792.916,UPRIGHT,0.6543,0.0000,1.0000,206.2,-34.2,0.000,0.000,0.000,0.00,1.000,0.000
,1792.923,UPRIGHT,0.6543,0.0000,1.0000,206.2,-34.2,0.000,0.000,0.000,0.00,1.000,0.000
,1792.928,UPRIGHT,0.6543,0.0000,1.0000,206.2,-34.2,0.000,0.000,0.000,0.00,1.000,0.000
,1792.933,UPRIGHT,0.6543,0.0000,1.0000,206.2,-34.2,0.000,0.000,0.000,0.00,1.000,0.000
,1792.937,UPRIGHT,0.6543,0.0000,1.0000,206.2,-34.2,0.000,0.000,0.000,0.00,1.000,0.000
,1792.947,UPRIGHT,0.6468,0.0000,1.0000,201.6,-34.2,0.000,0.000,0.000,0.00,0.052,0.000
,1792.952,UPRIGHT,0.6468,0.0000,1.0000,201.6,-34.2,0.000,0.000,0.000,0.00,1.000,0.000
,1792.956,UPRIGHT,0.6468,0.0000,1.0000,201.6,-34.2,0.000,0.000,0.000,0.00,1.000,0.000
,1792.962,UPRIGHT,0.6468,0.0000,1.0000,201.6,-34.2,0.000,0.000,0.000,0.00,1.000,0.000
,1792.967,UPRIGHT,0.6468,0.0000,1.0000,201.6,-34.2,0.000,0.000,0.000,0.00,1.000,0.000
,1792.971,UPRIGHT,0.6468,0.0000,1.0000,201.6,-34.2,0.000,0.000,0.000,0.00,1.000,0.000
,1792.978,UPRIGHT,0.6468,0.0000,1.0000,201.6,-34.2,0.000,0.000,0.000,0.00,1.000,0.000
,1792.982,UPRIGHT,0.6468,0.0000,1.0000,201.6,-34.2,0.000,0.000,0.000,0.00,1.000,0.000
,1792.986,UPRIGHT,0.6468,0.0000,1.0000,201.6,-34.2,0.000,0.000,0.000,0.00,1.000,0.000
,1792.993,UPRIGHT,0.6468,0.0000,1.0000,201.6,-34.2,0.000,0.000,0.000,0.00,1.000,0.000
,1792.998,UPRIGHT,0.6468,0.0000,1.0000,201.6,-34.2,0.000,0.000,0.000,0.00,1.000,0.000
,1793.002,UPRIGHT,0.6468,0.0000,1.0000,201.6,-34.2,0.000,0.000,0.000,0.00,1.000,0.000
,1793.006,UPRIGHT,0.6468,0.0000,1.0000,201.6,-34.2,0.000,0.000,0.000,0.00,1.000,0.000
,1793.025,UPRIGHT,0.6468,0.0000,1.0000,201.6,-31.1,0.000,0.000,0.000,0.00,1.000,0.000
,1793.029,UPRIGHT,0.6468,0.0000,1.0000,201.6,-31.1,0.000,0.000,0.000,0.00,1.000,0.000
,1793.034,UPRIGHT,0.6468,0.0000,1.0000,201.6,-31.1,0.000,0.000,0.000,0.00,1.000,0.000
,1793.040,UPRIGHT,0.6468,0.0000,1.0000,201.6,-31.1,0.000,0.000,0.000,0.00,1.000,0.000
,1793.044,UPRIGHT,0.6468,0.0000,1.0000,201.6,-31.1,0.000,0.000,0.000,0.00,1.000,0.000
,1793.048,UPRIGHT,0.6468,0.0000,1.0000,201.6,-34.2,0.000,0.000,0.000,0.00,1.000,0.000
,1793.053,UPRIGHT,0.6468,0.0000,1.0000,201.6,-34.2,0.000,0.000,0.000,0.00,1.000,0.000
,1793.057,UPRIGHT,0.6468,0.0000,1.0000,201.6,-34.2,0.000,0.000,0.000,0.00,1.000,0.000
,1793.061,UPRIGHT,0.6468,0.0000,1.0000,201.6,-34.2,0.000,0.000,0.000,0.00,1.000,0.000
,1793.066,UPRIGHT,0.6468,0.0000,1.0000,201.6,-34.2,0.000,0.000,0.000,0.00,1.000,0.000
,1793.070,UPRIGHT,0.6468,0.0000,1.0000,201.6,-34.2,0.000,0.000,0.000,0.00,1.000,0.000
,1793.074,UPRIGHT,0.5190,0.0000,1.0000,232.6,-34.2,0.000,0.000,0.000,0.00,0.000,0.000
,1793.087,UPRIGHT,0.5190,0.0000,1.0000,232.6,-34.2,0.000,0.000,0.000,0.00,1.000,0.000
,1793.091,UPRIGHT,0.5190,0.0000,1.0000,232.6,-34.2,0.000,0.000,0.000,0.00,1.000,0.000
,1793.095,UPRIGHT,0.5190,0.0000,1.0000,232.6,-34.2,0.000,0.000,0.000,0.00,1.000,0.000
,1793.100,UPRIGHT,0.5190,0.0000,1.0000,232.6,-34.2,0.000,0.000,0.000,0.00,1.000,0.000
,1793.105,UPRIGHT,0.5190,0.0000,1.0000,232.6,-34.2,0.000,0.000,0.000,0.00,1.000,0.000
,1793.109,UPRIGHT,0.5190,0.0000,1.0000,232.6,-34.2,0.000,0.000,0.000,0.00,1.000,0.000
,1793.114,UPRIGHT,0.5190,0.0000,1.0000,232.6,-34.2,0.000,0.000,0.000,0.00,1.000,0.000
,1793.119,UPRIGHT,0.5190,0.0000,1.0000,232.6,-34.2,0.000,0.000,0.000,0.00,1.000,0.000
,1793.123,UPRIGHT,0.5190,0.0000,1.0000,232.6,-34.2,0.000,0.000,0.000,0.00,1.000,0.000
,1793.133,UPRIGHT,0.5190,0.0000,1.0000,232.6,-34.2,0.000,0.000,0.000,0.00,1.000,0.000
,1793.138,UPRIGHT,0.3192,0.0000,0.6341,211.0,-34.2,0.000,0.000,0.000,0.00,0.000,0.000
,1793.149,UPRIGHT,0.3192,0.0000,0.6341,211.0,-34.2,0.000,0.000,0.000,0.00,1.000,0.000
,1793.153,UPRIGHT,0.3192,0.0000,0.6341,211.0,-34.2,0.000,0.000,0.000,0.00,1.000,0.000
,1793.157,UPRIGHT,0.3192,0.0000,0.6341,211.0,-34.2,0.000,0.000,0.000,0.00,1.000,0.000
,1793.164,UPRIGHT,0.3192,0.0000,0.6341,211.0,-34.2,0.000,0.000,0.000,0.00,1.000,0.000
,1793.168,UPRIGHT,0.3192,0.0000,0.6341,211.0,-34.2,0.000,0.000,0.000,0.00,1.000,0.000
,1793.172,UPRIGHT,0.3192,0.0000,0.6341,211.0,-34.2,0.000,0.000,0.000,0.00,1.000,0.000
,1793.180,UPRIGHT,0.3192,0.0000,0.6341,211.0,-34.2,0.000,0.000,0.000,0.00,1.000,0.000
,1793.184,UPRIGHT,0.3192,0.0000,0.6341,211.0,-34.2,0.000,0.000,0.000,0.00,1.000,0.000
,1793.188,UPRIGHT,0.3192,0.0000,0.6341,211.0,-34.2,0.000,0.000,0.000,0.00,1.000,0.000
,1793.196,UPRIGHT,0.3192,0.0000,0.6341,211.0,-34.2,0.000,0.000,0.000,0.00,1.000,0.000
,1793.200,UPRIGHT,0.2271,0.0000,0.6829,348.9,-31.1,0.000,0.000,0.000,0.00,0.000,0.000
,1793.205,UPRIGHT,0.2271,0.0000,0.6829,348.9,-28.1,0.000,0.000,0.000,0.00,1.000,0.000
,1793.209,UPRIGHT,0.2271,0.0000,0.6829,348.9,-28.1,0.000,0.000,0.000,0.00,1.000,0.000
,1793.213,UPRIGHT,0.2271,0.0000,0.6829,348.9,-28.1,0.000,0.000,0.000,0.00,1.000,0.000
,1793.218,UPRIGHT,0.2271,0.0000,0.6829,348.9,-28.1,0.000,0.000,0.000,0.00,1.000,0.000
,1793.222,UPRIGHT,0.2271,0.0000,0.6829,348.9,-28.1,0.000,0.000,0.000,0.00,1.000,0.000
,1793.227,UPRIGHT,0.2271,0.0000,0.6829,348.9,-28.1,0.000,0.000,0.000,0.00,1.000,0.000
,1793.231,UPRIGHT,0.2271,0.0000,0.6829,348.9,-28.1,0.000,0.000,0.000,0.00,1.000,0.000
,1793.236,UPRIGHT,0.2271,0.0000,0.6829,348.9,-28.1,0.000,0.000,0.000,0.00,1.000,0.000
,1793.243,UPRIGHT,0.2271,0.0000,0.6829,348.9,-28.1,0.000,0.000,0.000,0.00,1.000,0.000
,1793.247,UPRIGHT,0.2271,0.0000,0.6829,348.9,-28.1,0.000,0.000,0.000,0.00,1.000,0.000
,1793.258,UPRIGHT,0.2271,0.0000,0.6829,348.9,-28.1,0.000,0.000,0.000,0.00,1.000,0.000
,1793.262,UPRIGHT,0.2271,0.0000,0.6829,348.9,-26.5,0.000,0.000,0.000,0.00,1.000,0.000
,1793.266,UPRIGHT,0.2271,0.0000,0.6829,348.9,-24.9,0.000,0.000,0.000,0.00,1.000,0.000
,1793.273,UPRIGHT,0.2271,0.0000,0.6829,348.9,-24.9,0.000,0.000,0.000,0.00,1.000,0.000
,1793.289,UPRIGHT,0.2271,0.0000,0.6829,348.9,-24.9,0.000,0.000,0.000,0.00,1.000,0.000
,1793.293,UPRIGHT,0.2271,0.0000,0.6829,348.9,-24.9,0.000,0.000,0.000,0.00,1.000,0.000
,1793.298,UPRIGHT,0.2271,0.0000,0.6829,348.9,-24.9,0.000,0.000,0.000,0.00,1.000,0.000
,1793.304,UPRIGHT,0.2271,0.0000,0.6829,348.9,-24.9,0.000,0.000,0.000,0.00,1.000,0.000
,1793.309,UPRIGHT,0.2271,0.0000,0.6829,348.9,-24.9,0.000,0.000,0.000,0.00,1.000,0.000
,1793.314,UPRIGHT,0.2271,0.0000,0.6829,348.9,-24.9,0.000,0.000,0.000,0.00,1.000,0.000
,1793.319,UPRIGHT,0.2271,0.0000,0.6829,348.9,-24.9,0.000,0.000,0.000,0.00,1.000,0.000
,1793.323,UPRIGHT,0.5379,0.0000,1.0000,252.0,-23.3,0.000,0.000,0.000,0.00,0.000,0.000
,1793.328,UPRIGHT,0.5379,0.0000,1.0000,252.0,-21.6,0.000,0.000,0.000,0.00,1.000,0.000
,1793.333,UPRIGHT,0.5379,0.0000,1.0000,252.0,-21.6,0.000,0.000,0.000,0.00,1.000,0.000
,1793.337,UPRIGHT,0.5379,0.0000,1.0000,252.0,-21.6,0.000,0.000,0.000,0.00,1.000,0.000
,1793.341,UPRIGHT,0.5379,0.0000,1.0000,252.0,-21.6,0.000,0.000,0.000,0.00,1.000,0.000
,1793.352,UPRIGHT,0.5379,0.0000,1.0000,252.0,-21.6,0.000,0.000,0.000,0.00,1.000,0.000
,1793.356,UPRIGHT,0.5379,0.0000,1.0000,252.0,-21.6,0.000,0.000,0.000,0.00,1.000,0.000
,1793.361,UPRIGHT,0.5379,0.0000,1.0000,252.0,-21.6,0.000,0.000,0.000,0.00,1.000,0.000
,1793.365,UPRIGHT,0.5379,0.0000,1.0000,252.0,-21.6,0.000,0.000,0.000,0.00,1.000,0.000
,1793.369,UPRIGHT,0.5379,0.0000,1.0000,252.0,-21.6,0.000,0.000,0.000,0.00,1.000,0.000
,1793.374,UPRIGHT,0.5379,0.0000,1.0000,252.0,-21.6,0.000,0.000,0.000,0.00,1.000,0.000
,1793.383,UPRIGHT,0.4832,0.0000,1.0000,252.0,-21.6,0.000,0.000,0.000,0.00,0.000,0.000
,1793.387,UPRIGHT,0.4832,0.0000,1.0000,252.0,-21.6,0.000,0.000,0.000,0.00,1.000,0.000
,1793.399,UPRIGHT,0.4832,0.0000,1.0000,252.0,-21.6,0.000,0.000,0.000,0.00,1.000,0.000
,1793.403,UPRIGHT,0.4832,0.0000,1.0000,252.0,-21.6,0.000,0.000,0.000,0.00,1.000,0.000
,1793.408,UPRIGHT,0.4832,0.0000,1.0000,252.0,-21.6,0.000,0.000,0.000,0.00,1.000,0.000
,1793.412,UPRIGHT,0.4832,0.0000,1.0000,252.0,-21.6,0.000,0.000,0.000,0.00,1.000,0.000
,1793.416,UPRIGHT,0.4832,0.0000,1.0000,252.0,-21.6,0.000,0.000,0.000,0.00,1.000,0.000
,1793.420,UPRIGHT,0.4832,0.0000,1.0000,252.0,-21.6,0.000,0.000,0.000,0.00,1.000,0.000
,1793.424,UPRIGHT,0.4832,0.0000,1.0000,252.0,-21.6,0.000,0.000,0.000,0.00,1.000,0.000
,1793.431,UPRIGHT,0.4832,0.0000,1.0000,252.0,-20.0,0.000,0.000,0.000,0.00,1.000,0.000
,1793.435,UPRIGHT,0.4832,0.0000,1.0000,252.0,-18.3,0.000,0.000,0.000,0.00,1.000,0.000
,1793.447,UPRIGHT,0.4281,0.0000,1.0000,394.4,-18.3,0.000,0.000,0.000,0.00,0.000,0.000
,1793.451,UPRIGHT,0.4281,0.0000,1.0000,394.4,-18.3,0.000,0.000,0.000,0.00,1.000,0.000
,1793.455,UPRIGHT,0.4281,0.0000,1.0000,394.4,-18.3,0.000,0.000,0.000,0.00,1.000,0.000
,1793.462,UPRIGHT,0.4281,0.0000,1.0000,394.4,-18.3,0.000,0.000,0.000,0.00,1.000,0.000
,1793.467,UPRIGHT,0.4281,0.0000,1.0000,394.4,-18.3,0.000,0.000,0.000,0.00,1.000,0.000
,1793.471,UPRIGHT,0.4281,0.0000,1.0000,394.4,-18.3,0.000,0.000,0.000,0.00,1.000,0.000
,1793.476,UPRIGHT,0.4281,0.0000,1.0000,394.4,-18.3,0.000,0.000,0.000,0.00,1.000,0.000
,1793.480,UPRIGHT,0.4281,0.0000,1.0000,394.4,-18.3,0.000,0.000,0.000,0.00,1.000,0.000
,1793.484,UPRIGHT,0.4281,0.0000,1.0000,394.4,-18.3,0.000,0.000,0.000,0.00,1.000,0.000
,1793.489,UPRIGHT,0.4281,0.0000,1.0000,394.4,-18.3,0.000,0.000,0.000,0.00,1.000,0.000
,1793.509,UPRIGHT,0.4153,0.0000,1.0000,378.0,-14.8,0.000,0.000,0.000,0.00,0.000,0.000
,1793.513,UPRIGHT,0.4153,0.0000,1.0000,378.0,-14.8,0.000,0.000,0.000,0.00,1.000,0.000
,1793.518,UPRIGHT,0.4153,0.0000,1.0000,378.0,-14.8,0.000,0.000,0.000,0.00,1.000,0.000
,1793.524,UPRIGHT,0.4153,0.0000,1.0000,378.0,-14.8,0.000,0.000,0.000,0.00,1.000,0.000
,1793.528,UPRIGHT,0.4153,0.0000,1.0000,378.0,-14.8,0.000,0.000,0.000,0.00,1.000,0.000
,1793.533,UPRIGHT,0.4153,0.0000,1.0000,378.0,-14.8,0.000,0.000,0.000,0.00,1.000,0.000
,1793.540,UPRIGHT,0.4153,0.0000,1.0000,378.0,-14.8,0.000,0.000,0.000,0.00,1.000,0.000
,1793.545,UPRIGHT,0.4153,0.0000,1.0000,378.0,-14.8,0.000,0.000,0.000,0.00,1.000,0.000
,1793.549,UPRIGHT,0.4153,0.0000,1.0000,378.0,-14.8,0.000,0.000,0.000,0.00,1.000,0.000
,1793.554,UPRIGHT,0.4153,0.0000,1.0000,378.0,-14.8,0.000,0.000,0.000,0.00,1.000,0.000
,1793.558,UPRIGHT,0.4153,0.0000,1.0000,378.0,-14.8,0.000,0.000,0.000,0.00,1.000,0.000
,1793.572,UPRIGHT,0.4153,0.0000,1.0000,378.0,-14.8,0.000,0.000,0.000,0.00,1.000,0.000
,1793.576,UPRIGHT,0.4078,0.0000,1.0000,412.4,-14.8,0.000,0.000,0.000,0.00,0.464,0.000
,1793.581,UPRIGHT,0.4078,0.0000,1.0000,412.4,-14.8,0.000,0.000,0.000,0.00,1.000,0.000
,1793.585,UPRIGHT,0.4078,0.0000,1.0000,412.4,-14.8,0.000,0.000,0.000,0.00,1.000,0.000
,1793.602,UPRIGHT,0.4078,0.0000,1.0000,412.4,-14.8,0.000,0.000,0.000,0.00,1.000,0.000
,1793.607,UPRIGHT,0.4078,0.0000,1.0000,412.4,-14.8,0.000,0.000,0.000,0.00,1.000,0.000
,1793.611,UPRIGHT,0.4078,0.0000,1.0000,412.4,-14.8,0.000,0.000,0.000,0.00,1.000,0.000
,1793.615,UPRIGHT,0.4078,0.0000,1.0000,412.4,-14.8,0.000,0.000,0.000,0.00,1.000,0.000
,1793.620,UPRIGHT,0.4078,0.0000,1.0000,412.4,-14.8,0.000,0.000,0.000,0.00,1.000,0.000
,1793.624,UPRIGHT,0.4078,0.0000,1.0000,412.4,-14.8,0.000,0.000,0.000,0.00,1.000,0.000
,1793.629,UPRIGHT,0.4078,0.0000,1.0000,412.4,-14.8,0.000,0.000,0.000,0.00,1.000,0.000
,1793.634,UPRIGHT,0.4078,0.0000,1.0000,412.4,-14.8,0.000,0.000,0.000,0.00,1.000,0.000
,1793.639,UPRIGHT,0.4078,0.0000,1.0000,412.4,-14.8,0.000,0.000,0.000,0.00,1.000,0.000
,1793.649,UPRIGHT,0.4078,0.0000,1.0000,412.4,-14.8,0.000,0.000,0.000,0.00,1.000,0.000
,1793.654,UPRIGHT,0.4078,0.0000,1.0000,412.4,-14.8,0.000,0.000,0.000,0.00,1.000,0.000
,1793.666,UPRIGHT,0.4078,0.0000,1.0000,412.4,-14.8,0.000,0.000,0.000,0.00,1.000,0.000
,1793.670,UPRIGHT,0.4078,0.0000,1.0000,412.4,-14.8,0.000,0.000,0.000,0.00,1.000,0.000
,1793.681,UPRIGHT,0.4078,0.0000,1.0000,412.4,-14.8,0.000,0.000,0.000,0.00,1.000,0.000
,1793.685,UPRIGHT,0.4078,0.0000,1.0000,412.4,-14.8,0.000,0.000,0.000,0.00,1.000,0.000
,1793.690,UPRIGHT,0.4078,0.0000,1.0000,412.4,-14.8,0.000,0.000,0.000,0.00,1.000,0.000
,1793.694,UPRIGHT,0.4078,0.0000,1.0000,412.4,-14.8,0.000,0.000,0.000,0.00,1.000,0.000
,1793.700,UPRIGHT,0.4211,0.0000,1.0000,412.4,-14.8,0.000,0.000,0.000,0.00,0.250,0.000
,1793.704,UPRIGHT,0.4211,0.0000,1.0000,412.4,-14.8,0.000,0.000,0.000,0.00,1.000,0.000
,1793.709,UPRIGHT,0.4211,0.0000,1.0000,412.4,-14.8,0.000,0.000,0.000,0.00,1.000,0.000
,1793.713,UPRIGHT,0.4211,0.0000,1.0000,412.4,-14.8,0.000,0.000,0.000,0.00,1.000,0.000
,1793.718,UPRIGHT,0.4211,0.0000,1.0000,412.4,-14.8,0.000,0.000,0.000,0.00,1.000,0.000
,1793.722,UPRIGHT,0.4211,0.0000,1.0000,412.4,-14.8,0.000,0.000,0.000,0.00,1.000,0.000
,1793.727,UPRIGHT,0.4211,0.0000,1.0000,412.4,-14.8,0.000,0.000,0.000,0.00,1.000,0.000
,1793.732,UPRIGHT,0.4211,0.0000,1.0000,412.4,-14.8,0.000,0.000,0.000,0.00,1.000,0.000
,1793.736,UPRIGHT,0.4211,0.0000,1.0000,412.4,-14.8,0.000,0.000,0.000,0.00,1.000,0.000
,1793.740,UPRIGHT,0.4211,0.0000,1.0000,412.4,-14.8,0.000,0.000,0.000,0.00,1.000,0.000
,1793.744,UPRIGHT,0.4211,0.0000,1.0000,412.4,-14.8,0.000,0.000,0.000,0.00,1.000,0.000
,1793.749,UPRIGHT,0.4211,0.0000,1.0000,412.4,-14.8,0.000,0.000,0.000,0.00,1.000,0.000
,1793.753,UPRIGHT,0.4211,0.0000,1.0000,412.4,-14.8,0.000,0.000,0.000,0.00,1.000,0.000
,1793.758,UPRIGHT,0.4211,0.0000,1.0000,412.4,-14.8,0.000,0.000,0.000,0.00,1.000,0.000
,1793.762,UPRIGHT,0.3563,0.0000,1.0000,394.4,-14.8,0.000,0.000,0.000,0.00,0.000,0.000
,1793.767,UPRIGHT,0.3563,0.0000,1.0000,394.4,-14.8,0.000,0.000,0.000,0.00,1.000,0.000
,1793.774,UPRIGHT,0.3563,0.0000,1.0000,394.4,-14.8,0.000,0.000,0.000,0.00,1.000,0.000
,1793.779,UPRIGHT,0.3563,0.0000,1.0000,394.4,-14.8,0.000,0.000,0.000,0.00,1.000,0.000
,1793.783,UPRIGHT,0.3563,0.0000,1.0000,394.4,-14.8,0.000,0.000,0.000,0.00,1.000,0.000
,1793.787,UPRIGHT,0.3563,0.0000,1.0000,394.4,-14.8,0.000,0.000,0.000,0.00,1.000,0.000
,1793.791,UPRIGHT,0.3563,0.0000,1.0000,394.4,-14.8,0.000,0.000,0.000,0.00,1.000,0.000
,1793.806,UPRIGHT,0.3563,0.0000,1.0000,394.4,-14.8,0.000,0.000,0.000,0.00,1.000,0.000
,1793.810,UPRIGHT,0.3563,0.0000,1.0000,394.4,-14.8,0.000,0.000,0.000,0.00,1.000,0.000
,1793.814,UPRIGHT,0.3563,0.0000,1.0000,394.4,-3.9,0.000,0.000,0.000,0.00,1.000,0.000
,1793.819,UPRIGHT,0.3563,0.0000,1.0000,394.4,-3.9,0.000,0.000,0.000,0.00,1.000,0.000
,1793.836,UPRIGHT,0.3893,0.2195,0.7805,348.9,-3.9,0.000,0.000,0.000,0.00,0.000,0.000
,1793.842,UPRIGHT,0.3893,0.2195,0.7805,348.9,-3.9,0.002,0.000,0.000,0.00,0.998,0.002
,1793.847,UPRIGHT,0.3893,0.2195,0.7805,348.9,-3.9,0.003,0.000,0.000,0.00,0.997,0.003
,1793.851,UPRIGHT,0.3893,0.2195,0.7805,348.9,2.1,0.004,0.000,0.000,0.00,0.996,0.004
,1793.856,UPRIGHT,0.3893,0.2195,0.7805,348.9,8.1,0.006,0.000,0.000,0.00,0.995,0.005
,1793.867,UPRIGHT,0.3893,0.2195,0.7805,348.9,8.1,0.009,0.000,0.000,0.00,0.992,0.008
,1793.872,UPRIGHT,0.3893,0.2195,0.7805,348.9,8.1,0.010,0.000,0.000,0.00,0.991,0.009
,1793.876,UPRIGHT,0.3893,0.2195,0.7805,348.9,8.1,0.011,0.000,0.000,0.00,0.989,0.011
,1793.881,UPRIGHT,0.3893,0.2195,0.7805,348.9,8.1,0.012,0.000,0.000,0.00,0.988,0.012
,1793.885,UPRIGHT,0.3893,0.2195,0.7805,348.9,8.1,0.014,0.000,0.000,0.00,0.987,0.013
,1793.889,UPRIGHT,0.3893,0.2195,0.7805,348.9,82.1,0.011,0.000,0.000,0.00,0.990,0.010
,1793.899,UPRIGHT,0.3893,0.2195,0.7805,348.9,82.1,0.013,0.001,0.000,0.00,0.988,0.012
,1793.903,UPRIGHT,0.3893,0.2195,0.7805,348.9,82.1,0.013,0.002,0.000,0.00,0.987,0.013
,1793.907,UPRIGHT,0.3893,0.2195,0.7805,348.9,82.1,0.014,0.002,0.000,0.00,0.987,0.013
,1793.914,UPRIGHT,0.3893,0.2195,0.7805,348.9,82.1,0.016,0.003,0.000,0.00,0.985,0.015
,1793.918,UPRIGHT,0.3893,0.2195,0.7805,348.9,82.1,0.016,0.003,0.000,0.00,0.984,0.016
,1793.922,UPRIGHT,0.3893,0.2195,0.7805,348.9,82.1,0.017,0.004,0.000,0.00,0.984,0.016
,1793.929,UPRIGHT,0.3893,0.2195,0.7805,348.9,82.1,0.019,0.005,0.000,0.00,0.982,0.018
,1793.934,UPRIGHT,0.3893,0.2195,0.7805,348.9,82.1,0.020,0.005,0.000,0.00,0.981,0.019
,1793.938,UPRIGHT,0.3893,0.2195,0.7805,348.9,82.1,0.020,0.005,0.000,0.00,0.981,0.019
,1793.945,UPRIGHT,0.3893,0.2195,0.7805,348.9,82.1,0.022,0.006,0.000,0.00,0.979,0.021
,1793.949,UPRIGHT,0.5097,0.0000,1.0000,329.9,82.1,0.000,0.007,0.000,0.00,0.000,0.003
,1793.953,UPRIGHT,0.5097,0.0000,1.0000,329.9,82.1,0.000,0.007,0.000,0.00,0.997,0.003
,1793.960,UPRIGHT,0.5097,0.0000,1.0000,329.9,82.1,0.000,0.008,0.000,0.00,0.996,0.004
,1793.964,UPRIGHT,0.5097,0.0000,1.0000,329.9,82.1,0.000,0.008,0.000,0.00,0.996,0.004
,1793.968,UPRIGHT,0.5097,0.0000,1.0000,329.9,82.1,0.000,0.009,0.000,0.00,0.996,0.004
,1793.976,UPRIGHT,0.5097,0.0000,1.0000,329.9,82.1,0.000,0.010,0.000,0.00,0.996,0.004
,1793.980,UPRIGHT,0.5097,0.0000,1.0000,329.9,82.1,0.000,0.010,0.000,0.00,0.995,0.005
,1793.984,UPRIGHT,0.5097,0.0000,1.0000,329.9,82.1,0.000,0.011,0.000,0.00,0.995,0.005
,1793.991,UPRIGHT,0.5097,0.0000,1.0000,329.9,82.1,0.000,0.011,0.000,0.00,0.995,0.005
,1794.007,UPRIGHT,0.5097,0.0000,1.0000,329.9,82.1,0.000,0.013,0.000,0.00,0.994,0.006
,1794.013,UPRIGHT,0.5340,0.0000,1.0000,336.0,82.1,0.000,0.014,0.000,0.00,0.000,0.006
,1794.018,UPRIGHT,0.5340,0.0000,1.0000,336.0,82.1,0.000,0.014,0.000,0.00,0.993,0.007
,1794.039,UPRIGHT,0.5340,0.0000,1.0000,336.0,82.1,0.000,0.017,0.000,0.00,0.992,0.008
,1794.047,UPRIGHT,0.5340,0.0000,1.0000,336.0,82.1,0.000,0.018,0.000,0.00,0.992,0.008
,1794.053,UPRIGHT,0.5340,0.0000,1.0000,336.0,82.1,0.000,0.018,0.000,0.00,0.992,0.008
,1794.070,UPRIGHT,0.4537,0.0000,1.0000,324.0,82.1,0.000,0.020,0.000,0.00,0.000,0.009
,1794.078,UPRIGHT,0.4537,0.0000,1.0000,324.0,82.1,0.000,0.021,0.000,0.00,0.990,0.010
,1794.083,UPRIGHT,0.4537,0.0000,1.0000,324.0,82.1,0.000,0.022,0.000,0.00,0.990,0.010
,1794.088,UPRIGHT,0.4537,0.0000,1.0000,324.0,82.1,0.000,0.022,0.000,0.00,0.990,0.010
,1794.092,UPRIGHT,0.4537,0.0000,1.0000,324.0,82.1,0.000,0.023,0.000,0.00,0.990,0.010
,1794.097,UPRIGHT,0.4537,0.0000,1.0000,324.0,82.1,0.000,0.023,0.000,0.00,0.990,0.010
,1794.101,UPRIGHT,0.4537,0.0000,1.0000,324.0,82.1,0.000,0.024,0.000,0.00,0.989,0.011
,1794.105,UPRIGHT,0.4537,0.0000,1.0000,324.0,82.1,0.000,0.024,0.000,0.00,0.989,0.011
,1794.109,UPRIGHT,0.4537,0.0000,1.0000,324.0,82.1,0.000,0.025,0.000,0.00,0.989,0.011
,1794.113,UPRIGHT,0.4537,0.0000,1.0000,324.0,82.1,0.000,0.025,0.000,0.00,0.989,0.011
,1794.118,UPRIGHT,0.4537,0.0000,1.0000,324.0,82.1,0.000,0.026,0.000,0.00,0.988,0.012
,1794.122,UPRIGHT,0.4537,0.0000,1.0000,324.0,82.1,0.000,0.026,0.000,0.00,0.988,0.012
,1794.127,UPRIGHT,0.4537,0.0000,1.0000,324.0,82.1,0.000,0.027,0.000,0.00,0.988,0.012
,1794.131,UPRIGHT,0.4537,0.0000,1.0000,324.0,82.1,0.000,0.027,0.000,0.00,0.988,0.012
,1794.136,UPRIGHT,0.4537,0.0000,1.0000,324.0,82.1,0.000,0.028,0.000,0.00,0.988,0.012
,1794.140,UPRIGHT,0.4537,0.0000,1.0000,324.0,82.1,0.000,0.028,0.000,0.00,0.987,0.013
,1794.144,UPRIGHT,0.4537,0.0000,1.0000,324.0,82.1,0.000,0.029,0.000,0.00,0.987,0.013
,1794.149,UPRIGHT,0.4537,0.0000,1.0000,324.0,82.1,0.000,0.029,0.000,0.00,0.987,0.013
,1794.153,UPRIGHT,0.4537,0.0000,1.0000,324.0,82.1,0.000,0.030,0.000,0.00,0.987,0.013
,1794.157,UPRIGHT,0.4537,0.0000,1.0000,324.0,82.1,0.000,0.030,0.000,0.00,0.986,0.014
,1794.161,UPRIGHT,0.4537,0.0000,1.0000,324.0,82.1,0.000,0.031,0.000,0.00,0.986,0.014
,1794.166,UPRIGHT,0.4537,0.0000,1.0000,324.0,82.1,0.000,0.031,0.000,0.00,0.986,0.014
,1794.170,UPRIGHT,0.4537,0.0000,1.0000,324.0,82.1,0.000,0.032,0.000,0.00,0.986,0.014
,1794.179,UPRIGHT,0.4537,0.0000,1.0000,324.0,82.1,0.000,0.033,0.000,0.00,0.985,0.015
,1794.184,UPRIGHT,0.4537,0.0000,1.0000,324.0,82.1,0.000,0.033,0.000,0.00,0.985,0.015
,1794.188,UPRIGHT,0.4537,0.0000,1.0000,324.0,82.1,0.000,0.033,0.000,0.00,0.985,0.015
,1794.195,UPRIGHT,0.4537,0.0000,1.0000,324.0,82.1,0.000,0.034,0.000,0.00,0.985,0.015
,1794.199,UPRIGHT,0.7134,0.0000,1.0000,292.6,82.1,0.000,0.035,0.000,0.00,0.000,0.016
,1794.203,UPRIGHT,0.7134,0.0000,1.0000,292.6,82.1,0.000,0.035,0.000,0.00,0.984,0.016
,1794.210,UPRIGHT,0.7134,0.0000,1.0000,292.6,82.1,0.000,0.036,0.000,0.00,0.984,0.016
,1794.215,UPRIGHT,0.7134,0.0000,1.0000,292.6,82.1,0.000,0.037,0.000,0.00,0.984,0.016
,1794.219,UPRIGHT,0.7134,0.0000,1.0000,292.6,82.1,0.000,0.037,0.000,0.00,0.983,0.017
,1794.225,UPRIGHT,0.7134,0.0000,1.0000,292.6,82.1,0.000,0.038,0.000,0.00,0.983,0.017
,1794.230,UPRIGHT,0.7134,0.0000,1.0000,292.6,82.1,0.000,0.038,0.000,0.00,0.983,0.017
,1794.235,UPRIGHT,0.7134,0.0000,1.0000,292.6,82.1,0.000,0.039,0.000,0.00,0.983,0.017
,1794.239,UPRIGHT,0.7134,0.0000,1.0000,292.6,82.1,0.000,0.039,0.000,0.00,0.982,0.018
,1794.244,UPRIGHT,0.7134,0.0000,1.0000,292.6,82.1,0.000,0.040,0.000,0.00,0.982,0.018
,1794.248,UPRIGHT,0.7134,0.0000,1.0000,292.6,82.1,0.000,0.040,0.000,0.00,0.982,0.018
,1794.257,UPRIGHT,0.7134,0.0000,1.0000,292.6,82.1,0.000,0.041,0.000,0.00,0.981,0.019
,1794.262,UPRIGHT,0.4912,0.0000,1.0000,200.0,82.1,0.000,0.042,0.000,0.00,0.000,0.019
,1794.266,UPRIGHT,0.4912,0.0000,1.0000,200.0,82.1,0.000,0.042,0.000,0.00,0.981,0.019
,1794.272,UPRIGHT,0.4912,0.0000,1.0000,200.0,82.1,0.000,0.043,0.000,0.00,0.981,0.019
,1794.288,UPRIGHT,0.4912,0.0000,1.0000,200.0,82.1,0.000,0.045,0.000,0.00,0.980,0.020
,1794.293,UPRIGHT,0.4912,0.0000,1.0000,200.0,82.1,0.000,0.045,0.000,0.00,0.980,0.020
,1794.297,UPRIGHT,0.4912,0.0000,1.0000,200.0,82.1,0.000,0.046,0.000,0.00,0.979,0.021
,1794.301,UPRIGHT,0.4912,0.0000,1.0000,200.0,82.1,0.000,0.046,0.000,0.00,0.979,0.021
,1794.306,UPRIGHT,0.4912,0.0000,1.0000,200.0,82.1,0.000,0.047,0.000,0.00,0.979,0.021
,1794.310,UPRIGHT,0.4912,0.0000,1.0000,200.0,82.1,0.000,0.047,0.000,0.00,0.979,0.021
,1794.319,UPRIGHT,0.4912,0.0000,1.0000,200.0,82.1,0.000,0.048,0.000,0.00,0.978,0.022
,1794.323,UPRIGHT,0.5450,0.0000,1.0000,200.0,82.1,0.000,0.049,0.000,0.00,0.000,0.022
,1794.327,UPRIGHT,0.5450,0.0000,1.0000,200.0,82.1,0.000,0.049,0.000,0.00,0.978,0.022
,1794.331,UPRIGHT,0.5450,0.0000,1.0000,200.0,82.1,0.000,0.050,0.000,0.00,0.978,0.022
,1794.335,UPRIGHT,0.5450,0.0000,1.0000,200.0,82.1,0.000,0.050,0.000,0.00,0.977,0.023
,1794.340,UPRIGHT,0.5450,0.0000,1.0000,200.0,82.1,0.000,0.051,0.000,0.00,0.977,0.023
,1794.350,UPRIGHT,0.5450,0.0000,1.0000,200.0,82.1,0.000,0.052,0.000,0.00,0.977,0.023
,1794.354,UPRIGHT,0.5450,0.0000,1.0000,200.0,82.1,0.000,0.052,0.000,0.00,0.977,0.023
,1794.366,UPRIGHT,0.5450,0.0000,1.0000,200.0,82.1,0.000,0.053,0.000,0.00,0.976,0.024
,1794.370,UPRIGHT,0.5450,0.0000,1.0000,200.0,82.1,0.000,0.054,0.000,0.00,0.976,0.024
,1794.375,UPRIGHT,0.5450,0.0000,1.0000,200.0,82.1,0.000,0.055,0.000,0.00,0.975,0.025
,1794.379,UPRIGHT,0.5450,0.0000,1.0000,200.0,82.1,0.000,0.055,0.000,0.00,0.975,0.025
,1794.384,UPRIGHT,0.6001,0.0244,0.9756,218.6,82.1,0.000,0.055,0.000,0.00,0.000,0.025
,1794.388,UPRIGHT,0.6001,0.0244,0.9756,218.6,82.1,0.000,0.056,0.000,0.00,0.975,0.025
,1794.392,UPRIGHT,0.6001,0.0244,0.9756,218.6,82.1,0.000,0.056,0.000,0.00,0.975,0.025
,1794.397,UPRIGHT,0.6001,0.0244,0.9756,218.6,82.1,0.000,0.057,0.000,0.00,0.974,0.026
,1794.402,UPRIGHT,0.6001,0.0244,0.9756,218.6,82.1,0.000,0.058,0.000,0.00,0.974,0.026
,1794.406,UPRIGHT,0.6001,0.0244,0.9756,218.6,82.1,0.000,0.058,0.000,0.00,0.974,0.026
,1794.412,UPRIGHT,0.6001,0.0244,0.9756,218.6,82.1,0.000,0.059,0.000,0.00,0.974,0.026
,1794.416,UPRIGHT,0.6001,0.0244,0.9756,218.6,82.1,0.000,0.059,0.000,0.00,0.973,0.027
,1794.421,UPRIGHT,0.6001,0.0244,0.9756,218.6,69.2,0.000,0.041,0.000,0.00,0.981,0.019
,1794.427,UPRIGHT,0.6001,0.0244,0.9756,218.6,69.2,0.000,0.000,0.000,0.00,1.000,0.000
,1794.431,UPRIGHT,0.6001,0.0244,0.9756,218.6,69.2,0.000,0.000,0.000,0.00,1.000,0.000
,1794.435,UPRIGHT,0.6001,0.0244,0.9756,218.6,69.2,0.000,0.000,0.000,0.00,1.000,0.000
,1794.443,UPRIGHT,0.6001,0.0244,0.9756,218.6,69.2,0.000,0.000,0.000,0.00,1.000,0.000
,1794.447,UPRIGHT,0.6001,0.0244,0.9756,218.6,63.1,0.000,0.000,0.000,0.00,1.000,0.000
,1794.452,UPRIGHT,0.6001,0.0244,0.9756,218.6,63.1,0.000,0.000,0.000,0.00,1.000,0.000
,1794.456,UPRIGHT,0.6001,0.0244,0.9756,218.6,63.1,0.000,0.000,0.000,0.00,1.000,0.000
,1794.460,UPRIGHT,0.6001,0.0244,0.9756,218.6,63.1,0.000,0.000,0.000,0.00,1.000,0.000
,1794.464,UPRIGHT,0.6001,0.0244,0.9756,218.6,63.1,0.000,0.000,0.000,0.00,1.000,0.000
,1794.474,UPRIGHT,0.6001,0.0244,0.9756,218.6,63.1,0.000,0.000,0.000,0.00,1.000,0.000
,1794.478,UPRIGHT,0.6001,0.0244,0.9756,218.6,63.1,0.000,0.000,0.000,0.00,1.000,0.000
,1794.482,UPRIGHT,0.6001,0.0244,0.9756,218.6,63.1,0.000,0.000,0.000,0.00,1.000,0.000
,1794.489,UPRIGHT,0.6001,0.0244,0.9756,218.6,63.1,0.000,0.000,0.000,0.00,1.000,0.000
,1794.494,UPRIGHT,0.6001,0.0244,0.9756,218.6,63.1,0.000,0.000,0.000,0.00,1.000,0.000
,1794.499,UPRIGHT,0.6001,0.0244,0.9756,218.6,63.1,0.000,0.000,0.000,0.00,1.000,0.000
,1794.505,UPRIGHT,0.6001,0.0244,0.9756,218.6,57.2,0.000,0.000,0.000,0.00,1.000,0.000
,1794.509,UPRIGHT,0.5736,0.1463,0.8537,248.5,57.2,0.000,0.000,0.000,0.00,0.000,0.000
,1794.514,UPRIGHT,0.5736,0.1463,0.8537,248.5,57.2,0.001,0.000,0.000,0.00,0.999,0.001
,1794.518,UPRIGHT,0.5736,0.1463,0.8537,248.5,57.2,0.001,0.000,0.000,0.00,0.999,0.001
,1794.522,UPRIGHT,0.5736,0.1463,0.8537,248.5,57.2,0.002,0.000,0.000,0.00,0.998,0.002
,1794.527,UPRIGHT,0.5736,0.1463,0.8537,248.5,57.2,0.003,0.000,0.000,0.00,0.997,0.003
,1794.531,UPRIGHT,0.5736,0.1463,0.8537,248.5,57.2,0.004,0.000,0.000,0.00,0.997,0.003
,1794.535,UPRIGHT,0.5736,0.1463,0.8537,248.5,57.2,0.004,0.000,0.000,0.00,0.996,0.004
,1794.552,UPRIGHT,0.5736,0.1463,0.8537,248.5,57.2,0.007,0.000,0.000,0.00,0.993,0.007
,1794.556,UPRIGHT,0.5736,0.1463,0.8537,248.5,57.2,0.008,0.000,0.000,0.00,0.993,0.007
,1794.567,UPRIGHT,0.5736,0.1463,0.8537,248.5,57.2,0.010,0.000,0.000,0.00,0.991,0.009
,1794.572,UPRIGHT,0.6940,0.0000,1.0000,221.3,57.2,0.000,0.000,0.000,0.00,0.000,0.000
,1794.583,UPRIGHT,0.6940,0.0000,1.0000,221.3,57.2,0.000,0.000,0.000,0.00,1.000,0.000
,1794.587,UPRIGHT,0.6940,0.0000,1.0000,221.3,57.2,0.000,0.000,0.000,0.00,1.000,0.000
,1794.599,UPRIGHT,0.6940,0.0000,1.0000,221.3,57.2,0.000,0.000,0.000,0.00,1.000,0.000
,1794.603,UPRIGHT,0.6940,0.0000,1.0000,221.3,57.2,0.000,0.000,0.000,0.00,1.000,0.000
,1794.607,UPRIGHT,0.6940,0.0000,1.0000,221.3,57.2,0.000,0.000,0.000,0.00,1.000,0.000
,1794.614,UPRIGHT,0.6940,0.0000,1.0000,221.3,57.2,0.000,0.000,0.000,0.00,1.000,0.000
,1794.618,UPRIGHT,0.6940,0.0000,1.0000,221.3,57.2,0.000,0.000,0.000,0.00,1.000,0.000
,1794.622,UPRIGHT,0.6940,0.0000,1.0000,221.3,57.2,0.000,0.000,0.000,0.00,1.000,0.000
,1794.626,UPRIGHT,0.6940,0.0000,1.0000,221.3,57.2,0.000,0.000,0.000,0.00,1.000,0.000
,1794.630,UPRIGHT,0.7094,0.0000,1.0000,216.0,57.2,0.000,0.000,0.000,0.00,0.199,0.000
,1794.635,UPRIGHT,0.7094,0.0000,1.0000,216.0,57.2,0.000,0.000,0.000,0.00,1.000,0.000
,1794.645,UPRIGHT,0.7094,0.0000,1.0000,216.0,57.2,0.000,0.000,0.000,0.00,1.000,0.000
,1794.660,UPRIGHT,0.7094,0.0000,1.0000,216.0,57.2,0.000,0.000,0.000,0.00,1.000,0.000
,1794.667,UPRIGHT,0.7094,0.0000,1.0000,216.0,57.2,0.000,0.000,0.000,0.00,1.000,0.000
,1794.673,UPRIGHT,0.7094,0.0000,1.0000,216.0,57.2,0.000,0.000,0.000,0.00,1.000,0.000
,1794.692,UPRIGHT,0.7094,0.0000,1.0000,216.0,57.2,0.000,0.000,0.000,0.00,1.000,0.000
,1794.700,UPRIGHT,0.7094,0.0000,1.0000,216.0,57.2,0.000,0.000,0.000,0.00,1.000,0.000
,1794.705,UPRIGHT,0.7094,0.0000,1.0000,216.0,57.2,0.000,0.000,0.000,0.00,1.000,0.000
,1794.722,UPRIGHT,0.7094,0.0000,1.0000,216.0,57.2,0.000,0.000,0.000,0.00,1.000,0.000
,1794.729,UPRIGHT,0.7094,0.0000,1.0000,216.0,57.2,0.000,0.000,0.000,0.00,1.000,0.000
,1794.734,UPRIGHT,0.7094,0.0000,1.0000,216.0,57.2,0.000,0.000,0.000,0.00,1.000,0.000
,1794.753,UPRIGHT,0.7346,0.0000,1.0000,208.6,57.2,0.000,0.000,0.000,0.00,0.081,0.000
,1794.759,UPRIGHT,0.7346,0.0000,1.0000,208.6,57.2,0.000,0.000,0.000,0.00,1.000,0.000
,1794.763,UPRIGHT,0.7346,0.0000,1.0000,208.6,57.2,0.000,0.000,0.000,0.00,1.000,0.000
,1794.767,UPRIGHT,0.7346,0.0000,1.0000,208.6,57.2,0.000,0.000,0.000,0.00,1.000,0.000
,1794.772,UPRIGHT,0.7346,0.0000,1.0000,208.6,57.2,0.000,0.000,0.000,0.00,1.000,0.000
,1794.776,UPRIGHT,0.7346,0.0000,1.0000,208.6,57.2,0.000,0.000,0.000,0.00,1.000,0.000
,1794.780,UPRIGHT,0.7346,0.0000,1.0000,208.6,57.2,0.000,0.000,0.000,0.00,1.000,0.000
,1794.785,UPRIGHT,0.7346,0.0000,1.0000,208.6,57.2,0.000,0.000,0.000,0.00,1.000,0.000
,1794.801,UPRIGHT,0.7346,0.0000,1.0000,208.6,57.2,0.000,0.000,0.000,0.00,1.000,0.000
,1794.805,UPRIGHT,0.7346,0.0000,1.0000,208.6,57.2,0.000,0.000,0.000,0.00,1.000,0.000
,1794.810,UPRIGHT,0.7346,0.0000,1.0000,208.6,57.2,0.000,0.000,0.000,0.00,1.000,0.000
,1794.814,UPRIGHT,0.7346,0.0000,1.0000,208.6,41.5,0.000,0.000,0.000,0.00,1.000,0.000
,1794.818,UPRIGHT,0.7372,0.0000,1.0000,208.6,25.8,0.000,0.000,0.000,0.00,0.427,0.000
,1794.823,UPRIGHT,0.7372,0.0000,1.0000,208.6,25.8,0.000,0.000,0.000,0.00,1.000,0.000
,1794.832,UPRIGHT,0.7372,0.0000,1.0000,208.6,25.8,0.000,0.000,0.000,0.00,1.000,0.000
,1794.837,UPRIGHT,0.7372,0.0000,1.0000,208.6,25.8,0.000,0.000,0.000,0.00,1.000,0.000
,1794.848,UPRIGHT,0.7372,0.0000,1.0000,208.6,25.8,0.000,0.000,0.000,0.00,1.000,0.000
,1794.852,UPRIGHT,0.7372,0.0000,1.0000,208.6,25.8,0.000,0.000,0.000,0.00,1.000,0.000
,1794.856,UPRIGHT,0.7372,0.0000,1.0000,208.6,25.8,0.000,0.000,0.000,0.00,1.000,0.000
,1794.861,UPRIGHT,0.7372,0.0000,1.0000,208.6,25.8,0.000,0.000,0.000,0.00,1.000,0.000
,1794.865,UPRIGHT,0.7372,0.0000,1.0000,208.6,25.8,0.000,0.000,0.000,0.00,1.000,0.000
,1794.870,UPRIGHT,0.7372,0.0000,1.0000,208.6,25.8,0.000,0.000,0.000,0.00,1.000,0.000
,1794.874,UPRIGHT,0.7372,0.0000,1.0000,208.6,25.8,0.000,0.000,0.000,0.00,1.000,0.000
,1794.895,UPRIGHT,0.6552,0.0000,1.0000,208.6,-18.3,0.000,0.000,0.000,0.00,0.000,0.000
,1794.901,UPRIGHT,0.6552,0.0000,1.0000,208.6,-18.3,0.000,0.000,0.000,0.00,1.000,0.000
,1794.906,UPRIGHT,0.6552,0.0000,1.0000,208.6,-18.3,0.000,0.000,0.000,0.00,1.000,0.000
,1794.910,UPRIGHT,0.6552,0.0000,1.0000,208.6,-18.3,0.000,0.000,0.000,0.00,1.000,0.000
,1794.915,UPRIGHT,0.6552,0.0000,1.0000,208.6,-18.3,0.000,0.000,0.000,0.00,1.000,0.000
,1794.925,UPRIGHT,0.6552,0.0000,1.0000,208.6,-18.3,0.000,0.000,0.000,0.00,1.000,0.000
,1794.929,UPRIGHT,0.6552,0.0000,1.0000,208.6,-18.3,0.000,0.000,0.000,0.00,1.000,0.000
,1794.934,UPRIGHT,0.6552,0.0000,1.0000,208.6,-18.3,0.000,0.000,0.000,0.00,1.000,0.000
,1794.938,UPRIGHT,0.6552,0.0000,1.0000,208.6,-18.3,0.000,0.000,0.000,0.00,1.000,0.000
,1794.942,UPRIGHT,0.6521,0.0000,1.0000,206.2,-45.6,0.000,0.000,0.000,0.00,0.287,0.000
,1794.947,UPRIGHT,0.6521,0.0000,1.0000,206.2,-45.6,0.000,0.000,0.000,0.00,1.000,0.000
,1794.951,UPRIGHT,0.6521,0.0000,1.0000,206.2,-45.6,0.000,0.000,0.000,0.00,1.000,0.000
,1794.955,UPRIGHT,0.6521,0.0000,1.0000,206.2,-45.6,0.000,0.000,0.000,0.00,1.000,0.000
,1794.960,UPRIGHT,0.6521,0.0000,1.0000,206.2,-45.6,0.000,0.000,0.000,0.00,1.000,0.000
,1794.964,UPRIGHT,0.6521,0.0000,1.0000,206.2,-45.6,0.000,0.000,0.000,0.00,1.000,0.000
,1794.971,UPRIGHT,0.6521,0.0000,1.0000,206.2,-45.6,0.000,0.000,0.000,0.00,1.000,0.000
,1794.975,UPRIGHT,0.6521,0.0000,1.0000,206.2,-45.6,0.000,0.000,0.000,0.00,1.000,0.000
,1794.981,UPRIGHT,0.6521,0.0000,1.0000,206.2,-45.6,0.000,0.000,0.000,0.00,1.000,0.000
,1794.987,UPRIGHT,0.6521,0.0000,1.0000,206.2,-45.6,0.000,0.000,0.000,0.00,1.000,0.000
,1795.003,UPRIGHT,0.6521,0.0000,1.0000,206.2,-48.2,0.000,0.000,0.000,0.00,1.000,0.000
,1795.009,UPRIGHT,0.6521,0.0000,1.0000,206.2,-48.2,0.000,0.000,0.000,0.00,1.000,0.000
,1795.013,UPRIGHT,0.6521,0.0000,1.0000,206.2,-48.2,0.000,0.000,0.000,0.00,1.000,0.000
,1795.017,UPRIGHT,0.6521,0.0000,1.0000,206.2,-48.2,0.000,0.000,0.000,0.00,1.000,0.000
,1795.021,UPRIGHT,0.6521,0.0000,1.0000,206.2,-48.2,0.000,0.000,0.000,0.00,1.000,0.000
,1795.026,UPRIGHT,0.6521,0.0000,1.0000,206.2,-48.2,0.000,0.000,0.000,0.00,1.000,0.000
,1795.030,UPRIGHT,0.6521,0.0000,1.0000,206.2,-48.2,0.000,0.000,0.000,0.00,1.000,0.000
,1795.034,UPRIGHT,0.6521,0.0000,1.0000,206.2,-48.2,0.000,0.000,0.000,0.00,1.000,0.000
,1795.039,UPRIGHT,0.6521,0.0000,1.0000,206.2,-48.2,0.000,0.000,0.000,0.00,1.000,0.000
,1795.043,UPRIGHT,0.6521,0.0000,1.0000,206.2,-48.2,0.000,0.000,0.000,0.00,1.000,0.000
,1795.047,UPRIGHT,0.6521,0.0000,1.0000,206.2,-48.2,0.000,0.000,0.000,0.00,1.000,0.000
,1795.052,UPRIGHT,0.6521,0.0000,1.0000,206.2,-48.2,0.000,0.000,0.000,0.00,1.000,0.000
,1795.066,UPRIGHT,0.6521,0.0000,1.0000,206.2,-48.2,0.000,0.000,0.000,0.00,1.000,0.000
,1795.071,UPRIGHT,0.4484,0.0000,0.7805,200.0,-48.2,0.000,0.000,0.000,0.00,0.000,0.000
,1795.075,UPRIGHT,0.4484,0.0000,0.7805,200.0,-48.2,0.000,0.000,0.000,0.00,1.000,0.000
,1795.079,UPRIGHT,0.4484,0.0000,0.7805,200.0,-48.2,0.000,0.000,0.000,0.00,1.000,0.000
,1795.084,UPRIGHT,0.4484,0.0000,0.7805,200.0,-48.2,0.000,0.000,0.000,0.00,1.000,0.000
,1795.088,UPRIGHT,0.4484,0.0000,0.7805,200.0,-48.2,0.000,0.000,0.000,0.00,1.000,0.000
,1795.098,UPRIGHT,0.4484,0.0000,0.7805,200.0,-48.2,0.000,0.000,0.000,0.00,1.000,0.000
,1795.102,UPRIGHT,0.4484,0.0000,0.7805,200.0,-48.2,0.000,0.000,0.000,0.00,1.000,0.000
,1795.113,UPRIGHT,0.4484,0.0000,0.7805,200.0,-48.2,0.000,0.000,0.000,0.00,1.000,0.000
,1795.117,UPRIGHT,0.4484,0.0000,0.7805,200.0,-48.2,0.000,0.000,0.000,0.00,1.000,0.000
,1795.121,UPRIGHT,0.4484,0.0000,0.7805,200.0,-48.2,0.000,0.000,0.000,0.00,1.000,0.000
,1795.125,UPRIGHT,0.4484,0.0000,0.7805,200.0,-48.2,0.000,0.000,0.000,0.00,1.000,0.000
,1795.130,UPRIGHT,0.6160,0.0000,1.0000,274.9,-48.2,0.000,0.000,0.000,0.00,0.000,0.000
,1795.134,UPRIGHT,0.6160,0.0000,1.0000,274.9,-48.2,0.000,0.000,0.000,0.00,1.000,0.000
,1795.138,UPRIGHT,0.6160,0.0000,1.0000,274.9,-48.2,0.000,0.000,0.000,0.00,1.000,0.000
,1795.144,UPRIGHT,0.6160,0.0000,1.0000,274.9,-48.2,0.000,0.000,0.000,0.00,1.000,0.000
,1795.149,UPRIGHT,0.6160,0.0000,1.0000,274.9,-48.2,0.000,0.000,0.000,0.00,1.000,0.000
,1795.153,UPRIGHT,0.6160,0.0000,1.0000,274.9,-48.2,0.000,0.000,0.000,0.00,1.000,0.000
,1795.160,UPRIGHT,0.6160,0.0000,1.0000,274.9,-48.2,0.000,0.000,0.000,0.00,1.000,0.000
,1795.165,UPRIGHT,0.6160,0.0000,1.0000,274.9,-48.2,0.000,0.000,0.000,0.00,1.000,0.000
,1795.169,UPRIGHT,0.6160,0.0000,1.0000,274.9,-48.2,0.000,0.000,0.000,0.00,1.000,0.000
,1795.174,UPRIGHT,0.6160,0.0000,1.0000,274.9,-48.2,0.000,0.000,0.000,0.00,1.000,0.000
,1795.178,UPRIGHT,0.6160,0.0000,1.0000,274.9,-48.2,0.000,0.000,0.000,0.00,1.000,0.000
,1795.183,UPRIGHT,0.6160,0.0000,1.0000,274.9,-48.2,0.000,0.000,0.000,0.00,1.000,0.000
,1795.192,UPRIGHT,0.6160,0.0000,1.0000,274.9,-48.2,0.000,0.000,0.000,0.00,1.000,0.000
,1795.197,UPRIGHT,0.6442,0.0000,1.0000,245.2,-48.2,0.000,0.000,0.000,0.00,0.000,0.000
,1795.201,UPRIGHT,0.6442,0.0000,1.0000,245.2,-48.2,0.000,0.000,0.000,0.00,1.000,0.000
,1795.222,UPRIGHT,0.6442,0.0000,1.0000,245.2,-48.2,0.000,0.000,0.000,0.00,1.000,0.000
,1795.228,UPRIGHT,0.6442,0.0000,1.0000,245.2,-48.2,0.000,0.000,0.000,0.00,1.000,0.000
,1795.232,UPRIGHT,0.6442,0.0000,1.0000,245.2,-48.2,0.000,0.000,0.000,0.00,1.000,0.000
,1795.253,UPRIGHT,0.6442,0.0000,1.0000,245.2,-48.2,0.000,0.000,0.000,0.00,1.000,0.000
,1795.261,UPRIGHT,0.3161,0.0732,0.9268,378.0,-48.2,0.000,0.000,0.000,0.00,0.000,0.000
,1795.268,UPRIGHT,0.3161,0.0732,0.9268,378.0,-48.2,0.001,0.000,0.000,0.00,0.999,0.001
,1795.284,UPRIGHT,0.3161,0.0732,0.9268,378.0,-48.2,0.002,0.000,0.000,0.00,0.998,0.002
,1795.289,UPRIGHT,0.3161,0.0732,0.9268,378.0,-48.2,0.003,0.000,0.000,0.00,0.998,0.002
,1795.300,UPRIGHT,0.3161,0.0732,0.9268,378.0,-48.2,0.004,0.000,0.000,0.00,0.997,0.003
,1795.305,UPRIGHT,0.3161,0.0732,0.9268,378.0,-48.2,0.004,0.000,0.000,0.00,0.996,0.004
,1795.309,UPRIGHT,0.3161,0.0732,0.9268,378.0,-48.2,0.004,0.000,0.000,0.00,0.996,0.004
,1795.313,UPRIGHT,0.3161,0.0732,0.9268,378.0,-48.2,0.005,0.000,0.000,0.00,0.995,0.005
,1795.318,UPRIGHT,0.3161,0.0732,0.9268,378.0,-48.2,0.005,0.000,0.000,0.00,0.995,0.005
,1795.322,UPRIGHT,0.3161,0.0732,0.9268,378.0,-48.2,0.006,0.000,0.000,0.00,0.995,0.005
,1795.326,UPRIGHT,0.3161,0.0732,0.9268,378.0,-48.2,0.006,0.000,0.000,0.00,0.994,0.006
,1795.330,UPRIGHT,0.3161,0.0732,0.9268,378.0,-48.2,0.006,0.000,0.000,0.00,0.994,0.006
,1795.335,UPRIGHT,0.3161,0.0732,0.9268,378.0,-48.2,0.007,0.000,0.000,0.00,0.993,0.007
,1795.347,UPRIGHT,0.3161,0.0732,0.9268,378.0,-48.2,0.008,0.000,0.000,0.00,0.992,0.008
,1795.352,UPRIGHT,0.3161,0.0732,0.9268,378.0,-48.2,0.008,0.000,0.000,0.00,0.992,0.008
,1795.356,UPRIGHT,0.3161,0.0732,0.9268,378.0,-48.2,0.009,0.000,0.000,0.00,0.992,0.008
,1795.363,UPRIGHT,0.3161,0.0732,0.9268,378.0,-49.5,0.009,0.000,0.000,0.00,0.991,0.009
,1795.367,UPRIGHT,0.3161,0.0732,0.9268,378.0,-49.5,0.010,0.000,0.000,0.00,0.991,0.009
,1795.371,UPRIGHT,0.3161,0.0732,0.9268,378.0,-49.5,0.010,0.000,0.000,0.00,0.990,0.010
,1795.378,UPRIGHT,0.2544,0.1951,0.8049,412.4,-48.2,0.029,0.000,0.000,0.00,0.000,0.028
,1795.383,UPRIGHT,0.2544,0.1951,0.8049,412.4,-48.2,0.030,0.000,0.000,0.00,0.971,0.029
,1795.387,UPRIGHT,0.2544,0.1951,0.8049,412.4,-48.2,0.031,0.000,0.000,0.00,0.970,0.030
,1795.394,UPRIGHT,0.2544,0.1951,0.8049,412.4,-48.2,0.033,0.000,0.000,0.00,0.969,0.031
,1795.399,UPRIGHT,0.2544,0.1951,0.8049,412.4,-48.2,0.034,0.000,0.000,0.00,0.967,0.033
,1795.403,UPRIGHT,0.2544,0.1951,0.8049,412.4,-48.2,0.035,0.000,0.000,0.00,0.966,0.034
,1795.407,UPRIGHT,0.2544,0.1951,0.8049,412.4,-48.2,0.036,0.000,0.000,0.00,0.965,0.035
,1795.425,UPRIGHT,0.2544,0.1951,0.8049,412.4,-50.8,0.041,0.000,0.000,0.00,0.961,0.039
,1795.430,UPRIGHT,0.2544,0.1951,0.8049,412.4,-50.8,0.042,0.000,0.000,0.00,0.960,0.040
,1795.440,UPRIGHT,0.3157,0.1707,0.8293,297.4,-50.8,0.039,0.000,0.000,0.00,0.000,0.037
,1795.446,UPRIGHT,0.3157,0.1707,0.8293,297.4,-50.8,0.040,0.000,0.000,0.00,0.962,0.038
,1795.450,UPRIGHT,0.3157,0.1707,0.8293,297.4,-50.8,0.041,0.000,0.000,0.00,0.961,0.039
,1795.454,UPRIGHT,0.3157,0.1707,0.8293,297.4,-50.8,0.042,0.000,0.000,0.00,0.960,0.040
,1795.471,UPRIGHT,0.3157,0.1707,0.8293,297.4,-49.5,0.046,0.000,0.000,0.00,0.956,0.044
,1795.478,UPRIGHT,0.3157,0.1707,0.8293,297.4,-48.2,0.047,0.000,0.000,0.00,0.955,0.045
,1795.483,UPRIGHT,0.3157,0.1707,0.8293,297.4,-48.2,0.048,0.000,0.000,0.00,0.954,0.046
,1795.503,UPRIGHT,0.3157,0.1707,0.8293,297.4,-48.2,0.053,0.000,0.000,0.00,0.950,0.050
,1795.508,UPRIGHT,0.3461,0.0000,1.0000,342.3,-48.2,0.000,0.000,0.000,0.00,0.000,0.000
,1795.512,UPRIGHT,0.3461,0.0000,1.0000,342.3,-48.2,0.000,0.000,0.000,0.00,1.000,0.000
,1795.517,UPRIGHT,0.3461,0.0000,1.0000,342.3,-48.2,0.000,0.000,0.000,0.00,1.000,0.000
,1795.521,UPRIGHT,0.3461,0.0000,1.0000,342.3,-48.2,0.000,0.000,0.000,0.00,1.000,0.000
,1795.526,UPRIGHT,0.3461,0.0000,1.0000,342.3,-48.2,0.000,0.000,0.000,0.00,1.000,0.000
,1795.530,UPRIGHT,0.3461,0.0000,1.0000,342.3,-48.2,0.000,0.000,0.000,0.00,1.000,0.000
,1795.534,UPRIGHT,0.3461,0.0000,1.0000,342.3,-48.2,0.000,0.000,0.000,0.00,1.000,0.000
,1795.538,UPRIGHT,0.3461,0.0000,1.0000,342.3,-48.2,0.000,0.000,0.000,0.00,1.000,0.000
,1795.550,UPRIGHT,0.3461,0.0000,1.0000,342.3,-48.2,0.000,0.000,0.000,0.00,1.000,0.000
,1795.554,UPRIGHT,0.3461,0.0000,1.0000,342.3,-48.2,0.000,0.000,0.000,0.00,1.000,0.000
,1795.566,UPRIGHT,0.3461,0.0000,1.0000,342.3,-48.2,0.000,0.000,0.000,0.00,1.000,0.000
,1795.570,UPRIGHT,0.3461,0.0000,1.0000,342.3,-48.2,0.000,0.000,0.000,0.00,1.000,0.000
,1795.575,UPRIGHT,0.3461,0.0000,1.0000,342.3,-48.2,0.000,0.000,0.000,0.00,1.000,0.000
,1795.579,UPRIGHT,0.3461,0.0000,1.0000,342.3,-48.2,0.000,0.000,0.000,0.00,1.000,0.000
,1795.583,UPRIGHT,0.3461,0.0000,1.0000,342.3,-48.2,0.000,0.000,0.000,0.00,1.000,0.000
,1795.588,UPRIGHT,0.3461,0.0000,1.0000,342.3,-48.2,0.000,0.000,0.000,0.00,1.000,0.000
,1795.597,UPRIGHT,0.3461,0.0000,1.0000,342.3,-48.2,0.000,0.000,0.000,0.00,1.000,0.000
,1795.602,UPRIGHT,0.3461,0.0000,1.0000,342.3,-48.2,0.000,0.000,0.000,0.00,1.000,0.000
,1795.606,UPRIGHT,0.3461,0.0000,1.0000,342.3,-48.2,0.000,0.000,0.000,0.00,1.000,0.000
,1795.613,UPRIGHT,0.3461,0.0000,1.0000,342.3,-48.2,0.000,0.000,0.000,0.00,1.000,0.000
,1795.617,UPRIGHT,0.3461,0.0000,1.0000,342.3,-45.6,0.000,0.000,0.000,0.00,1.000,0.000
,1795.629,UPRIGHT,0.3638,0.0000,1.0000,355.8,-45.6,0.000,0.000,0.000,0.00,0.309,0.000
,1795.633,UPRIGHT,0.3638,0.0000,1.0000,355.8,-45.6,0.000,0.000,0.000,0.00,1.000,0.000
,1795.644,UPRIGHT,0.3638,0.0000,1.0000,355.8,-45.6,0.000,0.000,0.000,0.00,1.000,0.000
,1795.649,UPRIGHT,0.3638,0.0000,1.0000,355.8,-45.6,0.000,0.000,0.000,0.00,1.000,0.000
,1795.659,UPRIGHT,0.3638,0.0000,1.0000,355.8,-45.6,0.000,0.000,0.000,0.00,1.000,0.000
,1795.663,UPRIGHT,0.3638,0.0000,1.0000,355.8,-45.6,0.000,0.000,0.000,0.00,1.000,0.000
,1795.668,UPRIGHT,0.3638,0.0000,1.0000,355.8,-45.6,0.000,0.000,0.000,0.00,1.000,0.000
,1795.672,UPRIGHT,0.3638,0.0000,1.0000,355.8,-45.6,0.000,0.000,0.000,0.00,1.000,0.000
,1795.676,UPRIGHT,0.3638,0.0000,1.0000,355.8,-21.6,0.000,0.000,0.000,0.00,1.000,0.000
,1795.681,UPRIGHT,0.3638,0.0000,1.0000,355.8,-21.6,0.000,0.000,0.000,0.00,1.000,0.000
,1795.692,UPRIGHT,0.4308,0.0000,1.0000,329.9,-21.6,0.000,0.000,0.000,0.00,0.000,0.000
,1795.696,UPRIGHT,0.4308,0.0000,1.0000,329.9,-21.6,0.000,0.000,0.000,0.00,1.000,0.000
,1795.700,UPRIGHT,0.4308,0.0000,1.0000,329.9,-21.6,0.000,0.000,0.000,0.00,1.000,0.000
,1795.704,UPRIGHT,0.4308,0.0000,1.0000,329.9,-21.6,0.000,0.000,0.000,0.00,1.000,0.000
,1795.722,UPRIGHT,0.4308,0.0000,1.0000,329.9,-21.6,0.000,0.000,0.000,0.00,1.000,0.000
,1795.729,UPRIGHT,0.4308,0.0000,1.0000,329.9,-21.6,0.000,0.000,0.000,0.00,1.000,0.000
,1795.733,UPRIGHT,0.4308,0.0000,1.0000,329.9,-21.6,0.000,0.000,0.000,0.00,1.000,0.000
,1795.738,UPRIGHT,0.4308,0.0000,1.0000,329.9,-21.6,0.000,0.000,0.000,0.00,1.000,0.000
,1795.753,UPRIGHT,0.4396,0.0000,1.0000,348.9,-21.6,0.000,0.000,0.000,0.00,0.000,0.000
,1795.758,UPRIGHT,0.4396,0.0000,1.0000,348.9,-21.6,0.000,0.000,0.000,0.00,1.000,0.000
,1795.763,UPRIGHT,0.4396,0.0000,1.0000,348.9,-21.6,0.000,0.000,0.000,0.00,1.000,0.000
,1795.767,UPRIGHT,0.4396,0.0000,1.0000,348.9,-21.6,0.000,0.000,0.000,0.00,1.000,0.000
,1795.771,UPRIGHT,0.4396,0.0000,1.0000,348.9,-21.6,0.000,0.000,0.000,0.00,1.000,0.000
,1795.784,UPRIGHT,0.4396,0.0000,1.0000,348.9,8.1,0.000,0.000,0.000,0.00,1.000,0.000
,1795.788,UPRIGHT,0.4396,0.0000,1.0000,348.9,8.1,0.000,0.000,0.000,0.00,1.000,0.000
,1795.799,UPRIGHT,0.4396,0.0000,1.0000,348.9,8.1,0.000,0.000,0.000,0.00,1.000,0.000
,1795.803,UPRIGHT,0.4396,0.0000,1.0000,348.9,8.1,0.000,0.000,0.000,0.00,1.000,0.000
,1795.807,UPRIGHT,0.4396,0.0000,1.0000,348.9,8.1,0.000,0.000,0.000,0.00,1.000,0.000
,1795.814,UPRIGHT,0.4396,0.0000,1.0000,348.9,8.1,0.000,0.000,0.000,0.00,1.000,0.000
,1795.819,UPRIGHT,0.4396,0.0000,1.0000,348.9,8.1,0.000,0.000,0.000,0.00,1.000,0.000
,1795.823,UPRIGHT,0.4396,0.0000,1.0000,348.9,8.1,0.000,0.000,0.000,0.00,1.000,0.000
,1795.827,UPRIGHT,0.4396,0.0000,1.0000,348.9,8.1,0.000,0.000,0.000,0.00,1.000,0.000
,1795.832,UPRIGHT,0.4396,0.0000,1.0000,348.9,8.1,0.000,0.000,0.000,0.00,1.000,0.000
,1795.836,UPRIGHT,0.4396,0.0000,1.0000,348.9,8.1,0.000,0.000,0.000,0.00,1.000,0.000
,1795.840,UPRIGHT,0.4396,0.0000,1.0000,348.9,8.1,0.000,0.000,0.000,0.00,1.000,0.000
,1795.846,UPRIGHT,0.4396,0.0000,1.0000,348.9,8.1,0.000,0.000,0.000,0.00,1.000,0.000
,1795.851,UPRIGHT,0.4396,0.0000,1.0000,348.9,19.4,0.000,0.000,0.000,0.00,1.000,0.000
,1795.862,UPRIGHT,0.4396,0.0000,1.0000,348.9,30.6,0.000,0.000,0.000,0.00,1.000,0.000
,1795.866,UPRIGHT,0.4396,0.0000,1.0000,348.9,30.6,0.000,0.000,0.000,0.00,1.000,0.000
,1795.870,UPRIGHT,0.4396,0.0000,1.0000,348.9,30.6,0.000,0.000,0.000,0.00,1.000,0.000
,1795.878,UPRIGHT,0.5071,0.0000,1.0000,336.0,30.6,0.000,0.000,0.000,0.00,0.000,0.000
,1795.882,UPRIGHT,0.5071,0.0000,1.0000,336.0,30.6,0.000,0.000,0.000,0.00,1.000,0.000
,1795.887,UPRIGHT,0.5071,0.0000,1.0000,336.0,30.6,0.000,0.000,0.000,0.00,1.000,0.000
,1795.891,UPRIGHT,0.5071,0.0000,1.0000,336.0,30.6,0.000,0.000,0.000,0.00,1.000,0.000
,1795.908,UPRIGHT,0.5071,0.0000,1.0000,336.0,30.6,0.000,0.000,0.000,0.00,1.000,0.000
,1795.915,UPRIGHT,0.5071,0.0000,1.0000,336.0,30.6,0.000,0.000,0.000,0.00,1.000,0.000
,1795.924,UPRIGHT,0.5071,0.0000,1.0000,336.0,63.1,0.000,0.000,0.000,0.00,1.000,0.000
,1795.929,UPRIGHT,0.5071,0.0000,1.0000,336.0,63.1,0.000,0.000,0.000,0.00,1.000,0.000
,1795.934,UPRIGHT,0.5071,0.0000,1.0000,336.0,63.1,0.000,0.000,0.000,0.00,1.000,0.000
,1795.939,UPRIGHT,0.5185,0.0000,1.0000,324.0,63.1,0.000,0.000,0.000,0.00,0.000,0.000
,1795.955,UPRIGHT,0.5185,0.0000,1.0000,324.0,63.1,0.000,0.000,0.000,0.00,1.000,0.000
,1795.960,UPRIGHT,0.5185,0.0000,1.0000,324.0,63.1,0.000,0.000,0.000,0.00,1.000,0.000
,1795.965,UPRIGHT,0.5185,0.0000,1.0000,324.0,63.1,0.000,0.000,0.000,0.00,1.000,0.000
,1795.969,UPRIGHT,0.5185,0.0000,1.0000,324.0,63.1,0.000,0.000,0.000,0.00,1.000,0.000
,1795.974,UPRIGHT,0.5185,0.0000,1.0000,324.0,63.1,0.000,0.000,0.000,0.00,1.000,0.000
,1795.979,UPRIGHT,0.5185,0.0000,1.0000,324.0,63.1,0.000,0.000,0.000,0.00,1.000,0.000
,1795.985,UPRIGHT,0.5185,0.0000,1.0000,324.0,63.1,0.000,0.000,0.000,0.00,1.000,0.000
,1795.990,UPRIGHT,0.5185,0.0000,1.0000,324.0,63.1,0.000,0.000,0.000,0.00,1.000,0.000
,1796.001,UPRIGHT,0.5185,0.0000,1.0000,324.0,63.1,0.000,0.000,0.000,0.00,1.000,0.000
,1796.006,UPRIGHT,0.5265,0.0000,1.0000,324.0,63.1,0.000,0.000,0.000,0.00,0.780,0.000
,1796.010,UPRIGHT,0.5265,0.0000,1.0000,324.0,63.1,0.000,0.000,0.000,0.00,1.000,0.000
,1796.015,UPRIGHT,0.5265,0.0000,1.0000,324.0,63.1,0.000,0.000,0.000,0.00,1.000,0.000
,1796.019,UPRIGHT,0.5265,0.0000,1.0000,324.0,63.1,0.000,0.000,0.000,0.00,1.000,0.000
,1796.031,UPRIGHT,0.5265,0.0000,1.0000,324.0,63.1,0.000,0.000,0.000,0.00,1.000,0.000
,1796.035,UPRIGHT,0.5265,0.0000,1.0000,324.0,63.1,0.000,0.000,0.000,0.00,1.000,0.000
,1796.040,UPRIGHT,0.5265,0.0000,1.0000,324.0,63.1,0.000,0.000,0.000,0.00,1.000,0.000
,1796.044,UPRIGHT,0.5265,0.0000,1.0000,324.0,63.1,0.000,0.000,0.000,0.00,1.000,0.000
,1796.049,UPRIGHT,0.5265,0.0000,1.0000,324.0,63.1,0.000,0.000,0.000,0.00,1.000,0.000
,1796.054,UPRIGHT,0.5265,0.0000,1.0000,324.0,63.1,0.000,0.000,0.000,0.00,1.000,0.000
,1796.058,UPRIGHT,0.5265,0.0000,1.0000,324.0,63.1,0.000,0.000,0.000,0.00,1.000,0.000
,1796.062,UPRIGHT,0.5265,0.0000,1.0000,324.0,63.1,0.000,0.000,0.000,0.00,1.000,0.000
,1796.067,UPRIGHT,0.5648,0.0000,1.0000,283.5,63.1,0.000,0.000,0.000,0.00,0.214,0.000
,1796.078,UPRIGHT,0.5648,0.0000,1.0000,283.5,63.1,0.000,0.000,0.000,0.00,1.000,0.000
,1796.083,UPRIGHT,0.5648,0.0000,1.0000,283.5,63.1,0.000,0.000,0.000,0.00,1.000,0.000
,1796.094,UPRIGHT,0.5648,0.0000,1.0000,283.5,63.1,0.000,0.000,0.000,0.00,1.000,0.000
,1796.099,UPRIGHT,0.5648,0.0000,1.0000,283.5,63.1,0.000,0.000,0.000,0.00,1.000,0.000
,1796.110,UPRIGHT,0.5648,0.0000,1.0000,283.5,63.1,0.000,0.000,0.000,0.00,1.000,0.000
,1796.115,UPRIGHT,0.5648,0.0000,1.0000,283.5,63.1,0.000,0.000,0.000,0.00,1.000,0.000
,1796.119,UPRIGHT,0.5648,0.0000,1.0000,283.5,63.1,0.000,0.000,0.000,0.00,1.000,0.000
,1796.125,UPRIGHT,0.5648,0.0000,1.0000,283.5,63.1,0.000,0.000,0.000,0.00,1.000,0.000
,1796.130,UPRIGHT,0.5648,0.0000,1.0000,283.5,63.1,0.000,0.000,0.000,0.00,1.000,0.000
,1796.134,UPRIGHT,0.5648,0.0000,1.0000,283.5,63.1,0.000,0.000,0.000,0.00,1.000,0.000
,1796.141,UPRIGHT,0.5648,0.0000,1.0000,283.5,63.1,0.000,0.000,0.000,0.00,1.000,0.000
,1796.145,UPRIGHT,0.5648,0.0000,1.0000,283.5,63.1,0.000,0.000,0.000,0.00,1.000,0.000
,1796.150,UPRIGHT,0.5648,0.0000,1.0000,283.5,63.1,0.000,0.000,0.000,0.00,1.000,0.000
,1796.154,UPRIGHT,0.5648,0.0000,1.0000,283.5,63.1,0.000,0.000,0.000,0.00,1.000,0.000
,1796.172,UPRIGHT,0.5648,0.0000,1.0000,283.5,63.1,0.000,0.000,0.000,0.00,1.000,0.000
,1796.179,UPRIGHT,0.5648,0.0000,1.0000,283.5,63.1,0.000,0.000,0.000,0.00,1.000,0.000
,1796.184,UPRIGHT,0.5648,0.0000,1.0000,283.5,63.1,0.000,0.000,0.000,0.00,1.000,0.000
,1796.189,UPRIGHT,0.5287,0.0000,1.0000,324.0,63.1,0.000,0.000,0.000,0.00,0.236,0.000
,1796.194,UPRIGHT,0.5287,0.0000,1.0000,324.0,63.1,0.000,0.000,0.000,0.00,1.000,0.000
,1796.199,UPRIGHT,0.5287,0.0000,1.0000,324.0,63.1,0.000,0.000,0.000,0.00,1.000,0.000
,1796.203,UPRIGHT,0.5287,0.0000,1.0000,324.0,63.1,0.000,0.000,0.000,0.00,1.000,0.000
,1796.208,UPRIGHT,0.5287,0.0000,1.0000,324.0,63.1,0.000,0.000,0.000,0.00,1.000,0.000
,1796.213,UPRIGHT,0.5287,0.0000,1.0000,324.0,63.1,0.000,0.000,0.000,0.00,1.000,0.000
,1796.217,UPRIGHT,0.5287,0.0000,1.0000,324.0,63.1,0.000,0.000,0.000,0.00,1.000,0.000
,1796.222,UPRIGHT,0.5287,0.0000,1.0000,324.0,63.1,0.000,0.000,0.000,0.00,1.000,0.000
,1796.226,UPRIGHT,0.5287,0.0000,1.0000,324.0,63.1,0.000,0.000,0.000,0.00,1.000,0.000
,1796.230,UPRIGHT,0.5287,0.0000,1.0000,324.0,63.1,0.000,0.000,0.000,0.00,1.000,0.000
,1796.234,UPRIGHT,0.5287,0.0000,1.0000,324.0,63.1,0.000,0.000,0.000,0.00,1.000,0.000
,1796.251,UPRIGHT,0.5247,0.0000,1.0000,324.0,63.1,0.000,0.000,0.000,0.00,0.581,0.000
,1796.256,UPRIGHT,0.5247,0.0000,1.0000,324.0,63.1,0.000,0.000,0.000,0.00,1.000,0.000
,1796.260,UPRIGHT,0.5247,0.0000,1.0000,324.0,63.1,0.000,0.000,0.000,0.00,1.000,0.000
,1796.265,UPRIGHT,0.5247,0.0000,1.0000,324.0,63.1,0.000,0.000,0.000,0.00,1.000,0.000
,1796.269,UPRIGHT,0.5247,0.0000,1.0000,324.0,63.1,0.000,0.000,0.000,0.00,1.000,0.000
,1796.282,UPRIGHT,0.5247,0.0000,1.0000,324.0,63.1,0.000,0.000,0.000,0.00,1.000,0.000
,1796.287,UPRIGHT,0.5247,0.0000,1.0000,324.0,63.1,0.000,0.000,0.000,0.00,1.000,0.000
,1796.298,UPRIGHT,0.5247,0.0000,1.0000,324.0,63.1,0.000,0.000,0.000,0.00,1.000,0.000
,1796.303,UPRIGHT,0.5247,0.0000,1.0000,324.0,63.1,0.000,0.000,0.000,0.00,1.000,0.000
,1796.314,UPRIGHT,0.5132,0.0000,1.0000,324.0,63.1,0.000,0.000,0.000,0.00,0.162,0.000
,1796.319,UPRIGHT,0.5132,0.0000,1.0000,324.0,63.1,0.000,0.000,0.000,0.00,1.000,0.000
,1796.330,UPRIGHT,0.5132,0.0000,1.0000,324.0,63.1,0.000,0.000,0.000,0.00,1.000,0.000
,1796.334,UPRIGHT,0.5132,0.0000,1.0000,324.0,63.1,0.000,0.000,0.000,0.00,1.000,0.000
,1796.339,UPRIGHT,0.5132,0.0000,1.0000,324.0,63.1,0.000,0.000,0.000,0.00,1.000,0.000
,1796.343,UPRIGHT,0.5132,0.0000,1.0000,324.0,63.1,0.000,0.000,0.000,0.00,1.000,0.000
,1796.347,UPRIGHT,0.5132,0.0000,1.0000,324.0,63.1,0.000,0.000,0.000,0.00,1.000,0.000
,1796.361,UPRIGHT,0.5132,0.0000,1.0000,324.0,63.1,0.000,0.000,0.000,0.00,1.000,0.000
,1796.366,UPRIGHT,0.5132,0.0000,1.0000,324.0,63.1,0.000,0.000,0.000,0.00,1.000,0.000
,1796.371,UPRIGHT,0.5132,0.0000,1.0000,324.0,63.1,0.000,0.000,0.000,0.00,1.000,0.000
,1796.377,UPRIGHT,0.4691,0.0000,1.0000,336.0,63.1,0.000,0.000,0.000,0.00,0.000,0.000
,1796.382,UPRIGHT,0.4691,0.0000,1.0000,336.0,63.1,0.000,0.000,0.000,0.00,1.000,0.000
,1796.386,UPRIGHT,0.4691,0.0000,1.0000,336.0,66.1,0.000,0.000,0.000,0.00,1.000,0.000
,1796.393,UPRIGHT,0.4691,0.0000,1.0000,336.0,69.2,0.000,0.000,0.000,0.00,1.000,0.000
,1796.398,UPRIGHT,0.4691,0.0000,1.0000,336.0,69.2,0.000,0.000,0.000,0.00,1.000,0.000
,1796.410,UPRIGHT,0.4691,0.0000,1.0000,336.0,69.2,0.000,0.000,0.000,0.00,1.000,0.000
,1796.414,UPRIGHT,0.4691,0.0000,1.0000,336.0,69.2,0.000,0.000,0.000,0.00,1.000,0.000
,1796.419,UPRIGHT,0.4691,0.0000,1.0000,336.0,69.2,0.000,0.000,0.000,0.00,1.000,0.000
,1796.425,UPRIGHT,0.4691,0.0000,1.0000,336.0,69.2,0.000,0.000,0.000,0.00,1.000,0.000
,1796.429,UPRIGHT,0.4691,0.0000,1.0000,336.0,69.2,0.000,0.000,0.000,0.00,1.000,0.000
,1796.434,UPRIGHT,0.4691,0.0000,1.0000,336.0,69.2,0.000,0.000,0.000,0.00,1.000,0.000
,1796.438,UPRIGHT,0.4691,0.0000,1.0000,336.0,69.2,0.000,0.000,0.000,0.00,1.000,0.000
,1796.457,UPRIGHT,0.4691,0.0000,1.0000,336.0,69.2,0.000,0.000,0.000,0.00,1.000,0.000
,1796.462,UPRIGHT,0.4691,0.0000,1.0000,336.0,69.2,0.000,0.000,0.000,0.00,1.000,0.000
,1796.466,UPRIGHT,0.4691,0.0000,1.0000,336.0,69.2,0.000,0.000,0.000,0.00,1.000,0.000
,1796.472,UPRIGHT,0.4691,0.0000,1.0000,336.0,69.2,0.000,0.000,0.000,0.00,1.000,0.000
,1796.476,UPRIGHT,0.4691,0.0000,1.0000,336.0,69.2,0.000,0.000,0.000,0.00,1.000,0.000
,1796.480,UPRIGHT,0.4691,0.0000,1.0000,336.0,69.2,0.000,0.000,0.000,0.00,1.000,0.000
,1796.485,UPRIGHT,0.4691,0.0000,1.0000,336.0,69.2,0.000,0.000,0.000,0.00,1.000,0.000
,1796.489,UPRIGHT,0.4691,0.0000,1.0000,336.0,69.2,0.000,0.000,0.000,0.00,1.000,0.000
,1796.493,UPRIGHT,0.4691,0.0000,1.0000,336.0,69.2,0.000,0.000,0.000,0.00,1.000,0.000
,1796.498,UPRIGHT,0.4691,0.0000,1.0000,336.0,69.2,0.000,0.000,0.000,0.00,1.000,0.000
,1796.502,UPRIGHT,0.4691,0.0000,1.0000,336.0,69.2,0.000,0.000,0.000,0.00,1.000,0.000
,1796.507,UPRIGHT,0.5075,0.0000,1.0000,336.0,69.2,0.000,0.000,0.000,0.00,0.243,0.000
,1796.519,UPRIGHT,0.5075,0.0000,1.0000,336.0,69.2,0.000,0.000,0.000,0.00,1.000,0.000
,1796.523,UPRIGHT,0.5075,0.0000,1.0000,336.0,69.2,0.000,0.000,0.000,0.00,1.000,0.000
,1796.534,UPRIGHT,0.5075,0.0000,1.0000,336.0,69.2,0.000,0.000,0.000,0.00,1.000,0.000
,1796.538,UPRIGHT,0.5075,0.0000,1.0000,336.0,69.2,0.000,0.000,0.000,0.00,1.000,0.000
,1796.542,UPRIGHT,0.5075,0.0000,1.0000,336.0,69.2,0.000,0.000,0.000,0.00,1.000,0.000
,1796.546,UPRIGHT,0.5075,0.0000,1.0000,336.0,69.2,0.000,0.000,0.000,0.00,1.000,0.000
,1796.551,UPRIGHT,0.5075,0.0000,1.0000,336.0,69.2,0.000,0.000,0.000,0.00,1.000,0.000
,1796.555,UPRIGHT,0.5075,0.0000,1.0000,336.0,69.2,0.000,0.000,0.000,0.00,1.000,0.000
,1796.559,UPRIGHT,0.5075,0.0000,1.0000,336.0,69.2,0.000,0.000,0.000,0.00,1.000,0.000
,1796.563,UPRIGHT,0.5075,0.0000,1.0000,336.0,69.2,0.000,0.000,0.000,0.00,1.000,0.000
,1796.581,UPRIGHT,0.5066,0.0000,1.0000,336.0,69.2,0.000,0.000,0.000,0.00,0.486,0.000
,1796.586,UPRIGHT,0.5066,0.0000,1.0000,336.0,69.2,0.000,0.000,0.000,0.00,1.000,0.000
,1796.591,UPRIGHT,0.5066,0.0000,1.0000,336.0,69.2,0.000,0.000,0.000,0.00,1.000,0.000
,1796.595,UPRIGHT,0.5066,0.0000,1.0000,336.0,69.2,0.000,0.000,0.000,0.00,1.000,0.000
,1796.600,UPRIGHT,0.5066,0.0000,1.0000,336.0,69.2,0.000,0.000,0.000,0.00,1.000,0.000
,1796.604,UPRIGHT,0.5066,0.0000,1.0000,336.0,69.2,0.000,0.000,0.000,0.00,1.000,0.000
,1796.609,UPRIGHT,0.5066,0.0000,1.0000,336.0,69.2,0.000,0.000,0.000,0.00,1.000,0.000
,1796.614,UPRIGHT,0.5066,0.0000,1.0000,336.0,69.2,0.000,0.000,0.000,0.00,1.000,0.000
,1796.626,UPRIGHT,0.5591,0.0000,1.0000,292.6,69.2,0.000,0.000,0.000,0.00,0.000,0.000
,1796.631,UPRIGHT,0.5591,0.0000,1.0000,292.6,69.2,0.000,0.000,0.000,0.00,1.000,0.000
,1796.636,UPRIGHT,0.5591,0.0000,1.0000,292.6,69.2,0.000,0.000,0.000,0.00,1.000,0.000
,1796.640,UPRIGHT,0.5591,0.0000,1.0000,292.6,69.2,0.000,0.000,0.000,0.00,1.000,0.000
,1796.644,UPRIGHT,0.5591,0.0000,1.0000,292.6,69.2,0.000,0.000,0.000,0.00,1.000,0.000
,1796.649,UPRIGHT,0.5591,0.0000,1.0000,292.6,69.2,0.000,0.000,0.000,0.00,1.000,0.000
,1796.658,UPRIGHT,0.5591,0.0000,1.0000,292.6,69.2,0.000,0.000,0.000,0.00,1.000,0.000
,1796.662,UPRIGHT,0.5591,0.0000,1.0000,292.6,69.2,0.000,0.000,0.000,0.00,1.000,0.000
,1796.666,UPRIGHT,0.5591,0.0000,1.0000,292.6,69.2,0.000,0.000,0.000,0.00,1.000,0.000
,1796.673,UPRIGHT,0.5591,0.0000,1.0000,292.6,69.2,0.000,0.000,0.000,0.00,1.000,0.000
,1796.677,UPRIGHT,0.5591,0.0000,1.0000,292.6,69.2,0.000,0.000,0.000,0.00,1.000,0.000
,1796.682,UPRIGHT,0.5591,0.0000,1.0000,292.6,69.2,0.000,0.000,0.000,0.00,1.000,0.000
,1796.689,UPRIGHT,0.5591,0.0000,1.0000,292.6,69.2,0.000,0.000,0.000,0.00,1.000,0.000
,1796.694,UPRIGHT,0.5591,0.0000,1.0000,292.6,69.2,0.000,0.000,0.000,0.00,1.000,0.000
,1796.699,UPRIGHT,0.5591,0.0000,1.0000,292.6,69.2,0.000,0.000,0.000,0.00,1.000,0.000
,1796.705,UPRIGHT,0.5591,0.0000,1.0000,292.6,69.2,0.000,0.000,0.000,0.00,1.000,0.000
,1796.709,UPRIGHT,0.5591,0.0000,1.0000,292.6,69.2,0.000,0.000,0.000,0.00,1.000,0.000
,1796.713,UPRIGHT,0.5591,0.0000,1.0000,292.6,69.2,0.000,0.000,0.000,0.00,1.000,0.000
,1796.717,UPRIGHT,0.5591,0.0000,1.0000,292.6,69.2,0.000,0.000,0.000,0.00,1.000,0.000
,1796.736,UPRIGHT,0.5591,0.0000,1.0000,292.6,63.1,0.000,0.000,0.000,0.00,1.000,0.000
,1796.741,UPRIGHT,0.5591,0.0000,1.0000,292.6,63.1,0.000,0.000,0.000,0.00,1.000,0.000
,1796.752,UPRIGHT,0.5591,0.0000,1.0000,292.6,63.1,0.000,0.000,0.000,0.00,1.000,0.000
,1796.759,UPRIGHT,0.5891,0.0000,1.0000,274.9,63.1,0.000,0.000,0.000,0.00,0.000,0.000
,1796.764,UPRIGHT,0.5891,0.0000,1.0000,274.9,63.1,0.000,0.000,0.000,0.00,1.000,0.000
,1796.768,UPRIGHT,0.5891,0.0000,1.0000,274.9,63.1,0.000,0.000,0.000,0.00,1.000,0.000
,1796.772,UPRIGHT,0.5891,0.0000,1.0000,274.9,63.1,0.000,0.000,0.000,0.00,1.000,0.000
,1796.776,UPRIGHT,0.5891,0.0000,1.0000,274.9,63.1,0.000,0.000,0.000,0.00,1.000,0.000
,1796.781,UPRIGHT,0.5891,0.0000,1.0000,274.9,60.1,0.000,0.000,0.000,0.00,1.000,0.000
,1796.785,UPRIGHT,0.5891,0.0000,1.0000,274.9,57.2,0.000,0.000,0.000,0.00,1.000,0.000
,1796.790,UPRIGHT,0.5891,0.0000,1.0000,274.9,57.2,0.000,0.000,0.000,0.00,1.000,0.000
,1796.799,UPRIGHT,0.5891,0.0000,1.0000,274.9,57.2,0.000,0.000,0.000,0.00,1.000,0.000
,1796.803,UPRIGHT,0.5891,0.0000,1.0000,274.9,57.2,0.000,0.000,0.000,0.00,1.000,0.000
,1796.814,UPRIGHT,0.5891,0.0000,1.0000,274.9,57.2,0.000,0.000,0.000,0.00,1.000,0.000
,1796.818,UPRIGHT,0.5926,0.0000,1.0000,274.9,57.2,0.000,0.000,0.000,0.00,0.280,0.000
,1796.822,UPRIGHT,0.5926,0.0000,1.0000,274.9,57.2,0.000,0.000,0.000,0.00,1.000,0.000
,1796.830,UPRIGHT,0.5926,0.0000,1.0000,274.9,57.2,0.000,0.000,0.000,0.00,1.000,0.000
,1796.834,UPRIGHT,0.5926,0.0000,1.0000,274.9,57.2,0.000,0.000,0.000,0.00,1.000,0.000
,1796.838,UPRIGHT,0.5926,0.0000,1.0000,274.9,57.2,0.000,0.000,0.000,0.00,1.000,0.000
,1796.845,UPRIGHT,0.5926,0.0000,1.0000,274.9,57.2,0.000,0.000,0.000,0.00,1.000,0.000
,1796.849,UPRIGHT,0.5926,0.0000,1.0000,274.9,57.2,0.000,0.000,0.000,0.00,1.000,0.000
,1796.854,UPRIGHT,0.5926,0.0000,1.0000,274.9,57.2,0.000,0.000,0.000,0.00,1.000,0.000
,1796.860,UPRIGHT,0.5926,0.0000,1.0000,274.9,57.2,0.000,0.000,0.000,0.00,1.000,0.000
,1796.865,UPRIGHT,0.5926,0.0000,1.0000,274.9,57.2,0.000,0.000,0.000,0.00,1.000,0.000
,1796.869,UPRIGHT,0.5926,0.0000,1.0000,274.9,57.2,0.000,0.000,0.000,0.00,1.000,0.000
,1796.874,UPRIGHT,0.5926,0.0000,1.0000,274.9,57.2,0.000,0.000,0.000,0.00,1.000,0.000
,1796.878,UPRIGHT,0.5825,0.0000,1.0000,274.9,57.2,0.000,0.000,0.000,0.00,0.000,0.000
,1796.882,UPRIGHT,0.5825,0.0000,1.0000,274.9,57.2,0.000,0.000,0.000,0.00,1.000,0.000
,1796.887,UPRIGHT,0.5825,0.0000,1.0000,274.9,57.2,0.000,0.000,0.000,0.00,1.000,0.000
,1796.906,UPRIGHT,0.5825,0.0000,1.0000,274.9,57.2,0.000,0.000,0.000,0.00,1.000,0.000
,1796.912,UPRIGHT,0.5825,0.0000,1.0000,274.9,57.2,0.000,0.000,0.000,0.00,1.000,0.000
,1796.916,UPRIGHT,0.5825,0.0000,1.0000,274.9,57.2,0.000,0.000,0.000,0.00,1.000,0.000
,1796.922,UPRIGHT,0.5825,0.0000,1.0000,274.9,57.2,0.000,0.000,0.000,0.00,1.000,0.000
,1796.926,UPRIGHT,0.5825,0.0000,1.0000,274.9,57.2,0.000,0.000,0.000,0.00,1.000,0.000
,1796.931,UPRIGHT,0.5825,0.0000,1.0000,274.9,57.2,0.000,0.000,0.000,0.00,1.000,0.000
,1796.938,UPRIGHT,0.5825,0.0000,1.0000,274.9,57.2,0.000,0.000,0.000,0.00,1.000,0.000
,1796.942,UPRIGHT,0.6164,0.0000,1.0000,266.8,57.2,0.000,0.000,0.000,0.00,0.228,0.000
,1796.946,UPRIGHT,0.6164,0.0000,1.0000,266.8,57.2,0.000,0.000,0.000,0.00,1.000,0.000
,1796.951,UPRIGHT,0.6164,0.0000,1.0000,266.8,57.2,0.000,0.000,0.000,0.00,1.000,0.000
,1796.955,UPRIGHT,0.6164,0.0000,1.0000,266.8,57.2,0.000,0.000,0.000,0.00,1.000,0.000
,1796.969,UPRIGHT,0.6164,0.0000,1.0000,266.8,57.2,0.000,0.000,0.000,0.00,1.000,0.000
,1796.974,UPRIGHT,0.6164,0.0000,1.0000,266.8,57.2,0.000,0.000,0.000,0.00,1.000,0.000
,1796.978,UPRIGHT,0.6164,0.0000,1.0000,266.8,57.2,0.000,0.000,0.000,0.00,1.000,0.000
,1796.983,UPRIGHT,0.6164,0.0000,1.0000,266.8,57.2,0.000,0.000,0.000,0.00,1.000,0.000
,1797.001,UPRIGHT,0.6164,0.0000,1.0000,266.8,57.2,0.000,0.000,0.000,0.00,1.000,0.000
,1797.007,UPRIGHT,0.6164,0.0000,1.0000,266.8,57.2,0.000,0.000,0.000,0.00,1.000,0.000
,1797.012,UPRIGHT,0.6164,0.0000,1.0000,266.8,57.2,0.000,0.000,0.000,0.00,1.000,0.000
,1797.016,UPRIGHT,0.6164,0.0000,1.0000,266.8,57.2,0.000,0.000,0.000,0.00,1.000,0.000
,1797.020,UPRIGHT,0.6164,0.0000,1.0000,266.8,57.2,0.000,0.000,0.000,0.00,1.000,0.000
,1797.032,UPRIGHT,0.6164,0.0000,1.0000,266.8,57.2,0.000,0.000,0.000,0.00,1.000,0.000
,1797.037,UPRIGHT,0.6164,0.0000,1.0000,266.8,57.2,0.000,0.000,0.000,0.00,1.000,0.000
,1797.041,UPRIGHT,0.6164,0.0000,1.0000,266.8,57.2,0.000,0.000,0.000,0.00,1.000,0.000
,1797.048,UPRIGHT,0.6164,0.0000,1.0000,266.8,57.2,0.000,0.000,0.000,0.00,1.000,0.000
,1797.052,UPRIGHT,0.6164,0.0000,1.0000,266.8,57.2,0.000,0.000,0.000,0.00,1.000,0.000
,1797.056,UPRIGHT,0.6164,0.0000,1.0000,266.8,57.2,0.000,0.000,0.000,0.00,1.000,0.000
,1797.061,UPRIGHT,0.6164,0.0000,1.0000,266.8,57.2,0.000,0.000,0.000,0.00,1.000,0.000
,1797.065,UPRIGHT,0.5811,0.0000,1.0000,283.5,57.2,0.000,0.000,0.000,0.00,0.001,0.000
,1797.069,UPRIGHT,0.5811,0.0000,1.0000,283.5,57.2,0.000,0.000,0.000,0.00,1.000,0.000
,1797.079,UPRIGHT,0.5811,0.0000,1.0000,283.5,57.2,0.000,0.000,0.000,0.00,1.000,0.000
,1797.084,UPRIGHT,0.5811,0.0000,1.0000,283.5,57.2,0.000,0.000,0.000,0.00,1.000,0.000
,1797.088,UPRIGHT,0.5811,0.0000,1.0000,283.5,57.2,0.000,0.000,0.000,0.00,1.000,0.000
,1797.094,UPRIGHT,0.5811,0.0000,1.0000,283.5,41.5,0.000,0.000,0.000,0.00,1.000,0.000
,1797.099,UPRIGHT,0.5811,0.0000,1.0000,283.5,25.8,0.000,0.000,0.000,0.00,1.000,0.000
,1797.103,UPRIGHT,0.5811,0.0000,1.0000,283.5,25.8,0.000,0.000,0.000,0.00,1.000,0.000
,1797.110,UPRIGHT,0.5811,0.0000,1.0000,283.5,25.8,0.000,0.000,0.000,0.00,1.000,0.000
,1797.115,UPRIGHT,0.5811,0.0000,1.0000,283.5,25.8,0.000,0.000,0.000,0.00,1.000,0.000
,1797.119,UPRIGHT,0.5811,0.0000,1.0000,283.5,25.8,0.000,0.000,0.000,0.00,1.000,0.000
,1797.126,UPRIGHT,0.6177,0.0000,1.0000,266.8,25.8,0.000,0.000,0.000,0.00,0.000,0.000
,1797.131,UPRIGHT,0.6177,0.0000,1.0000,266.8,25.8,0.000,0.000,0.000,0.00,1.000,0.000
,1797.135,UPRIGHT,0.6177,0.0000,1.0000,266.8,25.8,0.000,0.000,0.000,0.00,1.000,0.000
,1797.140,UPRIGHT,0.6177,0.0000,1.0000,266.8,25.8,0.000,0.000,0.000,0.00,1.000,0.000
,1797.158,UPRIGHT,0.6177,0.0000,1.0000,266.8,25.8,0.000,0.000,0.000,0.00,1.000,0.000
,1797.162,UPRIGHT,0.6177,0.0000,1.0000,266.8,25.8,0.000,0.000,0.000,0.00,1.000,0.000
,1797.166,UPRIGHT,0.6177,0.0000,1.0000,266.8,25.8,0.000,0.000,0.000,0.00,1.000,0.000
,1797.173,UPRIGHT,0.6177,0.0000,1.0000,266.8,25.8,0.000,0.000,0.000,0.00,1.000,0.000
,1797.177,UPRIGHT,0.6177,0.0000,1.0000,266.8,25.8,0.000,0.000,0.000,0.00,1.000,0.000
,1797.182,UPRIGHT,0.6177,0.0000,1.0000,266.8,25.8,0.000,0.000,0.000,0.00,1.000,0.000
,1797.188,UPRIGHT,0.6177,0.0000,1.0000,266.8,25.8,0.000,0.000,0.000,0.00,1.000,0.000
,1797.192,UPRIGHT,0.6230,0.0000,1.0000,266.8,25.8,0.000,0.000,0.000,0.00,0.148,0.000
,1797.197,UPRIGHT,0.6230,0.0000,1.0000,266.8,25.8,0.000,0.000,0.000,0.00,1.000,0.000
,1797.201,UPRIGHT,0.6230,0.0000,1.0000,266.8,25.8,0.000,0.000,0.000,0.00,1.000,0.000
,1797.205,UPRIGHT,0.6230,0.0000,1.0000,266.8,25.8,0.000,0.000,0.000,0.00,1.000,0.000
,1797.209,UPRIGHT,0.6230,0.0000,1.0000,266.8,25.8,0.000,0.000,0.000,0.00,1.000,0.000
,1797.214,UPRIGHT,0.6230,0.0000,1.0000,266.8,25.8,0.000,0.000,0.000,0.00,1.000,0.000
,1797.218,UPRIGHT,0.6230,0.0000,1.0000,266.8,25.8,0.000,0.000,0.000,0.00,1.000,0.000
,1797.223,UPRIGHT,0.6230,0.0000,1.0000,266.8,25.8,0.000,0.000,0.000,0.00,1.000,0.000
,1797.235,UPRIGHT,0.6230,0.0000,1.0000,266.8,16.7,0.000,0.000,0.000,0.00,1.000,0.000
,1797.239,UPRIGHT,0.6230,0.0000,1.0000,266.8,16.7,0.000,0.000,0.000,0.00,1.000,0.000
,1797.251,UPRIGHT,0.6230,0.0000,1.0000,266.8,16.7,0.000,0.000,0.000,0.00,1.000,0.000
,1797.256,UPRIGHT,0.6230,0.0000,1.0000,266.8,16.7,0.000,0.000,0.000,0.00,1.000,0.000
,1797.266,UPRIGHT,0.6230,0.0000,1.0000,266.8,16.7,0.000,0.000,0.000,0.00,1.000,0.000
,1797.271,UPRIGHT,0.6230,0.0000,1.0000,266.8,16.7,0.000,0.000,0.000,0.00,1.000,0.000
,1797.282,UPRIGHT,0.6230,0.0000,1.0000,266.8,16.7,0.000,0.000,0.000,0.00,1.000,0.000
,1797.286,UPRIGHT,0.6230,0.0000,1.0000,266.8,16.7,0.000,0.000,0.000,0.00,1.000,0.000
,1797.297,UPRIGHT,0.6230,0.0000,1.0000,266.8,16.7,0.000,0.000,0.000,0.00,1.000,0.000
,1797.303,UPRIGHT,0.6230,0.0000,1.0000,266.8,16.7,0.000,0.000,0.000,0.00,1.000,0.000
,1797.308,UPRIGHT,0.6230,0.0000,1.0000,266.8,16.7,0.000,0.000,0.000,0.00,1.000,0.000
,1797.329,UPRIGHT,0.5935,0.0000,1.0000,283.5,16.7,0.000,0.000,0.000,0.00,0.000,0.000
,1797.336,UPRIGHT,0.5935,0.0000,1.0000,283.5,16.7,0.000,0.000,0.000,0.00,1.000,0.000
,1797.341,UPRIGHT,0.5935,0.0000,1.0000,283.5,16.7,0.000,0.000,0.000,0.00,1.000,0.000
,1797.360,UPRIGHT,0.5935,0.0000,1.0000,283.5,16.7,0.000,0.000,0.000,0.00,1.000,0.000
,1797.369,UPRIGHT,0.5935,0.0000,1.0000,283.5,16.7,0.000,0.000,0.000,0.00,1.000,0.000
,1797.375,UPRIGHT,0.5935,0.0000,1.0000,283.5,16.7,0.000,0.000,0.000,0.00,1.000,0.000
,1797.379,UPRIGHT,0.6230,0.0000,1.0000,266.8,16.7,0.000,0.000,0.000,0.00,0.000,0.000
,1797.383,UPRIGHT,0.6230,0.0000,1.0000,266.8,16.7,0.000,0.000,0.000,0.00,1.000,0.000
,1797.388,UPRIGHT,0.6230,0.0000,1.0000,266.8,16.7,0.000,0.000,0.000,0.00,1.000,0.000
,1797.392,UPRIGHT,0.6230,0.0000,1.0000,266.8,16.7,0.000,0.000,0.000,0.00,1.000,0.000
,1797.396,UPRIGHT,0.6230,0.0000,1.0000,266.8,16.7,0.000,0.000,0.000,0.00,1.000,0.000
,1797.400,UPRIGHT,0.6230,0.0000,1.0000,266.8,16.7,0.000,0.000,0.000,0.00,1.000,0.000
,1797.405,UPRIGHT,0.6230,0.0000,1.0000,266.8,16.7,0.000,0.000,0.000,0.00,1.000,0.000
,1797.422,UPRIGHT,0.6230,0.0000,1.0000,266.8,16.7,0.000,0.000,0.000,0.00,1.000,0.000
,1797.428,UPRIGHT,0.6230,0.0000,1.0000,266.8,16.7,0.000,0.000,0.000,0.00,1.000,0.000
,1797.432,UPRIGHT,0.6230,0.0000,1.0000,266.8,16.7,0.000,0.000,0.000,0.00,1.000,0.000
,1797.438,UPRIGHT,0.6230,0.0000,1.0000,266.8,16.7,0.000,0.000,0.000,0.00,1.000,0.000
,1797.442,UPRIGHT,0.6715,0.0000,1.0000,263.0,16.7,0.000,0.000,0.000,0.00,0.000,0.000
,1797.447,UPRIGHT,0.6715,0.0000,1.0000,263.0,16.7,0.000,0.000,0.000,0.00,1.000,0.000
,1797.453,UPRIGHT,0.6715,0.0000,1.0000,263.0,16.7,0.000,0.000,0.000,0.00,1.000,0.000
,1797.457,UPRIGHT,0.6715,0.0000,1.0000,263.0,12.4,0.000,0.000,0.000,0.00,1.000,0.000
,1797.461,UPRIGHT,0.6715,0.0000,1.0000,263.0,8.1,0.000,0.000,0.000,0.00,1.000,0.000
,1797.466,UPRIGHT,0.6715,0.0000,1.0000,263.0,8.1,0.000,0.000,0.000,0.00,1.000,0.000
,1797.470,UPRIGHT,0.6715,0.0000,1.0000,263.0,8.1,0.000,0.000,0.000,0.00,1.000,0.000
,1797.484,UPRIGHT,0.6715,0.0000,1.0000,263.0,8.1,0.000,0.000,0.000,0.00,1.000,0.000
,1797.489,UPRIGHT,0.6715,0.0000,1.0000,263.0,8.1,0.000,0.000,0.000,0.00,1.000,0.000
,1797.493,UPRIGHT,0.6715,0.0000,1.0000,263.0,8.1,0.000,0.000,0.000,0.00,1.000,0.000
,1797.497,UPRIGHT,0.6715,0.0000,1.0000,263.0,8.1,0.000,0.000,0.000,0.00,1.000,0.000
,1797.502,UPRIGHT,0.6715,0.0000,1.0000,263.0,8.1,0.000,0.000,0.000,0.00,1.000,0.000
,1797.506,UPRIGHT,0.6715,0.0000,1.0000,263.0,8.1,0.000,0.000,0.000,0.00,1.000,0.000
,1797.510,UPRIGHT,0.6715,0.0000,1.0000,263.0,8.1,0.000,0.000,0.000,0.00,1.000,0.000
,1797.515,UPRIGHT,0.6715,0.0000,1.0000,263.0,8.1,0.000,0.000,0.000,0.00,1.000,0.000
,1797.519,UPRIGHT,0.6715,0.0000,1.0000,263.0,8.1,0.000,0.000,0.000,0.00,1.000,0.000
,1797.523,UPRIGHT,0.6715,0.0000,1.0000,263.0,8.1,0.000,0.000,0.000,0.00,1.000,0.000
,1797.530,UPRIGHT,0.6715,0.0000,1.0000,263.0,8.1,0.000,0.000,0.000,0.00,1.000,0.000
,1797.535,UPRIGHT,0.6715,0.0000,1.0000,263.0,8.1,0.000,0.000,0.000,0.00,1.000,0.000
,1797.539,UPRIGHT,0.6715,0.0000,1.0000,263.0,8.1,0.000,0.000,0.000,0.00,1.000,0.000
,1797.546,UPRIGHT,0.6715,0.0000,1.0000,263.0,8.1,0.000,0.000,0.000,0.00,1.000,0.000
,1797.551,UPRIGHT,0.6715,0.0000,1.0000,263.0,8.1,0.000,0.000,0.000,0.00,1.000,0.000
,1797.555,UPRIGHT,0.6715,0.0000,1.0000,263.0,8.1,0.000,0.000,0.000,0.00,1.000,0.000
,1797.562,UPRIGHT,0.6958,0.0000,1.0000,255.5,8.1,0.000,0.000,0.000,0.00,0.000,0.000
,1797.566,UPRIGHT,0.6958,0.0000,1.0000,255.5,8.1,0.000,0.000,0.000,0.00,1.000,0.000
,1797.578,UPRIGHT,0.6958,0.0000,1.0000,255.5,8.1,0.000,0.000,0.000,0.00,1.000,0.000
,1797.583,UPRIGHT,0.6958,0.0000,1.0000,255.5,8.1,0.000,0.000,0.000,0.00,1.000,0.000
,1797.587,UPRIGHT,0.6958,0.0000,1.0000,255.5,8.1,0.000,0.000,0.000,0.00,1.000,0.000
,1797.593,UPRIGHT,0.6958,0.0000,1.0000,255.5,8.1,0.000,0.000,0.000,0.00,1.000,0.000
,1797.598,UPRIGHT,0.6958,0.0000,1.0000,255.5,8.1,0.000,0.000,0.000,0.00,1.000,0.000
,1797.602,UPRIGHT,0.6958,0.0000,1.0000,255.5,8.1,0.000,0.000,0.000,0.00,1.000,0.000
,1797.608,UPRIGHT,0.6958,0.0000,1.0000,255.5,8.1,0.000,0.000,0.000,0.00,1.000,0.000
,1797.612,UPRIGHT,0.6958,0.0000,1.0000,255.5,8.1,0.000,0.000,0.000,0.00,1.000,0.000
,1797.617,UPRIGHT,0.6958,0.0000,1.0000,255.5,8.1,0.000,0.000,0.000,0.00,1.000,0.000
,1797.621,UPRIGHT,0.6958,0.0000,1.0000,255.5,8.1,0.000,0.000,0.000,0.00,1.000,0.000
,1797.639,UPRIGHT,0.6658,0.0000,1.0000,259.2,8.1,0.000,0.000,0.000,0.00,0.000,0.000
,1797.644,UPRIGHT,0.6658,0.0000,1.0000,259.2,8.1,0.000,0.000,0.000,0.00,1.000,0.000
,1797.649,UPRIGHT,0.6658,0.0000,1.0000,259.2,8.1,0.000,0.000,0.000,0.00,1.000,0.000
,1797.655,UPRIGHT,0.6658,0.0000,1.0000,259.2,8.1,0.000,0.000,0.000,0.00,1.000,0.000
,1797.660,UPRIGHT,0.6658,0.0000,1.0000,259.2,4.0,0.000,0.000,0.000,0.00,1.000,0.000
,1797.665,UPRIGHT,0.6658,0.0000,1.0000,259.2,0.0,0.000,0.000,0.000,0.00,1.000,0.000
,1797.669,UPRIGHT,0.6658,0.0000,1.0000,259.2,0.0,0.000,0.000,0.000,0.00,1.000,0.000
,1797.673,UPRIGHT,0.6658,0.0000,1.0000,259.2,0.0,0.000,0.000,0.000,0.00,1.000,0.000
,1797.678,UPRIGHT,0.6658,0.0000,1.0000,259.2,0.0,0.000,0.000,0.000,0.00,1.000,0.000
,1797.682,UPRIGHT,0.6658,0.0000,1.0000,259.2,0.0,0.000,0.000,0.000,0.00,1.000,0.000
,1797.686,UPRIGHT,0.6658,0.0000,1.0000,259.2,0.0,0.000,0.000,0.000,0.00,1.000,0.000
,1797.691,UPRIGHT,0.7549,0.0000,1.0000,245.2,0.0,0.000,0.000,0.000,0.00,0.000,0.000
,1797.702,UPRIGHT,0.7549,0.0000,1.0000,245.2,0.0,0.000,0.000,0.000,0.00,1.000,0.000
,1797.706,UPRIGHT,0.7549,0.0000,1.0000,245.2,0.0,0.000,0.000,0.000,0.00,1.000,0.000
,1797.718,UPRIGHT,0.7549,0.0000,1.0000,245.2,0.0,0.000,0.000,0.000,0.00,1.000,0.000
,1797.722,UPRIGHT,0.7549,0.0000,1.0000,245.2,0.0,0.000,0.000,0.000,0.00,1.000,0.000
,1797.726,UPRIGHT,0.7549,0.0000,1.0000,245.2,0.0,0.000,0.000,0.000,0.00,1.000,0.000
,1797.731,UPRIGHT,0.7549,0.0000,1.0000,245.2,0.0,0.000,0.000,0.000,0.00,1.000,0.000
,1797.749,UPRIGHT,0.6817,0.0000,1.0000,245.2,0.0,0.000,0.000,0.000,0.00,0.000,0.000
,1797.755,UPRIGHT,0.6817,0.0000,1.0000,245.2,0.0,0.000,0.000,0.000,0.00,1.000,0.000
,1797.764,UPRIGHT,0.6817,0.0000,1.0000,245.2,0.0,0.000,0.000,0.000,0.00,1.000,0.000
,1797.769,UPRIGHT,0.6817,0.0000,1.0000,245.2,0.0,0.000,0.000,0.000,0.00,1.000,0.000
,1797.773,UPRIGHT,0.6817,0.0000,1.0000,245.2,0.0,0.000,0.000,0.000,0.00,1.000,0.000
,1797.779,UPRIGHT,0.6817,0.0000,1.0000,245.2,0.0,0.000,0.000,0.000,0.00,1.000,0.000
,1797.784,UPRIGHT,0.6817,0.0000,1.0000,245.2,0.0,0.000,0.000,0.000,0.00,1.000,0.000
,1797.788,UPRIGHT,0.6817,0.0000,1.0000,245.2,0.0,0.000,0.000,0.000,0.00,1.000,0.000
,1797.795,UPRIGHT,0.6817,0.0000,1.0000,245.2,0.0,0.000,0.000,0.000,0.00,1.000,0.000
,1797.800,UPRIGHT,0.6817,0.0000,1.0000,245.2,0.0,0.000,0.000,0.000,0.00,1.000,0.000
,1797.804,UPRIGHT,0.6817,0.0000,1.0000,245.2,0.0,0.000,0.000,0.000,0.00,1.000,0.000
,1797.811,UPRIGHT,0.6817,0.0000,1.0000,245.2,0.0,0.000,0.000,0.000,0.00,1.000,0.000
,1797.816,UPRIGHT,0.6817,0.0000,1.0000,245.2,0.0,0.000,0.000,0.000,0.00,1.000,0.000
,1797.826,UPRIGHT,0.6817,0.0000,1.0000,245.2,0.0,0.000,0.000,0.000,0.00,1.000,0.000
,1797.831,UPRIGHT,0.6817,0.0000,1.0000,245.2,0.0,0.000,0.000,0.000,0.00,1.000,0.000
,1797.836,UPRIGHT,0.6817,0.0000,1.0000,245.2,0.0,0.000,0.000,0.000,0.00,1.000,0.000
,1797.840,UPRIGHT,0.6817,0.0000,1.0000,245.2,0.0,0.000,0.000,0.000,0.00,1.000,0.000
,1797.844,UPRIGHT,0.6817,0.0000,1.0000,245.2,0.0,0.000,0.000,0.000,0.00,1.000,0.000
,1797.849,UPRIGHT,0.6817,0.0000,1.0000,245.2,0.0,0.000,0.000,0.000,0.00,1.000,0.000
,1797.857,UPRIGHT,0.6817,0.0000,1.0000,245.2,0.0,0.000,0.000,0.000,0.00,1.000,0.000
,1797.873,UPRIGHT,0.7359,0.0000,1.0000,252.0,0.0,0.000,0.000,0.000,0.00,0.000,0.000
,1797.877,UPRIGHT,0.7359,0.0000,1.0000,252.0,0.0,0.000,0.000,0.000,0.00,1.000,0.000
,1797.881,UPRIGHT,0.7359,0.0000,1.0000,252.0,0.0,0.000,0.000,0.000,0.00,1.000,0.000
,1797.885,UPRIGHT,0.7359,0.0000,1.0000,252.0,0.0,0.000,0.000,0.000,0.00,1.000,0.000
,1797.904,UPRIGHT,0.7359,0.0000,1.0000,252.0,0.0,0.000,0.000,0.000,0.00,1.000,0.000
,1797.909,UPRIGHT,0.7359,0.0000,1.0000,252.0,0.0,0.000,0.000,0.000,0.00,1.000,0.000
,1797.913,UPRIGHT,0.7359,0.0000,1.0000,252.0,0.0,0.000,0.000,0.000,0.00,1.000,0.000
,1797.920,UPRIGHT,0.7359,0.0000,1.0000,252.0,0.0,0.000,0.000,0.000,0.00,1.000,0.000
,1797.936,UPRIGHT,0.7359,0.0000,1.0000,252.0,0.0,0.000,0.000,0.000,0.00,1.000,0.000
,1797.940,UPRIGHT,0.7403,0.0000,1.0000,245.2,0.0,0.000,0.000,0.000,0.00,0.250,0.000
,1797.951,UPRIGHT,0.7403,0.0000,1.0000,245.2,0.0,0.000,0.000,0.000,0.00,1.000,0.000
,1797.955,UPRIGHT,0.7403,0.0000,1.0000,245.2,0.0,0.000,0.000,0.000,0.00,1.000,0.000
,1797.966,UPRIGHT,0.7403,0.0000,1.0000,245.2,0.0,0.000,0.000,0.000,0.00,1.000,0.000
,1797.971,UPRIGHT,0.7403,0.0000,1.0000,245.2,0.0,0.000,0.000,0.000,0.00,1.000,0.000
,1797.975,UPRIGHT,0.7403,0.0000,1.0000,245.2,0.0,0.000,0.000,0.000,0.00,1.000,0.000
,1797.980,UPRIGHT,0.7403,0.0000,1.0000,245.2,0.0,0.000,0.000,0.000,0.00,1.000,0.000
,1797.984,UPRIGHT,0.7403,0.0000,1.0000,245.2,0.0,0.000,0.000,0.000,0.00,1.000,0.000
,1797.989,UPRIGHT,0.7403,0.0000,1.0000,245.2,0.0,0.000,0.000,0.000,0.00,1.000,0.000
,1797.993,UPRIGHT,0.7403,0.0000,1.0000,245.2,0.0,0.000,0.000,0.000,0.00,1.000,0.000
,1797.998,UPRIGHT,0.8316,0.0000,1.0000,211.0,0.0,0.000,0.000,0.000,0.00,0.000,0.000
,1798.003,UPRIGHT,0.8316,0.0000,1.0000,211.0,0.0,0.000,0.000,0.000,0.00,1.000,0.000
,1798.007,UPRIGHT,0.8316,0.0000,1.0000,211.0,0.0,0.000,0.000,0.000,0.00,1.000,0.000
,1798.014,UPRIGHT,0.8316,0.0000,1.0000,211.0,0.0,0.000,0.000,0.000,0.00,1.000,0.000
,1798.019,UPRIGHT,0.8316,0.0000,1.0000,211.0,0.0,0.000,0.000,0.000,0.00,1.000,0.000
,1798.030,UPRIGHT,0.8316,0.0000,1.0000,211.0,-1.9,0.000,0.000,0.000,0.00,1.000,0.000
,1798.034,UPRIGHT,0.8316,0.0000,1.0000,211.0,-3.9,0.000,0.000,0.000,0.00,1.000,0.000
,1798.038,UPRIGHT,0.8316,0.0000,1.0000,211.0,-3.9,0.000,0.000,0.000,0.00,1.000,0.000
,1798.045,UPRIGHT,0.8316,0.0000,1.0000,211.0,-3.9,0.000,0.000,0.000,0.00,1.000,0.000
,1798.050,UPRIGHT,0.8316,0.0000,1.0000,211.0,-3.9,0.000,0.000,0.000,0.00,1.000,0.000
,1798.055,UPRIGHT,0.8316,0.0000,1.0000,211.0,-3.9,0.000,0.000,0.000,0.00,1.000,0.000
,1798.059,UPRIGHT,0.8316,0.0000,1.0000,211.0,-3.9,0.000,0.000,0.000,0.00,1.000,0.000
,1798.064,UPRIGHT,0.8316,0.0000,1.0000,211.0,-3.9,0.000,0.000,0.000,0.00,1.000,0.000
,1798.069,UPRIGHT,0.8316,0.0000,1.0000,211.0,-3.9,0.000,0.000,0.000,0.00,1.000,0.000
,1798.074,UPRIGHT,0.8316,0.0000,1.0000,211.0,-3.9,0.000,0.000,0.000,0.00,1.000,0.000
,1798.093,UPRIGHT,0.8316,0.0000,1.0000,211.0,-3.9,0.000,0.000,0.000,0.00,1.000,0.000
,1798.097,UPRIGHT,0.8316,0.0000,1.0000,211.0,-3.9,0.000,0.000,0.000,0.00,1.000,0.000
,1798.109,UPRIGHT,0.8316,0.0000,1.0000,211.0,-3.9,0.000,0.000,0.000,0.00,1.000,0.000
,1798.113,UPRIGHT,0.8316,0.0000,1.0000,211.0,-3.9,0.000,0.000,0.000,0.00,1.000,0.000
,1798.117,UPRIGHT,0.8316,0.0000,1.0000,211.0,-3.9,0.000,0.000,0.000,0.00,1.000,0.000
,1798.122,UPRIGHT,0.8316,0.0000,1.0000,211.0,-3.9,0.000,0.000,0.000,0.00,1.000,0.000
,1798.140,UPRIGHT,0.8369,0.0000,1.0000,201.6,-3.9,0.000,0.000,0.000,0.00,0.809,0.000
,1798.145,UPRIGHT,0.8369,0.0000,1.0000,201.6,-3.9,0.000,0.000,0.000,0.00,1.000,0.000
,1798.156,UPRIGHT,0.8369,0.0000,1.0000,201.6,-3.9,0.000,0.000,0.000,0.00,1.000,0.000
,1798.171,UPRIGHT,0.8369,0.0000,1.0000,201.6,-3.9,0.000,0.000,0.000,0.00,1.000,0.000
,1798.176,UPRIGHT,0.8369,0.0000,1.0000,201.6,-5.7,0.000,0.000,0.000,0.00,1.000,0.000
,1798.180,UPRIGHT,0.8369,0.0000,1.0000,201.6,-7.6,0.000,0.000,0.000,0.00,1.000,0.000
,1798.188,UPRIGHT,0.7526,0.0000,1.0000,235.6,-7.6,0.000,0.000,0.000,0.00,0.000,0.000
,1798.192,UPRIGHT,0.7526,0.0000,1.0000,235.6,-7.6,0.000,0.000,0.000,0.00,1.000,0.000
,1798.196,UPRIGHT,0.7526,0.0000,1.0000,235.6,-7.6,0.000,0.000,0.000,0.00,1.000,0.000
,1798.201,UPRIGHT,0.7526,0.0000,1.0000,235.6,-7.6,0.000,0.000,0.000,0.00,1.000,0.000
,1798.205,UPRIGHT,0.7526,0.0000,1.0000,235.6,-7.6,0.000,0.000,0.000,0.00,1.000,0.000
,1798.209,UPRIGHT,0.7526,0.0000,1.0000,235.6,-7.6,0.000,0.000,0.000,0.00,1.000,0.000
,1798.213,UPRIGHT,0.7526,0.0000,1.0000,235.6,-7.6,0.000,0.000,0.000,0.00,1.000,0.000
,1798.218,UPRIGHT,0.7526,0.0000,1.0000,235.6,-7.6,0.000,0.000,0.000,0.00,1.000,0.000
,1798.222,UPRIGHT,0.7526,0.0000,1.0000,235.6,-7.6,0.000,0.000,0.000,0.00,1.000,0.000
,1798.227,UPRIGHT,0.7526,0.0000,1.0000,235.6,-7.6,0.000,0.000,0.000,0.00,1.000,0.000
,1798.231,UPRIGHT,0.7526,0.0000,1.0000,235.6,-7.6,0.000,0.000,0.000,0.00,1.000,0.000
,1798.250,UPRIGHT,0.7526,0.0000,1.0000,235.6,-11.3,0.000,0.000,0.000,0.00,1.000,0.000
,1798.255,UPRIGHT,0.7531,0.0000,1.0000,241.9,-11.3,0.000,0.000,0.000,0.00,0.611,0.000
,1798.260,UPRIGHT,0.7531,0.0000,1.0000,241.9,-11.3,0.000,0.000,0.000,0.00,1.000,0.000
,1798.264,UPRIGHT,0.7531,0.0000,1.0000,241.9,-11.3,0.000,0.000,0.000,0.00,1.000,0.000
,1798.269,UPRIGHT,0.7531,0.0000,1.0000,241.9,-11.3,0.000,0.000,0.000,0.00,1.000,0.000
,1798.273,UPRIGHT,0.7531,0.0000,1.0000,241.9,-11.3,0.000,0.000,0.000,0.00,1.000,0.000
,1798.277,UPRIGHT,0.7531,0.0000,1.0000,241.9,-11.3,0.000,0.000,0.000,0.00,1.000,0.000
,1798.282,UPRIGHT,0.7531,0.0000,1.0000,241.9,-11.3,0.000,0.000,0.000,0.00,1.000,0.000
,1798.286,UPRIGHT,0.7531,0.0000,1.0000,241.9,-11.3,0.000,0.000,0.000,0.00,1.000,0.000
,1798.296,UPRIGHT,0.7531,0.0000,1.0000,241.9,-11.3,0.000,0.000,0.000,0.00,1.000,0.000
,1798.301,UPRIGHT,0.7531,0.0000,1.0000,241.9,-11.3,0.000,0.000,0.000,0.00,1.000,0.000
,1798.305,UPRIGHT,0.7531,0.0000,1.0000,241.9,-13.0,0.000,0.000,0.000,0.00,1.000,0.000
,1798.309,UPRIGHT,0.7531,0.0000,1.0000,241.9,-14.8,0.000,0.000,0.000,0.00,1.000,0.000
,1798.313,UPRIGHT,0.7531,0.0000,1.0000,241.9,-14.8,0.000,0.000,0.000,0.00,1.000,0.000
,1798.318,UPRIGHT,0.7531,0.0000,1.0000,241.9,-14.8,0.000,0.000,0.000,0.00,1.000,0.000
,1798.328,UPRIGHT,0.7531,0.0000,1.0000,241.9,-14.8,0.000,0.000,0.000,0.00,1.000,0.000
,1798.332,UPRIGHT,0.7531,0.0000,1.0000,241.9,-14.8,0.000,0.000,0.000,0.00,1.000,0.000
,1798.337,UPRIGHT,0.7531,0.0000,1.0000,241.9,-14.8,0.000,0.000,0.000,0.00,1.000,0.000
,1798.343,UPRIGHT,0.7531,0.0000,1.0000,241.9,-14.8,0.000,0.000,0.000,0.00,1.000,0.000
,1798.348,UPRIGHT,0.7531,0.0000,1.0000,241.9,-14.8,0.000,0.000,0.000,0.00,1.000,0.000
,1798.352,UPRIGHT,0.7531,0.0000,1.0000,241.9,-14.8,0.000,0.000,0.000,0.00,1.000,0.000
,1798.356,UPRIGHT,0.7531,0.0000,1.0000,241.9,-14.8,0.000,0.000,0.000,0.00,1.000,0.000
,1798.360,UPRIGHT,0.7531,0.0000,1.0000,241.9,-21.6,0.000,0.000,0.000,0.00,1.000,0.000
,1798.364,UPRIGHT,0.7531,0.0000,1.0000,241.9,-21.6,0.000,0.000,0.000,0.00,1.000,0.000
,1798.369,UPRIGHT,0.7531,0.0000,1.0000,241.9,-21.6,0.000,0.000,0.000,0.00,1.000,0.000
,1798.375,UPRIGHT,0.8342,0.0000,1.0000,200.0,-21.6,0.000,0.000,0.000,0.00,0.000,0.000
,1798.380,UPRIGHT,0.8342,0.0000,1.0000,200.0,-21.6,0.000,0.000,0.000,0.00,1.000,0.000
,1798.391,UPRIGHT,0.8342,0.0000,1.0000,200.0,-21.6,0.000,0.000,0.000,0.00,1.000,0.000
,1798.406,UPRIGHT,0.8342,0.0000,1.0000,200.0,-21.6,0.000,0.000,0.000,0.00,1.000,0.000
,1798.413,UPRIGHT,0.8342,0.0000,1.0000,200.0,-21.6,0.000,0.000,0.000,0.00,1.000,0.000
,1798.418,UPRIGHT,0.8342,0.0000,1.0000,200.0,-21.6,0.000,0.000,0.000,0.00,1.000,0.000
,1798.438,UPRIGHT,0.8342,0.0000,1.0000,200.0,-21.6,0.000,0.000,0.000,0.00,1.000,0.000
,1798.446,UPRIGHT,0.7531,0.0000,1.0000,238.7,-21.6,0.000,0.000,0.000,0.00,0.000,0.000
,1798.451,UPRIGHT,0.7531,0.0000,1.0000,238.7,-21.6,0.000,0.000,0.000,0.00,1.000,0.000
,1798.469,UPRIGHT,0.7531,0.0000,1.0000,238.7,-21.6,0.000,0.000,0.000,0.00,1.000,0.000
,1798.474,UPRIGHT,0.7531,0.0000,1.0000,238.7,-21.6,0.000,0.000,0.000,0.00,1.000,0.000
,1798.478,UPRIGHT,0.7531,0.0000,1.0000,238.7,-21.6,0.000,0.000,0.000,0.00,1.000,0.000
,1798.483,UPRIGHT,0.7531,0.0000,1.0000,238.7,-21.6,0.000,0.000,0.000,0.00,1.000,0.000
,1798.500,UPRIGHT,0.7531,0.0000,1.0000,238.7,-21.6,0.000,0.000,0.000,0.00,1.000,0.000
,1798.507,UPRIGHT,0.7588,0.0000,1.0000,232.6,-21.6,0.000,0.000,0.000,0.00,0.000,0.000
,1798.515,UPRIGHT,0.7588,0.0000,1.0000,232.6,-21.6,0.000,0.000,0.000,0.00,1.000,0.000
,1798.520,UPRIGHT,0.7588,0.0000,1.0000,232.6,-21.6,0.000,0.000,0.000,0.00,1.000,0.000
,1798.524,UPRIGHT,0.7588,0.0000,1.0000,232.6,-21.6,0.000,0.000,0.000,0.00,1.000,0.000
,1798.531,UPRIGHT,0.7588,0.0000,1.0000,232.6,-21.6,0.000,0.000,0.000,0.00,1.000,0.000
,1798.535,UPRIGHT,0.7588,0.0000,1.0000,232.6,-21.6,0.000,0.000,0.000,0.00,1.000,0.000
,1798.539,UPRIGHT,0.7588,0.0000,1.0000,232.6,-21.6,0.000,0.000,0.000,0.00,1.000,0.000
,1798.546,UPRIGHT,0.7588,0.0000,1.0000,232.6,-21.6,0.000,0.000,0.000,0.00,1.000,0.000
,1798.550,UPRIGHT,0.7588,0.0000,1.0000,232.6,-21.6,0.000,0.000,0.000,0.00,1.000,0.000
,1798.562,UPRIGHT,0.7588,0.0000,1.0000,232.6,-21.6,0.000,0.000,0.000,0.00,1.000,0.000
,1798.566,UPRIGHT,0.8197,0.0000,1.0000,213.5,-21.6,0.000,0.000,0.000,0.00,0.000,0.000
,1798.570,UPRIGHT,0.8197,0.0000,1.0000,213.5,-21.6,0.000,0.000,0.000,0.00,1.000,0.000
,1798.577,UPRIGHT,0.8197,0.0000,1.0000,213.5,-21.6,0.000,0.000,0.000,0.00,1.000,0.000
,1798.581,UPRIGHT,0.8197,0.0000,1.0000,213.5,-21.6,0.000,0.000,0.000,0.00,1.000,0.000
,1798.586,UPRIGHT,0.8197,0.0000,1.0000,213.5,-21.6,0.000,0.000,0.000,0.00,1.000,0.000
,1798.593,UPRIGHT,0.8197,0.0000,1.0000,213.5,-21.6,0.000,0.000,0.000,0.00,1.000,0.000
,1798.597,UPRIGHT,0.8197,0.0000,1.0000,213.5,-21.6,0.000,0.000,0.000,0.00,1.000,0.000
,1798.601,UPRIGHT,0.8197,0.0000,1.0000,213.5,-21.6,0.000,0.000,0.000,0.00,1.000,0.000
,1798.609,UPRIGHT,0.8197,0.0000,1.0000,213.5,-23.3,0.000,0.000,0.000,0.00,1.000,0.000
,1798.613,UPRIGHT,0.8197,0.0000,1.0000,213.5,-24.9,0.000,0.000,0.000,0.00,1.000,0.000
,1798.617,UPRIGHT,0.8197,0.0000,1.0000,213.5,-24.9,0.000,0.000,0.000,0.00,1.000,0.000
,1798.621,UPRIGHT,0.8197,0.0000,1.0000,213.5,-24.9,0.000,0.000,0.000,0.00,1.000,0.000
,1798.639,UPRIGHT,0.8197,0.0000,1.0000,213.5,-24.9,0.000,0.000,0.000,0.00,1.000,0.000
,1798.644,UPRIGHT,0.8197,0.0000,1.0000,213.5,-24.9,0.000,0.000,0.000,0.00,1.000,0.000
,1798.649,UPRIGHT,0.8197,0.0000,1.0000,213.5,-24.9,0.000,0.000,0.000,0.00,1.000,0.000
,1798.655,UPRIGHT,0.8197,0.0000,1.0000,213.5,-24.9,0.000,0.000,0.000,0.00,1.000,0.000
,1798.660,UPRIGHT,0.8197,0.0000,1.0000,213.5,-24.9,0.000,0.000,0.000,0.00,1.000,0.000
,1798.665,UPRIGHT,0.8197,0.0000,1.0000,213.5,-24.9,0.000,0.000,0.000,0.00,1.000,0.000
,1798.671,UPRIGHT,0.8197,0.0000,1.0000,213.5,-24.9,0.000,0.000,0.000,0.00,1.000,0.000
,1798.675,UPRIGHT,0.8197,0.0000,1.0000,213.5,-24.9,0.000,0.000,0.000,0.00,1.000,0.000
,1798.679,UPRIGHT,0.8197,0.0000,1.0000,213.5,-24.9,0.000,0.000,0.000,0.00,1.000,0.000
,1798.684,UPRIGHT,0.8197,0.0000,1.0000,213.5,-24.9,0.000,0.000,0.000,0.00,1.000,0.000
,1798.688,UPRIGHT,0.8214,0.0000,1.0000,208.6,-24.9,0.000,0.000,0.000,0.00,0.309,0.000
,1798.702,UPRIGHT,0.8214,0.0000,1.0000,208.6,-24.9,0.000,0.000,0.000,0.00,1.000,0.000
,1798.706,UPRIGHT,0.8214,0.0000,1.0000,208.6,-24.9,0.000,0.000,0.000,0.00,1.000,0.000
,1798.711,UPRIGHT,0.8214,0.0000,1.0000,208.6,-24.9,0.000,0.000,0.000,0.00,1.000,0.000
,1798.715,UPRIGHT,0.8214,0.0000,1.0000,208.6,-24.9,0.000,0.000,0.000,0.00,1.000,0.000
,1798.719,UPRIGHT,0.8214,0.0000,1.0000,208.6,-24.9,0.000,0.000,0.000,0.00,1.000,0.000
,1798.724,UPRIGHT,0.8214,0.0000,1.0000,208.6,-24.9,0.000,0.000,0.000,0.00,1.000,0.000
,1798.728,UPRIGHT,0.8214,0.0000,1.0000,208.6,-24.9,0.000,0.000,0.000,0.00,1.000,0.000
,1798.732,UPRIGHT,0.8214,0.0000,1.0000,208.6,-24.9,0.000,0.000,0.000,0.00,1.000,0.000
,1798.737,UPRIGHT,0.8214,0.0000,1.0000,208.6,-24.9,0.000,0.000,0.000,0.00,1.000,0.000
,1798.748,UPRIGHT,0.8214,0.0000,1.0000,208.6,-28.1,0.000,0.000,0.000,0.00,1.000,0.000
,1798.752,UPRIGHT,0.8223,0.0000,1.0000,218.6,-28.1,0.000,0.000,0.000,0.00,0.603,0.000
,1798.757,UPRIGHT,0.8223,0.0000,1.0000,218.6,-28.1,0.000,0.000,0.000,0.00,1.000,0.000
,1798.761,UPRIGHT,0.8223,0.0000,1.0000,218.6,-28.1,0.000,0.000,0.000,0.00,1.000,0.000
,1798.766,UPRIGHT,0.8223,0.0000,1.0000,218.6,-28.1,0.000,0.000,0.000,0.00,1.000,0.000
,1798.770,UPRIGHT,0.8223,0.0000,1.0000,218.6,-28.1,0.000,0.000,0.000,0.00,1.000,0.000
,1798.775,UPRIGHT,0.8223,0.0000,1.0000,218.6,-28.1,0.000,0.000,0.000,0.00,1.000,0.000
,1798.795,UPRIGHT,0.8223,0.0000,1.0000,218.6,-31.2,0.000,0.000,0.000,0.00,1.000,0.000
,1798.800,UPRIGHT,0.8223,0.0000,1.0000,218.6,-31.2,0.000,0.000,0.000,0.00,1.000,0.000
,1798.810,UPRIGHT,0.8223,0.0000,1.0000,218.6,-31.2,0.000,0.000,0.000,0.00,1.000,0.000
,1798.815,UPRIGHT,0.8228,0.0000,1.0000,216.0,-31.2,0.000,0.000,0.000,0.00,0.713,0.000
,1798.819,UPRIGHT,0.8228,0.0000,1.0000,216.0,-31.2,0.000,0.000,0.000,0.00,1.000,0.000
,1798.826,UPRIGHT,0.8228,0.0000,1.0000,216.0,-31.2,0.000,0.000,0.000,0.00,1.000,0.000
,1798.830,UPRIGHT,0.8228,0.0000,1.0000,216.0,-31.2,0.000,0.000,0.000,0.00,1.000,0.000
,1798.834,UPRIGHT,0.8228,0.0000,1.0000,216.0,-31.2,0.000,0.000,0.000,0.00,1.000,0.000
,1798.842,UPRIGHT,0.8228,0.0000,1.0000,216.0,-31.2,0.000,0.000,0.000,0.00,1.000,0.000
,1798.857,UPRIGHT,0.8228,0.0000,1.0000,216.0,-31.2,0.000,0.000,0.000,0.00,1.000,0.000
,1798.864,UPRIGHT,0.8228,0.0000,1.0000,216.0,-31.2,0.000,0.000,0.000,0.00,1.000,0.000
,1798.869,UPRIGHT,0.8228,0.0000,1.0000,216.0,-34.2,0.000,0.000,0.000,0.00,1.000,0.000
,1798.888,UPRIGHT,0.8228,0.0000,1.0000,216.0,-34.2,0.000,0.000,0.000,0.00,1.000,0.000
,1798.895,UPRIGHT,0.8228,0.0000,1.0000,216.0,-34.2,0.000,0.000,0.000,0.00,1.000,0.000
,1798.900,UPRIGHT,0.8228,0.0000,1.0000,216.0,-34.2,0.000,0.000,0.000,0.00,1.000,0.000
,1798.904,UPRIGHT,0.8228,0.0000,1.0000,216.0,-34.2,0.000,0.000,0.000,0.00,1.000,0.000
,1798.909,UPRIGHT,0.8228,0.0000,1.0000,216.0,-34.2,0.000,0.000,0.000,0.00,1.000,0.000
,1798.913,UPRIGHT,0.8228,0.0000,1.0000,216.0,-34.2,0.000,0.000,0.000,0.00,1.000,0.000
,1798.918,UPRIGHT,0.8228,0.0000,1.0000,216.0,-34.2,0.000,0.000,0.000,0.00,1.000,0.000
,1798.922,UPRIGHT,0.8228,0.0000,1.0000,216.0,-34.2,0.000,0.000,0.000,0.00,1.000,0.000
,1798.926,UPRIGHT,0.8228,0.0000,1.0000,216.0,-41.2,0.000,0.000,0.000,0.00,1.000,0.000
,1798.931,UPRIGHT,0.8228,0.0000,1.0000,216.0,-48.2,0.000,0.000,0.000,0.00,1.000,0.000
,1798.936,UPRIGHT,0.8285,0.0000,1.0000,208.6,-48.2,0.000,0.000,0.000,0.00,0.743,0.000
,1798.950,UPRIGHT,0.8285,0.0000,1.0000,208.6,-48.2,0.000,0.000,0.000,0.00,1.000,0.000
,1798.955,UPRIGHT,0.8285,0.0000,1.0000,208.6,-48.2,0.000,0.000,0.000,0.00,1.000,0.000
,1798.960,UPRIGHT,0.8285,0.0000,1.0000,208.6,-48.2,0.000,0.000,0.000,0.00,1.000,0.000
,1798.964,UPRIGHT,0.8285,0.0000,1.0000,208.6,-48.2,0.000,0.000,0.000,0.00,1.000,0.000
,1798.968,UPRIGHT,0.8285,0.0000,1.0000,208.6,-48.2,0.000,0.000,0.000,0.00,1.000,0.000
,1798.973,UPRIGHT,0.8285,0.0000,1.0000,208.6,-48.2,0.000,0.000,0.000,0.00,1.000,0.000
,1798.977,UPRIGHT,0.8285,0.0000,1.0000,208.6,-48.2,0.000,0.000,0.000,0.00,1.000,0.000
,1798.982,UPRIGHT,0.8285,0.0000,1.0000,208.6,-49.5,0.000,0.000,0.000,0.00,1.000,0.000
,1798.986,UPRIGHT,0.8285,0.0000,1.0000,208.6,-50.8,0.000,0.000,0.000,0.00,1.000,0.000
,1798.991,UPRIGHT,0.8285,0.0000,1.0000,208.6,-50.8,0.000,0.000,0.000,0.00,1.000,0.000
,1798.997,UPRIGHT,0.8302,0.0000,1.0000,211.0,-50.8,0.000,0.000,0.000,0.00,0.838,0.000
,1799.002,UPRIGHT,0.8302,0.0000,1.0000,211.0,-50.8,0.000,0.000,0.000,0.00,1.000,0.000
,1799.006,UPRIGHT,0.8302,0.0000,1.0000,211.0,-50.8,0.000,0.000,0.000,0.00,1.000,0.000
,1799.013,UPRIGHT,0.8302,0.0000,1.0000,211.0,-50.8,0.000,0.000,0.000,0.00,1.000,0.000
,1799.018,UPRIGHT,0.8302,0.0000,1.0000,211.0,-50.8,0.000,0.000,0.000,0.00,1.000,0.000
,1799.028,UPRIGHT,0.8302,0.0000,1.0000,211.0,-50.8,0.000,0.000,0.000,0.00,1.000,0.000
,1799.033,UPRIGHT,0.8302,0.0000,1.0000,211.0,-50.8,0.000,0.000,0.000,0.00,1.000,0.000
,1799.037,UPRIGHT,0.8302,0.0000,1.0000,211.0,-50.8,0.000,0.000,0.000,0.00,1.000,0.000
,1799.042,UPRIGHT,0.8302,0.0000,1.0000,211.0,-50.8,0.000,0.000,0.000,0.00,1.000,0.000
,1799.046,UPRIGHT,0.8302,0.0000,1.0000,211.0,-50.8,0.000,0.000,0.000,0.00,1.000,0.000
,1799.051,UPRIGHT,0.8302,0.0000,1.0000,211.0,-50.8,0.000,0.000,0.000,0.00,1.000,0.000
,1799.060,UPRIGHT,0.8298,0.0000,1.0000,211.0,-50.8,0.000,0.000,0.000,0.00,0.831,0.000
,1799.064,UPRIGHT,0.8298,0.0000,1.0000,211.0,-50.8,0.000,0.000,0.000,0.00,1.000,0.000
,1799.068,UPRIGHT,0.8298,0.0000,1.0000,211.0,-50.8,0.000,0.000,0.000,0.00,1.000,0.000
,1799.073,UPRIGHT,0.8298,0.0000,1.0000,211.0,-50.8,0.000,0.000,0.000,0.00,1.000,0.000
,1799.077,UPRIGHT,0.8298,0.0000,1.0000,211.0,-50.8,0.000,0.000,0.000,0.00,1.000,0.000
,1799.081,UPRIGHT,0.8298,0.0000,1.0000,211.0,-50.8,0.000,0.000,0.000,0.00,1.000,0.000
,1799.091,UPRIGHT,0.8298,0.0000,1.0000,211.0,-52.1,0.000,0.000,0.000,0.00,1.000,0.000
,1799.107,UPRIGHT,0.8298,0.0000,1.0000,211.0,-53.4,0.000,0.000,0.000,0.00,1.000,0.000
,1799.114,UPRIGHT,0.8298,0.0000,1.0000,211.0,-53.4,0.000,0.000,0.000,0.00,1.000,0.000
,1799.118,UPRIGHT,0.8298,0.0000,1.0000,211.0,-53.4,0.000,0.000,0.000,0.00,1.000,0.000
,1799.123,UPRIGHT,0.8280,0.0000,1.0000,208.6,-53.4,0.000,0.000,0.000,0.00,0.912,0.000
,1799.138,UPRIGHT,0.8280,0.0000,1.0000,208.6,-53.4,0.000,0.000,0.000,0.00,1.000,0.000
,1799.143,UPRIGHT,0.8280,0.0000,1.0000,208.6,-53.4,0.000,0.000,0.000,0.00,1.000,0.000
,1799.148,UPRIGHT,0.8280,0.0000,1.0000,208.6,-53.4,0.000,0.000,0.000,0.00,1.000,0.000
,1799.152,UPRIGHT,0.8280,0.0000,1.0000,208.6,-53.4,0.000,0.000,0.000,0.00,1.000,0.000
,1799.157,UPRIGHT,0.8280,0.0000,1.0000,208.6,-53.4,0.000,0.000,0.000,0.00,1.000,0.000
,1799.169,UPRIGHT,0.8280,0.0000,1.0000,208.6,-53.4,0.000,0.000,0.000,0.00,1.000,0.000
,1799.174,UPRIGHT,0.8280,0.0000,1.0000,208.6,-53.4,0.000,0.000,0.000,0.00,1.000,0.000
,1799.178,UPRIGHT,0.8280,0.0000,1.0000,208.6,-53.4,0.000,0.000,0.000,0.00,1.000,0.000
,1799.183,UPRIGHT,0.8280,0.0000,1.0000,208.6,-53.4,0.000,0.000,0.000,0.00,1.000,0.000
,1799.187,UPRIGHT,0.8280,0.0000,1.0000,208.6,-53.4,0.000,0.000,0.000,0.00,1.000,0.000
,1799.201,UPRIGHT,0.8280,0.0000,1.0000,208.6,-53.4,0.000,0.000,0.000,0.00,1.000,0.000
,1799.206,UPRIGHT,0.8280,0.0000,1.0000,208.6,-53.4,0.000,0.000,0.000,0.00,1.000,0.000
,1799.210,UPRIGHT,0.8280,0.0000,1.0000,208.6,-53.4,0.000,0.000,0.000,0.00,1.000,0.000
,1799.215,UPRIGHT,0.8280,0.0000,1.0000,208.6,-53.4,0.000,0.000,0.000,0.00,1.000,0.000
,1799.220,UPRIGHT,0.8280,0.0000,1.0000,208.6,-53.4,0.000,0.000,0.000,0.00,1.000,0.000
,1799.224,UPRIGHT,0.8280,0.0000,1.0000,208.6,-53.4,0.000,0.000,0.000,0.00,1.000,0.000
,1799.229,UPRIGHT,0.8280,0.0000,1.0000,208.6,-53.4,0.000,0.000,0.000,0.00,1.000,0.000
,1799.234,UPRIGHT,0.8280,0.0000,1.0000,208.6,-53.4,0.000,0.000,0.000,0.00,1.000,0.000
,1799.238,UPRIGHT,0.8280,0.0000,1.0000,208.6,-53.4,0.000,0.000,0.000,0.00,1.000,0.000
,1799.248,UPRIGHT,0.8280,0.0000,1.0000,208.6,-53.4,0.000,0.000,0.000,0.00,1.000,0.000
,1799.252,UPRIGHT,0.8272,0.0000,1.0000,208.6,-53.4,0.000,0.000,0.000,0.00,0.941,0.000
,1799.257,UPRIGHT,0.8272,0.0000,1.0000,208.6,-53.4,0.000,0.000,0.000,0.00,1.000,0.000
,1799.263,UPRIGHT,0.8272,0.0000,1.0000,208.6,-53.4,0.000,0.000,0.000,0.00,1.000,0.000
,1799.267,UPRIGHT,0.8272,0.0000,1.0000,208.6,-53.4,0.000,0.000,0.000,0.00,1.000,0.000
,1799.271,UPRIGHT,0.8272,0.0000,1.0000,208.6,-53.4,0.000,0.000,0.000,0.00,1.000,0.000
,1799.276,UPRIGHT,0.8272,0.0000,1.0000,208.6,-53.4,0.000,0.000,0.000,0.00,1.000,0.000
,1799.281,UPRIGHT,0.8272,0.0000,1.0000,208.6,-53.4,0.000,0.000,0.000,0.00,1.000,0.000
,1799.286,UPRIGHT,0.8272,0.0000,1.0000,208.6,-53.4,0.000,0.000,0.000,0.00,1.000,0.000
,1799.291,UPRIGHT,0.8272,0.0000,1.0000,208.6,-53.4,0.000,0.000,0.000,0.00,1.000,0.000
,1799.296,UPRIGHT,0.8272,0.0000,1.0000,208.6,-53.4,0.000,0.000,0.000,0.00,1.000,0.000
,1799.301,UPRIGHT,0.8272,0.0000,1.0000,208.6,-53.4,0.000,0.000,0.000,0.00,1.000,0.000
,1799.305,UPRIGHT,0.8272,0.0000,1.0000,208.6,-53.4,0.000,0.000,0.000,0.00,1.000,0.000
,1799.310,UPRIGHT,0.8276,0.0000,1.0000,208.6,-53.4,0.000,0.000,0.000,0.00,0.904,0.000
,1799.314,UPRIGHT,0.8276,0.0000,1.0000,208.6,-53.4,0.000,0.000,0.000,0.00,1.000,0.000
,1799.319,UPRIGHT,0.8276,0.0000,1.0000,208.6,-53.4,0.000,0.000,0.000,0.00,1.000,0.000
,1799.340,UPRIGHT,0.8276,0.0000,1.0000,208.6,-53.4,0.000,0.000,0.000,0.00,1.000,0.000
,1799.344,UPRIGHT,0.8276,0.0000,1.0000,208.6,-53.4,0.000,0.000,0.000,0.00,1.000,0.000
,1799.349,UPRIGHT,0.8276,0.0000,1.0000,208.6,-53.4,0.000,0.000,0.000,0.00,1.000,0.000
,1799.353,UPRIGHT,0.8276,0.0000,1.0000,208.6,-53.4,0.000,0.000,0.000,0.00,1.000,0.000
,1799.357,UPRIGHT,0.8276,0.0000,1.0000,208.6,-53.4,0.000,0.000,0.000,0.00,1.000,0.000
,1799.371,UPRIGHT,0.8276,0.0000,1.0000,208.6,-53.4,0.000,0.000,0.000,0.00,1.000,0.000
,1799.375,UPRIGHT,0.8232,0.0000,1.0000,213.5,-53.4,0.000,0.000,0.000,0.00,0.647,0.000
,1799.380,UPRIGHT,0.8232,0.0000,1.0000,213.5,-53.4,0.000,0.000,0.000,0.00,1.000,0.000
,1799.386,UPRIGHT,0.8232,0.0000,1.0000,213.5,-53.4,0.000,0.000,0.000,0.00,1.000,0.000
,1799.402,UPRIGHT,0.8232,0.0000,1.0000,213.5,-53.4,0.000,0.000,0.000,0.00,1.000,0.000
,1799.408,UPRIGHT,0.8232,0.0000,1.0000,213.5,-53.4,0.000,0.000,0.000,0.00,1.000,0.000
,1799.412,UPRIGHT,0.8232,0.0000,1.0000,213.5,-53.4,0.000,0.000,0.000,0.00,1.000,0.000
,1799.417,UPRIGHT,0.8232,0.0000,1.0000,213.5,-53.4,0.000,0.000,0.000,0.00,1.000,0.000
,1799.421,UPRIGHT,0.8232,0.0000,1.0000,213.5,-53.4,0.000,0.000,0.000,0.00,1.000,0.000
,1799.425,UPRIGHT,0.8232,0.0000,1.0000,213.5,-53.4,0.000,0.000,0.000,0.00,1.000,0.000
,1799.430,UPRIGHT,0.8232,0.0000,1.0000,213.5,-53.4,0.000,0.000,0.000,0.00,1.000,0.000
,1799.434,UPRIGHT,0.8241,0.0000,1.0000,211.0,-53.4,0.000,0.000,0.000,0.00,0.927,0.000
,1799.439,UPRIGHT,0.8241,0.0000,1.0000,211.0,-53.4,0.000,0.000,0.000,0.00,1.000,0.000
,1799.443,UPRIGHT,0.8241,0.0000,1.0000,211.0,-53.4,0.000,0.000,0.000,0.00,1.000,0.000
,1799.447,UPRIGHT,0.8241,0.0000,1.0000,211.0,-53.4,0.000,0.000,0.000,0.00,1.000,0.000
,1799.451,UPRIGHT,0.8241,0.0000,1.0000,211.0,-53.4,0.000,0.000,0.000,0.00,1.000,0.000
,1799.456,UPRIGHT,0.8241,0.0000,1.0000,211.0,-53.4,0.000,0.000,0.000,0.00,1.000,0.000
,1799.460,UPRIGHT,0.8241,0.0000,1.0000,211.0,-54.6,0.000,0.000,0.000,0.00,1.000,0.000
,1799.464,UPRIGHT,0.8241,0.0000,1.0000,211.0,-55.8,0.000,0.000,0.000,0.00,1.000,0.000
,1799.469,UPRIGHT,0.8241,0.0000,1.0000,211.0,-55.8,0.000,0.000,0.000,0.00,1.000,0.000
,1799.480,UPRIGHT,0.8241,0.0000,1.0000,211.0,-55.8,0.000,0.000,0.000,0.00,1.000,0.000
,1799.484,UPRIGHT,0.8241,0.0000,1.0000,211.0,-55.8,0.000,0.000,0.000,0.00,1.000,0.000
,1799.488,UPRIGHT,0.8241,0.0000,1.0000,211.0,-55.8,0.000,0.000,0.000,0.00,1.000,0.000
,1799.493,UPRIGHT,0.8241,0.0000,1.0000,211.0,-55.8,0.000,0.000,0.000,0.00,1.000,0.000
,1799.497,UPRIGHT,0.8241,0.0000,1.0000,211.0,-55.8,0.000,0.000,0.000,0.00,1.000,0.000
,1799.511,UPRIGHT,0.8241,0.0000,1.0000,211.0,-55.8,0.000,0.000,0.000,0.00,1.000,0.000
,1799.517,UPRIGHT,0.8241,0.0000,1.0000,211.0,-55.8,0.000,0.000,0.000,0.00,1.000,0.000
,1799.521,UPRIGHT,0.8241,0.0000,1.0000,211.0,-55.8,0.000,0.000,0.000,0.00,1.000,0.000
,1799.526,UPRIGHT,0.8241,0.0000,1.0000,211.0,-55.8,0.000,0.000,0.000,0.00,1.000,0.000
,1799.531,UPRIGHT,0.8241,0.0000,1.0000,211.0,-55.8,0.000,0.000,0.000,0.00,1.000,0.000
,1799.535,UPRIGHT,0.8241,0.0000,1.0000,211.0,-55.8,0.000,0.000,0.000,0.00,1.000,0.000
,1799.542,UPRIGHT,0.8241,0.0000,1.0000,211.0,-55.8,0.000,0.000,0.000,0.00,1.000,0.000
,1799.547,UPRIGHT,0.8241,0.0000,1.0000,211.0,-55.8,0.000,0.000,0.000,0.00,1.000,0.000
,1799.558,UPRIGHT,0.8241,0.0000,1.0000,211.0,-55.8,0.000,0.000,0.000,0.00,1.000,0.000
,1799.562,UPRIGHT,0.8272,0.0000,1.0000,211.0,-55.8,0.000,0.000,0.000,0.00,0.787,0.000
,1799.567,UPRIGHT,0.8272,0.0000,1.0000,211.0,-55.8,0.000,0.000,0.000,0.00,1.000,0.000
,1799.571,UPRIGHT,0.8272,0.0000,1.0000,211.0,-55.8,0.000,0.000,0.000,0.00,1.000,0.000
,1799.588,UPRIGHT,0.8272,0.0000,1.0000,211.0,-55.8,0.000,0.000,0.000,0.00,1.000,0.000
,1799.595,UPRIGHT,0.8272,0.0000,1.0000,211.0,-55.8,0.000,0.000,0.000,0.00,1.000,0.000
,1799.600,UPRIGHT,0.8272,0.0000,1.0000,211.0,-55.8,0.000,0.000,0.000,0.00,1.000,0.000
,1799.605,UPRIGHT,0.8272,0.0000,1.0000,211.0,-55.8,0.000,0.000,0.000,0.00,1.000,0.000
,1799.609,UPRIGHT,0.8272,0.0000,1.0000,211.0,-55.8,0.000,0.000,0.000,0.00,1.000,0.000
,1799.613,UPRIGHT,0.8272,0.0000,1.0000,211.0,-55.8,0.000,0.000,0.000,0.00,1.000,0.000
,1799.620,UPRIGHT,0.8320,0.0000,1.0000,208.6,-55.8,0.000,0.000,0.000,0.00,0.757,0.000
,1799.624,UPRIGHT,0.8320,0.0000,1.0000,208.6,-55.8,0.000,0.000,0.000,0.00,1.000,0.000
,1799.628,UPRIGHT,0.8320,0.0000,1.0000,208.6,-55.8,0.000,0.000,0.000,0.00,1.000,0.000
,1799.633,UPRIGHT,0.8320,0.0000,1.0000,208.6,-55.8,0.000,0.000,0.000,0.00,1.000,0.000
,1799.637,UPRIGHT,0.8320,0.0000,1.0000,208.6,-55.8,0.000,0.000,0.000,0.00,1.000,0.000
,1799.642,UPRIGHT,0.8320,0.0000,1.0000,208.6,-55.8,0.000,0.000,0.000,0.00,1.000,0.000
,1799.646,UPRIGHT,0.8320,0.0000,1.0000,208.6,-55.8,0.000,0.000,0.000,0.00,1.000,0.000
,1799.651,UPRIGHT,0.8320,0.0000,1.0000,208.6,-55.8,0.000,0.000,0.000,0.00,1.000,0.000
,1799.655,UPRIGHT,0.8320,0.0000,1.0000,208.6,-55.8,0.000,0.000,0.000,0.00,1.000,0.000
,1799.667,UPRIGHT,0.8320,0.0000,1.0000,208.6,-55.8,0.000,0.000,0.000,0.00,1.000,0.000
,1799.671,UPRIGHT,0.8320,0.0000,1.0000,208.6,-55.8,0.000,0.000,0.000,0.00,1.000,0.000
,1799.683,UPRIGHT,0.8320,0.0000,1.0000,208.6,-55.8,0.000,0.000,0.000,0.00,1.000,0.000
,1799.687,UPRIGHT,0.8307,0.0000,1.0000,211.0,-55.8,0.000,0.000,0.000,0.00,0.904,0.000
,1799.691,UPRIGHT,0.8307,0.0000,1.0000,211.0,-55.8,0.000,0.000,0.000,0.00,1.000,0.000
,1799.699,UPRIGHT,0.8307,0.0000,1.0000,211.0,-55.8,0.000,0.000,0.000,0.00,1.000,0.000
,1799.703,UPRIGHT,0.8307,0.0000,1.0000,211.0,-55.8,0.000,0.000,0.000,0.00,1.000,0.000
,1799.707,UPRIGHT,0.8307,0.0000,1.0000,211.0,-55.8,0.000,0.000,0.000,0.00,1.000,0.000
,1799.712,UPRIGHT,0.8307,0.0000,1.0000,211.0,-55.8,0.000,0.000,0.000,0.00,1.000,0.000
,1799.716,UPRIGHT,0.8307,0.0000,1.0000,211.0,-55.8,0.000,0.000,0.000,0.00,1.000,0.000
,1799.720,UPRIGHT,0.8307,0.0000,1.0000,211.0,-55.8,0.000,0.000,0.000,0.00,1.000,0.000
,1799.725,UPRIGHT,0.8307,0.0000,1.0000,211.0,-55.8,0.000,0.000,0.000,0.00,1.000,0.000
,1799.730,UPRIGHT,0.8307,0.0000,1.0000,211.0,-55.8,0.000,0.000,0.000,0.00,1.000,0.000
,1799.734,UPRIGHT,0.8307,0.0000,1.0000,211.0,-55.8,0.000,0.000,0.000,0.00,1.000,0.000
,1799.747,UPRIGHT,0.8307,0.0000,1.0000,211.0,-55.8,0.000,0.000,0.000,0.00,1.000,0.000
,1799.751,UPRIGHT,0.8307,0.0000,1.0000,211.0,-55.8,0.000,0.000,0.000,0.00,1.000,0.000
,1799.755,UPRIGHT,0.8307,0.0000,1.0000,211.0,-55.8,0.000,0.000,0.000,0.00,1.000,0.000
,1799.763,UPRIGHT,0.8307,0.0000,1.0000,211.0,-55.8,0.000,0.000,0.000,0.00,1.000,0.000
,1799.767,UPRIGHT,0.8307,0.0000,1.0000,211.0,-55.8,0.000,0.000,0.000,0.00,1.000,0.000
,1799.771,UPRIGHT,0.8307,0.0000,1.0000,211.0,-55.8,0.000,0.000,0.000,0.00,1.000,0.000
,1799.776,UPRIGHT,0.8307,0.0000,1.0000,211.0,-55.8,0.000,0.000,0.000,0.00,1.000,0.000
,1799.780,UPRIGHT,0.8307,0.0000,1.0000,211.0,-55.8,0.000,0.000,0.000,0.00,1.000,0.000
,1799.784,UPRIGHT,0.8307,0.0000,1.0000,211.0,-55.8,0.000,0.000,0.000,0.00,1.000,0.000
,1799.789,UPRIGHT,0.8307,0.0000,1.0000,211.0,-55.8,0.000,0.000,0.000,0.00,1.000,0.000
,1799.809,UPRIGHT,0.8254,0.0000,1.0000,216.0,-55.8,0.000,0.000,0.000,0.00,0.780,0.000
,1799.816,UPRIGHT,0.8254,0.0000,1.0000,216.0,-55.8,0.000,0.000,0.000,0.00,1.000,0.000
,1799.824,UPRIGHT,0.8254,0.0000,1.0000,216.0,-55.8,0.000,0.000,0.000,0.00,1.000,0.000
,1799.828,UPRIGHT,0.8254,0.0000,1.0000,216.0,-55.8,0.000,0.000,0.000,0.00,1.000,0.000
,1799.833,UPRIGHT,0.8254,0.0000,1.0000,216.0,-55.8,0.000,0.000,0.000,0.00,1.000,0.000
,1799.840,UPRIGHT,0.8254,0.0000,1.0000,216.0,-55.8,0.000,0.000,0.000,0.00,1.000,0.000
,1799.856,UPRIGHT,0.8254,0.0000,1.0000,216.0,-55.8,0.000,0.000,0.000,0.00,1.000,0.000
,1799.860,UPRIGHT,0.8254,0.0000,1.0000,216.0,-55.8,0.000,0.000,0.000,0.00,1.000,0.000
,1799.865,UPRIGHT,0.8254,0.0000,1.0000,216.0,-55.8,0.000,0.000,0.000,0.00,1.000,0.000
,1799.870,UPRIGHT,0.8254,0.0000,1.0000,216.0,-55.8,0.000,0.000,0.000,0.00,1.000,0.000
,1799.874,UPRIGHT,0.7769,0.0000,1.0000,235.6,-55.8,0.000,0.000,0.000,0.00,0.000,0.000
,1799.879,UPRIGHT,0.7769,0.0000,1.0000,235.6,-55.8,0.000,0.000,0.000,0.00,1.000,0.000
,1799.883,UPRIGHT,0.7769,0.0000,1.0000,235.6,-55.8,0.000,0.000,0.000,0.00,1.000,0.000
,1799.902,UPRIGHT,0.7769,0.0000,1.0000,235.6,-55.8,0.000,0.000,0.000,0.00,1.000,0.000
,1799.908,UPRIGHT,0.7769,0.0000,1.0000,235.6,-55.8,0.000,0.000,0.000,0.00,1.000,0.000
,1799.913,UPRIGHT,0.7769,0.0000,1.0000,235.6,-55.8,0.000,0.000,0.000,0.00,1.000,0.000
,1799.932,UPRIGHT,0.7769,0.0000,1.0000,235.6,-55.8,0.000,0.000,0.000,0.00,1.000,0.000
,1799.940,UPRIGHT,0.7716,0.0000,1.0000,245.2,-55.8,0.000,0.000,0.000,0.00,0.662,0.000
,1799.948,UPRIGHT,0.7716,0.0000,1.0000,245.2,-55.8,0.000,0.000,0.000,0.00,1.000,0.000
,1799.953,UPRIGHT,0.7716,0.0000,1.0000,245.2,-55.8,0.000,0.000,0.000,0.00,1.000,0.000
,1799.958,UPRIGHT,0.7716,0.0000,1.0000,245.2,-55.8,0.000,0.000,0.000,0.00,1.000,0.000
,1799.962,UPRIGHT,0.7716,0.0000,1.0000,245.2,-55.8,0.000,0.000,0.000,0.00,1.000,0.000
,1799.967,UPRIGHT,0.7716,0.0000,1.0000,245.2,-55.8,0.000,0.000,0.000,0.00,1.000,0.000
,1799.971,UPRIGHT,0.7716,0.0000,1.0000,245.2,-55.8,0.000,0.000,0.000,0.00,1.000,0.000
,1799.979,UPRIGHT,0.7716,0.0000,1.0000,245.2,-55.8,0.000,0.000,0.000,0.00,1.000,0.000
,1799.984,UPRIGHT,0.7716,0.0000,1.0000,245.2,-55.8,0.000,0.000,0.000,0.00,1.000,0.000
,1799.994,UPRIGHT,0.7751,0.0000,1.0000,245.2,-55.8,0.000,0.000,0.000,0.00,0.721,0.000
,1799.999,UPRIGHT,0.7751,0.0000,1.0000,245.2,-55.8,0.000,0.000,0.000,0.00,1.000,0.000
,1800.004,UPRIGHT,0.7751,0.0000,1.0000,245.2,-55.8,0.000,0.000,0.000,0.00,1.000,0.000
,1800.010,UPRIGHT,0.7751,0.0000,1.0000,245.2,-55.8,0.000,0.000,0.000,0.00,1.000,0.000
,1800.015,UPRIGHT,0.7751,0.0000,1.0000,245.2,-55.8,0.000,0.000,0.000,0.00,1.000,0.000
,1800.020,UPRIGHT,0.7751,0.0000,1.0000,245.2,-55.8,0.000,0.000,0.000,0.00,1.000,0.000
,1800.024,UPRIGHT,0.7751,0.0000,1.0000,245.2,-55.8,0.000,0.000,0.000,0.00,1.000,0.000
,1800.028,UPRIGHT,0.7751,0.0000,1.0000,245.2,-55.8,0.000,0.000,0.000,0.00,1.000,0.000
,1800.033,UPRIGHT,0.7751,0.0000,1.0000,245.2,-55.8,0.000,0.000,0.000,0.00,1.000,0.000
,1800.038,UPRIGHT,0.7751,0.0000,1.0000,245.2,-55.8,0.000,0.000,0.000,0.00,1.000,0.000
,1800.058,UPRIGHT,0.7751,0.0000,1.0000,245.2,-55.8,0.000,0.000,0.000,0.00,1.000,0.000
,1800.063,UPRIGHT,0.7751,0.0000,1.0000,245.2,-55.8,0.000,0.000,0.000,0.00,1.000,0.000
,1800.067,UPRIGHT,0.7751,0.0000,1.0000,245.2,-55.8,0.000,0.000,0.000,0.00,1.000,0.000
,1800.072,UPRIGHT,0.7751,0.0000,1.0000,245.2,-55.8,0.000,0.000,0.000,0.00,1.000,0.000
,1800.076,UPRIGHT,0.7751,0.0000,1.0000,245.2,-55.8,0.000,0.000,0.000,0.00,1.000,0.000
,1800.081,UPRIGHT,0.7751,0.0000,1.0000,245.2,-55.8,0.000,0.000,0.000,0.00,1.000,0.000
,1800.085,UPRIGHT,0.7751,0.0000,1.0000,245.2,-55.8,0.000,0.000,0.000,0.00,1.000,0.000
,1800.090,UPRIGHT,0.7751,0.0000,1.0000,245.2,-55.8,0.000,0.000,0.000,0.00,1.000,0.000
,1800.104,UPRIGHT,0.7751,0.0000,1.0000,245.2,-55.8,0.000,0.000,0.000,0.00,1.000,0.000
,1800.108,UPRIGHT,0.7751,0.0000,1.0000,245.2,-55.8,0.000,0.000,0.000,0.00,1.000,0.000
,1800.113,UPRIGHT,0.7751,0.0000,1.0000,245.2,-55.8,0.000,0.000,0.000,0.00,1.000,0.000
,1800.117,UPRIGHT,0.7751,0.0000,1.0000,245.2,-55.8,0.000,0.000,0.000,0.00,1.000,0.000
,1800.135,UPRIGHT,0.7879,0.0000,1.0000,241.9,-55.8,0.000,0.000,0.000,0.00,0.655,0.000
,1800.142,UPRIGHT,0.7879,0.0000,1.0000,241.9,-55.8,0.000,0.000,0.000,0.00,1.000,0.000
,1800.147,UPRIGHT,0.7879,0.0000,1.0000,241.9,-55.8,0.000,0.000,0.000,0.00,1.000,0.000
,1800.152,UPRIGHT,0.7879,0.0000,1.0000,241.9,-55.8,0.000,0.000,0.000,0.00,1.000,0.000
,1800.156,UPRIGHT,0.7879,0.0000,1.0000,241.9,-55.8,0.000,0.000,0.000,0.00,1.000,0.000
,1800.160,UPRIGHT,0.7879,0.0000,1.0000,241.9,-55.8,0.000,0.000,0.000,0.00,1.000,0.000
,1800.165,UPRIGHT,0.7879,0.0000,1.0000,241.9,-55.8,0.000,0.000,0.000,0.00,1.000,0.000
,1800.169,UPRIGHT,0.7879,0.0000,1.0000,241.9,-55.8,0.000,0.000,0.000,0.00,1.000,0.000
,1800.182,UPRIGHT,0.7972,0.0000,1.0000,235.6,-55.8,0.000,0.000,0.000,0.00,0.699,0.000
,1800.187,UPRIGHT,0.7972,0.0000,1.0000,235.6,-55.8,0.000,0.000,0.000,0.00,1.000,0.000
,1800.191,UPRIGHT,0.7972,0.0000,1.0000,235.6,-55.8,0.000,0.000,0.000,0.00,1.000,0.000
,1800.198,UPRIGHT,0.7972,0.0000,1.0000,235.6,-55.8,0.000,0.000,0.000,0.00,1.000,0.000
,1800.202,UPRIGHT,0.7972,0.0000,1.0000,235.6,-55.8,0.000,0.000,0.000,0.00,1.000,0.000
,1800.206,UPRIGHT,0.7972,0.0000,1.0000,235.6,-55.8,0.000,0.000,0.000,0.00,1.000,0.000
,1800.211,UPRIGHT,0.7972,0.0000,1.0000,235.6,-55.8,0.000,0.000,0.000,0.00,1.000,0.000
,1800.215,UPRIGHT,0.7972,0.0000,1.0000,235.6,-55.8,0.000,0.000,0.000,0.00,1.000,0.000
,1800.230,UPRIGHT,0.7972,0.0000,1.0000,235.6,-55.8,0.000,0.000,0.000,0.00,1.000,0.000
